version,operation,distribution,n,warmups,repetitions,median_ms,min_ms,max_ms,output_bytes
preview3,tree,ascending,1000,1,7,0.287,0.285,0.290,0
preview3,tree,descending,1000,1,7,0.372,0.367,0.375,0
preview3,tree,random,1000,1,7,0.607,0.597,0.628,0
preview3,tree,equal,1000,1,7,48.262,48.115,48.569,0
preview3,tree,duplicates,1000,1,7,4.176,4.160,4.180,0
preview3,tree,alternating,1000,1,7,12.740,12.610,14.093,0
preview3,tree,ascending,10000,1,7,8.122,8.081,8.180,0
preview3,tree,descending,10000,1,7,7.680,7.612,7.785,0
preview3,tree,random,10000,1,7,11.743,11.578,13.580,0
preview3,tree,equal,4000,1,7,937.480,919.636,950.751,0
preview3,tree,duplicates,4000,1,7,81.190,81.072,81.649,0
preview3,tree,alternating,4000,1,7,65.951,65.188,66.088,0
preview3,tree,two,4000,1,7,279.084,278.107,279.800,0
preview3,tree,eight,4000,1,7,150.976,150.682,151.058,0
preview3,tree,sixtyfour,4000,1,7,45.347,44.957,45.398,0
preview3,tree,middle,4000,1,7,1.755,1.736,1.902,0
preview3,group,random,10000,1,7,6.353,6.302,6.464,0
preview3,group,duplicates,10000,1,7,6.162,6.144,6.252,0
preview3,group,ascending,10000,1,7,5.893,5.887,5.952,0
preview3,group,descending,10000,1,7,5.922,5.890,6.163,0
preview3,group_merge,duplicates,10000,1,7,5.827,5.758,5.959,0
preview3,batch,duplicates,10000,1,7,3.674,3.667,3.751,0
preview3,batch_merge,duplicates,10000,1,7,5.814,5.782,5.987,0
preview3,sort,random,10000,1,7,0.679,0.655,1.135,0
preview3,sort,ascending,10000,1,7,0.191,0.188,0.211,0
preview3,sort,descending,10000,1,7,0.207,0.200,0.221,0
preview3,sort,duplicates,10000,1,7,0.486,0.478,0.856,0
preview3,sort,equal,10000,1,7,0.200,0.194,0.212,0
preview3,qsort,random,10000,1,7,0.645,0.634,0.658,0
preview3,qsort,duplicates,10000,1,7,0.237,0.227,0.252,0
