case,kind,operation,window,candidate_depth,position,selected_left,selected_right,left_depth,right_depth,outer_left,outer_right,before,after,generated,max_depth,next_window,status,accepted,full,alloc_calls,requested_bytes,scratch_ms,selection_ms,generation_ms,validation_ms,finish_ms,reason
priority-17-10000,research_window,54515,8,7,4,4,4,5,2,0RUb/DEq/AS8/DEq/9uf,0RUc/FCP,0RUb/DEq/AS8/DEq/CqJ/DEq,0RUc/FBd,9,8,16,0,0,0,18,1808,0.000244,0.0,0.003906,0.000732,0.000244,depth-not-better
priority-17-10000,research_window,54515,16,7,8,8,8,4,2,0RUb/DEq/AS8/DEq,0RUc/FD8,0RUb/DEq/AS8/DEq/CqJ/DEq,0RUc/FBd,17,8,32,0,0,0,34,3304,0.0,0.000732,0.006592,0.000977,0.000488,depth-not-better
priority-17-10000,research_window,54515,32,7,16,16,16,3,2,0RUb/DEq/3Qs,0RUc/FEb,0RUb/DEq/AS8/DEq/CqJ/DEq,0RUc/FBd,33,8,64,0,0,0,66,5032,0.0,0.001221,0.01123,0.001465,0.000732,depth-not-better
priority-17-10000,research_window,54515,64,7,32,32,32,2,2,0RUa/Aek,0RUc/FHZ,0RUb/DEq/AS8/DEq/CqJ/DEq,0RUc/FBd,65,7,128,0,0,0,130,7280,0.000244,0.001465,0.015869,0.001953,0.001221,depth-not-better
priority-17-10000,research_window,54515,128,7,64,64,64,2,2,0RUZ/D4j,0RUc/FQV,0RUb/DEq/AS8/DEq/CqJ/DEq,0RUc/FBd,129,8,256,0,0,0,260,16696,0.000488,0.003418,0.039307,0.00415,0.002686,depth-not-better
priority-17-10000,research_window,54515,256,7,128,128,128,3,2,0RUW/DEq/DEq,0RUc/FcM,0RUb/DEq/AS8/DEq/CqJ/DEq,0RUc/FBd,257,9,512,0,0,0,516,32648,0.000488,0.007568,0.061035,0.008545,0.004883,depth-not-better
priority-17-10000,research_window,54515,512,7,256,256,256,4,2,0RUJ/Cs6/DEq/DEq,0RUc/G54,0RUb/DEq/AS8/DEq/CqJ/DEq,0RUc/FBd,513,9,1024,0,0,0,1028,60552,0.001465,0.017334,0.121094,0.015381,0.009766,depth-not-better
priority-17-10000,research_window,54515,1024,7,517,517,507,2,0,0RTt/AS8,absent,0RUb/DEq/AS8/DEq/CqJ/DEq,0RUc/FBd,1025,8,2048,0,0,0,2052,143312,0.001221,0.036377,0.294922,0.036133,0.02002,depth-not-better
priority-17-10000,research_window,54515,2048,7,1541,1541,507,1,0,0Qdd,absent,0RUb/DEq/AS8/DEq/CqJ/DEq,0RUc/FBd,2049,8,4096,0,0,0,4100,231304,0.000488,0.096924,0.498047,0.05957,0.040283,depth-not-better
priority-17-10000,research_window,54515,4096,7,3589,3589,507,1,0,0MHe,absent,0RUb/DEq/AS8/DEq/CqJ/DEq,0RUc/FBd,4097,9,8192,0,0,0,8196,472408,0.010498,0.212158,0.95752,0.217773,0.21582,depth-not-better
priority-17-10000,research_window,54515,8192,7,7685,7685,507,4,0,0E6S/DEq/DEq/DEq,absent,0RUb/DEq/AS8/DEq/CqJ/DEq,0RUc/FBd,8193,13,15967,0,0,0,16388,1763336,0.029785,0.733154,4.054932,0.606689,0.332031,depth-not-better
priority-17-10000,research_window,54515,15967,7,15460,15460,507,0,0,absent,absent,0RUb/DEq/AS8/DEq/CqJ/DEq,0RUc/FBd,15968,3,0,0,1,1,31938,1770920,0.04834,0.993164,1.908936,0.585205,2.575928,accepted
timeline-17-10000,research_window,26702,8,7,4,4,4,7,7,0RUc/RUc/RUc/RUc/RUc/RUc/DNs,0RUc/RUc/RUc/RUc/RUc/RUc/DQX,0RUc/RUc/RUc/RUc/RUc/RUc/DPb,0RUc/RUc/RUc/RUc/RUc/RUc/DPn,9,7,16,0,0,0,18,1728,0.000244,0.000732,0.005859,0.000732,0.0,depth-not-better
timeline-17-10000,research_window,26702,16,7,8,8,8,7,7,0RUc/RUc/RUc/RUc/RUc/RUc/DN8,0RUc/RUc/RUc/RUc/RUc/RUc/DRG,0RUc/RUc/RUc/RUc/RUc/RUc/DPb,0RUc/RUc/RUc/RUc/RUc/RUc/DPn,17,7,32,0,0,0,34,3264,0.000244,0.000244,0.008057,0.001221,0.000488,depth-not-better
timeline-17-10000,research_window,26702,32,7,16,16,16,7,7,0RUc/RUc/RUc/RUc/RUc/RUc/DKd,0RUc/RUc/RUc/RUc/RUc/RUc/DSk,0RUc/RUc/RUc/RUc/RUc/RUc/DPb,0RUc/RUc/RUc/RUc/RUc/RUc/DPn,33,7,64,0,0,0,66,6336,0.000244,0.000488,0.013916,0.002197,0.000488,depth-not-better
timeline-17-10000,research_window,26702,64,7,43,43,21,6,0,0RUc/RUc/RUc/RUc/RUc/RUc,absent,0RUc/RUc/RUc/RUc/RUc/RUc/DPb,0RUc/RUc/RUc/RUc/RUc/RUc/DPn,65,8,128,0,0,0,130,12840,0.0,0.000732,0.030518,0.00415,0.001953,depth-not-better
timeline-17-10000,research_window,26702,128,7,107,107,21,6,0,0RUc/RUc/RUc/RUc/RUc/RJE,absent,0RUc/RUc/RUc/RUc/RUc/RUc/DPb,0RUc/RUc/RUc/RUc/RUc/RUc/DPn,129,9,256,0,0,0,260,28824,0.000732,0.001465,0.062256,0.008301,0.00415,depth-not-better
timeline-17-10000,research_window,26702,256,7,235,235,21,6,0,0RUc/RUc/RUc/RUc/RUc/QwK,absent,0RUc/RUc/RUc/RUc/RUc/RUc/DPb,0RUc/RUc/RUc/RUc/RUc/RUc/DPn,257,10,512,0,0,0,516,58728,0.000488,0.001953,0.164795,0.017822,0.007812,depth-not-better
timeline-17-10000,research_window,26702,512,7,491,491,21,6,0,0RUc/RUc/RUc/RUc/RUc/QCy,absent,0RUc/RUc/RUc/RUc/RUc/RUc/DPb,0RUc/RUc/RUc/RUc/RUc/RUc/DPn,513,11,1024,0,0,0,1028,120120,0.000732,0.004883,0.330322,0.036865,0.011475,depth-not-better
timeline-17-10000,research_window,26702,1024,7,1003,1003,21,6,0,0RUc/RUc/RUc/RUc/RUc/Nju,absent,0RUc/RUc/RUc/RUc/RUc/RUc/DPb,0RUc/RUc/RUc/RUc/RUc/RUc/DPn,1025,12,2048,0,0,0,2052,245032,0.001953,0.014893,0.489502,0.074707,0.02124,depth-not-better
timeline-17-10000,research_window,26702,2048,7,2027,2027,21,6,0,0RUc/RUc/RUc/RUc/RUc/Jq8,absent,0RUc/RUc/RUc/RUc/RUc/RUc/DPb,0RUc/RUc/RUc/RUc/RUc/RUc/DPn,2049,13,4096,0,0,0,4100,497224,0.007568,0.043701,1.005615,0.15332,0.040527,depth-not-better
timeline-17-10000,research_window,26702,4096,7,4075,4075,21,5,0,0RUc/RUc/RUc/RUc/REp,absent,0RUc/RUc/RUc/RUc/RUc/RUc/DPb,0RUc/RUc/RUc/RUc/RUc/RUc/DPn,4097,13,8192,0,0,0,8196,923208,0.001221,0.126709,1.814697,0.279297,0.141602,depth-not-better
timeline-17-10000,research_window,26702,8192,7,8171,8171,21,4,0,0RUc/RUc/RUc/Qhw,absent,0RUc/RUc/RUc/RUc/RUc/RUc/DPb,0RUc/RUc/RUc/RUc/RUc/RUc/DPn,8193,13,16384,0,0,0,16388,1763336,0.019531,0.256104,3.933594,0.461426,0.265137,depth-not-better
timeline-17-10000,research_window,26702,16384,7,16363,16363,21,2,0,0RUc/PDq,absent,0RUc/RUc/RUc/RUc/RUc/RUc/DPb,0RUc/RUc/RUc/RUc/RUc/RUc/DPn,16385,12,31367,0,0,0,32772,2441312,0.051025,0.61377,5.4646,2.577148,0.878174,depth-not-better
timeline-17-10000,research_window,26702,31367,7,31346,31346,21,0,0,absent,absent,0RUc/RUc/RUc/RUc/RUc/RUc/DPb,0RUc/RUc/RUc/RUc/RUc/RUc/DPn,31368,4,0,0,1,1,62738,3914568,0.059814,2.637939,4.301025,6.489746,15.805908,accepted
timeline-17-10000,research_window,51148,8,7,4,4,4,7,7,0RUc/RUc/RUc/RUc/RUc/RUc/DGs,0RUc/RUc/RUc/RUc/RUc/RUc/DJX,0RUc/RUc/RUc/RUc/RUc/RUc/DHb,0RUc/RUc/RUc/RUc/RUc/RUc/DHn,9,7,16,0,0,0,18,1728,0.000244,0.000244,0.005127,0.000732,0.000244,depth-not-better
timeline-17-10000,research_window,51148,16,7,8,8,8,7,7,0RUc/RUc/RUc/RUc/RUc/RUc/DG8,0RUc/RUc/RUc/RUc/RUc/RUc/DKG,0RUc/RUc/RUc/RUc/RUc/RUc/DHb,0RUc/RUc/RUc/RUc/RUc/RUc/DHn,17,7,32,0,0,0,34,3264,0.0,0.000488,0.00708,0.001221,0.000488,depth-not-better
timeline-17-10000,research_window,51148,32,7,19,19,13,6,0,0RUc/RUc/RUc/RUc/RUc/RU8,absent,0RUc/RUc/RUc/RUc/RUc/RUc/DHb,0RUc/RUc/RUc/RUc/RUc/RUc/DHn,33,7,64,0,0,0,66,6528,0.0,0.000732,0.011475,0.001953,0.000488,depth-not-better
timeline-17-10000,research_window,51148,64,7,51,51,13,6,0,0RUc/RUc/RUc/RUc/RUc/RPJ,absent,0RUc/RUc/RUc/RUc/RUc/RUc/DHb,0RUc/RUc/RUc/RUc/RUc/RUc/DHn,65,8,128,0,0,0,130,13200,0.000244,0.000977,0.023193,0.003906,0.001221,depth-not-better
timeline-17-10000,research_window,51148,128,7,115,115,13,6,0,0RUc/RUc/RUc/RUc/RUc/RCD,absent,0RUc/RUc/RUc/RUc/RUc/RUc/DHb,0RUc/RUc/RUc/RUc/RUc/RUc/DHn,129,9,256,0,0,0,260,28824,0.001221,0.001465,0.049316,0.008301,0.003418,depth-not-better
timeline-17-10000,research_window,51148,256,7,243,243,13,6,0,0RUc/RUc/RUc/RUc/RUc/Qrb,absent,0RUc/RUc/RUc/RUc/RUc/RUc/DHb,0RUc/RUc/RUc/RUc/RUc/RUc/DHn,257,10,512,0,0,0,516,58728,0.000488,0.002197,0.103271,0.017334,0.005127,depth-not-better
timeline-17-10000,research_window,51148,512,7,499,499,13,6,0,0RUc/RUc/RUc/RUc/RUc/Q8u,absent,0RUc/RUc/RUc/RUc/RUc/RUc/DHb,0RUc/RUc/RUc/RUc/RUc/RUc/DHn,513,11,1024,0,0,0,1028,120120,0.000977,0.003906,0.214355,0.036377,0.008789,depth-not-better
timeline-17-10000,research_window,51148,1024,7,1011,1011,13,6,0,0RUc/RUc/RUc/RUc/RUc/Ngs,absent,0RUc/RUc/RUc/RUc/RUc/RUc/DHb,0RUc/RUc/RUc/RUc/RUc/RUc/DHn,1025,12,2048,0,0,0,2052,245032,0.004395,0.01123,0.430176,0.07373,0.018066,depth-not-better
timeline-17-10000,research_window,51148,2048,7,2035,2035,13,6,0,0RUc/RUc/RUc/RUc/RUc/JnT,absent,0RUc/RUc/RUc/RUc/RUc/RUc/DHb,0RUc/RUc/RUc/RUc/RUc/RUc/DHn,2049,13,4096,0,0,0,4100,497224,0.004883,0.028809,0.88623,0.147705,0.036865,depth-not-better
timeline-17-10000,research_window,51148,4096,7,4083,4083,13,5,0,0RUc/RUc/RUc/RUc/R5G,absent,0RUc/RUc/RUc/RUc/RUc/RUc/DHb,0RUc/RUc/RUc/RUc/RUc/RUc/DHn,4097,13,8192,0,0,0,8196,923208,0.001465,0.062256,1.781738,0.288086,0.083008,depth-not-better
timeline-17-10000,research_window,51148,8192,7,8179,8179,13,4,0,0RUc/RUc/RUc/QT8,absent,0RUc/RUc/RUc/RUc/RUc/RUc/DHb,0RUc/RUc/RUc/RUc/RUc/RUc/DHn,8193,13,16384,0,0,0,16388,1763336,0.020264,0.17334,3.033936,0.464355,0.171875,depth-not-better
timeline-17-10000,research_window,51148,16384,7,16371,16371,13,2,0,0RUc/PFV,absent,0RUc/RUc/RUc/RUc/RUc/RUc/DHb,0RUc/RUc/RUc/RUc/RUc/RUc/DHn,16385,12,32768,0,0,0,32772,2441312,0.000977,0.389648,4.60083,0.638184,0.548096,depth-not-better
timeline-17-10000,research_window,51148,32768,7,32755,32755,13,3,0,0FKC/8eb/7qd,absent,0RUc/RUc/RUc/RUc/RUc/RUc/DHb,0RUc/RUc/RUc/RUc/RUc/RUc/DHn,32769,14,50845,0,0,0,65540,5645560,0.056396,0.895264,11.581055,2.088623,0.970459,depth-not-better
timeline-17-10000,research_window,51148,50845,7,50832,50832,13,0,0,absent,absent,0RUc/RUc/RUc/RUc/RUc/RUc/DHb,0RUc/RUc/RUc/RUc/RUc/RUc/DHn,50846,4,0,0,1,1,101694,6719400,0.07959,1.980957,6.316162,3.392578,10.245117,accepted
timeline-17-10000,research_window,80269,8,7,4,4,4,7,7,0RUc/RUc/RUc/RUc/RUc/RUc/DJM,0RUc/RUc/RUc/RUc/RUc/RUc/DM2,0RUc/RUc/RUc/RUc/RUc/RUc/DK6,0RUc/RUc/RUc/RUc/RUc/RUc/DKG,9,7,16,0,0,0,18,1728,0.000244,0.000244,0.005127,0.000732,0.000244,depth-not-better
timeline-17-10000,research_window,80269,16,7,8,8,8,7,7,0RUc/RUc/RUc/RUc/RUc/RUc/DHb,0RUc/RUc/RUc/RUc/RUc/RUc/DMk,0RUc/RUc/RUc/RUc/RUc/RUc/DK6,0RUc/RUc/RUc/RUc/RUc/RUc/DKG,17,7,32,0,0,0,34,3264,0.0,0.000488,0.00708,0.001221,0.000244,depth-not-better
timeline-17-10000,research_window,80269,32,7,16,16,16,7,7,0RUc/RUc/RUc/RUc/RUc/RUc/DG8,0RUc/RUc/RUc/RUc/RUc/RUc/DPE,0RUc/RUc/RUc/RUc/RUc/RUc/DK6,0RUc/RUc/RUc/RUc/RUc/RUc/DKG,33,7,64,0,0,0,66,6336,0.000244,0.000244,0.013428,0.001953,0.000732,depth-not-better
timeline-17-10000,research_window,80269,64,7,32,32,32,6,7,0RUc/RUc/RUc/RUc/RUc/RTC,0RUc/RUc/RUc/RUc/RUc/RUc/DSC,0RUc/RUc/RUc/RUc/RUc/RUc/DK6,0RUc/RUc/RUc/RUc/RUc/RUc/DKG,65,7,128,0,0,0,130,12528,0.0,0.000488,0.024902,0.003662,0.001221,depth-not-better
timeline-17-10000,research_window,80269,128,7,91,91,37,6,0,0RUc/RUc/RUc/RUc/RUc/RH8,absent,0RUc/RUc/RUc/RUc/RUc/RUc/DK6,0RUc/RUc/RUc/RUc/RUc/RUc/DKG,129,9,256,0,0,0,260,28824,0.000977,0.001465,0.05957,0.008301,0.00415,depth-not-better
timeline-17-10000,research_window,80269,256,7,219,219,37,6,0,0RUc/RUc/RUc/RUc/RUc/Qwb,absent,0RUc/RUc/RUc/RUc/RUc/RUc/DK6,0RUc/RUc/RUc/RUc/RUc/RUc/DKG,257,10,512,0,0,0,516,58728,0.000732,0.002686,0.107178,0.017334,0.005615,depth-not-better
timeline-17-10000,research_window,80269,512,7,475,475,37,6,0,0RUc/RUc/RUc/RUc/RUc/QCn,absent,0RUc/RUc/RUc/RUc/RUc/RUc/DK6,0RUc/RUc/RUc/RUc/RUc/RUc/DKG,513,11,1024,0,0,0,1028,120120,0.002686,0.006348,0.234619,0.036133,0.009277,depth-not-better
timeline-17-10000,research_window,80269,1024,7,987,987,37,6,0,0RUc/RUc/RUc/RUc/RUc/NmP,absent,0RUc/RUc/RUc/RUc/RUc/RUc/DK6,0RUc/RUc/RUc/RUc/RUc/RUc/DKG,1025,12,2048,0,0,0,2052,245032,0.002441,0.015137,0.46167,0.073242,0.018066,depth-not-better
timeline-17-10000,research_window,80269,2048,7,2011,2011,37,6,0,0RUc/RUc/RUc/RUc/RUc/Jv3,absent,0RUc/RUc/RUc/RUc/RUc/RUc/DK6,0RUc/RUc/RUc/RUc/RUc/RUc/DKG,2049,13,4096,0,0,0,4100,497224,0.004883,0.028564,0.881592,0.146729,0.037598,depth-not-better
timeline-17-10000,research_window,80269,4096,7,4059,4059,37,5,0,0RUc/RUc/RUc/RUc/RPV,absent,0RUc/RUc/RUc/RUc/RUc/RUc/DK6,0RUc/RUc/RUc/RUc/RUc/RUc/DKG,4097,13,8192,0,0,0,8196,923208,0.010498,0.078613,1.890869,0.393799,0.101318,depth-not-better
timeline-17-10000,research_window,80269,8192,7,8155,8155,37,4,0,0RUc/RUc/RUc/QxA,absent,0RUc/RUc/RUc/RUc/RUc/RUc/DK6,0RUc/RUc/RUc/RUc/RUc/RUc/DKG,8193,13,16384,0,0,0,16388,1763336,0.020508,0.185303,3.024414,0.492188,0.176514,depth-not-better
timeline-17-10000,research_window,80269,16384,7,16347,16347,37,2,0,0RUc/Pdb,absent,0RUc/RUc/RUc/RUc/RUc/RUc/DK6,0RUc/RUc/RUc/RUc/RUc/RUc/DKG,16385,12,32768,0,0,0,32772,2441312,0.036621,0.435547,4.526611,0.77002,0.400146,depth-not-better
timeline-17-10000,research_window,80269,32768,7,32731,32731,37,3,0,0MJt/FKC/8eb,absent,0RUc/RUc/RUc/RUc/RUc/RUc/DK6,0RUc/RUc/RUc/RUc/RUc/RUc/DKG,32769,14,65536,0,0,0,65540,5645560,0.002197,0.933594,11.796875,2.606934,1.026367,depth-not-better
timeline-17-10000,research_window,80269,65536,7,65499,65499,37,3,0,06Ak/AKV/Jdz,absent,0RUc/RUc/RUc/RUc/RUc/RUc/DK6,0RUc/RUc/RUc/RUc/RUc/RUc/DKG,65537,15,74084,0,0,0,131076,11313208,0.107178,2.926025,22.655762,5.768066,2.578857,depth-not-better
timeline-17-10000,research_window,80269,74084,7,74047,74047,37,0,0,absent,absent,0RUc/RUc/RUc/RUc/RUc/RUc/DK6,0RUc/RUc/RUc/RUc/RUc/RUc/DKG,74085,4,0,0,1,1,148172,10065816,0.102051,4.499512,9.456055,4.979248,15.77002,accepted
timeline-17-100000,research_window,13783,8,7,6,6,2,6,0,0RUc/RUc/RUc/RUc/RUc/RUJ,absent,0RUc/RUc/RUc/RUc/RUc/RUc/DFP,0RUc/RUc/RUc/RUc/RUc/RUc/DFZ,9,7,16,0,0,0,18,1752,0.000244,0.000244,0.003906,0.000732,0.000732,depth-not-better
timeline-17-100000,research_window,13783,16,7,14,14,2,6,0,0RUc/RUc/RUc/RUc/RUc/RSq,absent,0RUc/RUc/RUc/RUc/RUc/RUc/DFP,0RUc/RUc/RUc/RUc/RUc/RUc/DFZ,17,7,32,0,0,0,34,3288,0.0,0.000244,0.005615,0.001221,0.000244,depth-not-better
timeline-17-100000,research_window,13783,32,7,30,30,2,6,0,0RUc/RUc/RUc/RUc/RUc/RQ4,absent,0RUc/RUc/RUc/RUc/RUc/RUc/DFP,0RUc/RUc/RUc/RUc/RUc/RUc/DFZ,33,7,64,0,0,0,66,6504,0.000244,0.000244,0.012207,0.001953,0.000977,depth-not-better
timeline-17-100000,research_window,13783,64,7,62,62,2,6,0,0RUc/RUc/RUc/RUc/RUc/RHJ,absent,0RUc/RUc/RUc/RUc/RUc/RUc/DFP,0RUc/RUc/RUc/RUc/RUc/RUc/DFZ,65,8,128,0,0,0,130,13200,0.0,0.000732,0.024902,0.003906,0.001953,depth-not-better
timeline-17-100000,research_window,13783,128,7,126,126,2,6,0,0RUc/RUc/RUc/RUc/RUc/R6k,absent,0RUc/RUc/RUc/RUc/RUc/RUc/DFP,0RUc/RUc/RUc/RUc/RUc/RUc/DFZ,129,9,256,0,0,0,260,28824,0.000244,0.001465,0.051025,0.008301,0.003906,depth-not-better
timeline-17-100000,research_window,13783,256,7,254,254,2,6,0,0RUc/RUc/RUc/RUc/RUc/Qjf,absent,0RUc/RUc/RUc/RUc/RUc/RUc/DFP,0RUc/RUc/RUc/RUc/RUc/RUc/DFZ,257,10,512,0,0,0,516,58728,0.000488,0.002441,0.10376,0.017334,0.006836,depth-not-better
timeline-17-100000,research_window,13783,512,7,510,510,2,6,0,0RUc/RUc/RUc/RUc/RUc/Q2b,absent,0RUc/RUc/RUc/RUc/RUc/RUc/DFP,0RUc/RUc/RUc/RUc/RUc/RUc/DFZ,513,11,1024,0,0,0,1028,120120,0.000244,0.004883,0.291016,0.036621,0.010986,depth-not-better
timeline-17-100000,research_window,13783,1024,7,1022,1022,2,6,0,0RUc/RUc/RUc/RUc/RUc/NWx,absent,0RUc/RUc/RUc/RUc/RUc/RUc/DFP,0RUc/RUc/RUc/RUc/RUc/RUc/DFZ,1025,12,2048,0,0,0,2052,245032,0.002197,0.009277,0.485107,0.074219,0.021484,depth-not-better
timeline-17-100000,research_window,13783,2048,7,2046,2046,2,6,0,0RUc/RUc/RUc/RUc/RUc/Jds,absent,0RUc/RUc/RUc/RUc/RUc/RUc/DFP,0RUc/RUc/RUc/RUc/RUc/RUc/DFZ,2049,13,4096,0,0,0,4100,497224,0.000488,0.023438,0.888672,0.147949,0.038574,depth-not-better
timeline-17-100000,research_window,13783,4096,7,4094,4094,2,5,0,0RUc/RUc/RUc/RUc/RBZ,absent,0RUc/RUc/RUc/RUc/RUc/RUc/DFP,0RUc/RUc/RUc/RUc/RUc/RUc/DFZ,4097,13,8192,0,0,0,8196,923208,0.000488,0.061523,1.68457,0.279053,0.081299,depth-not-better
timeline-17-100000,research_window,13783,8192,7,8190,8190,2,4,0,0RUc/RUc/RUc/Qmr,absent,0RUc/RUc/RUc/RUc/RUc/RUc/DFP,0RUc/RUc/RUc/RUc/RUc/RUc/DFZ,8193,13,16384,0,0,0,16388,1763336,0.000732,0.169678,3.150635,0.453125,0.166504,depth-not-better
timeline-17-100000,research_window,13783,16384,7,16382,16382,2,3,0,0RUc/RUc/Qbt,absent,0RUc/RUc/RUc/RUc/RUc/RUc/DFP,0RUc/RUc/RUc/RUc/RUc/RUc/DFZ,16385,13,32768,0,0,0,32772,2813288,0.001465,0.398926,5.355957,0.79248,0.473145,depth-not-better
timeline-17-100000,research_window,13783,32768,7,32766,32766,2,3,0,0RUc/RUc/Hxw,absent,0RUc/RUc/RUc/RUc/RUc/RUc/DFP,0RUc/RUc/RUc/RUc/RUc/RUc/DFZ,32769,14,65536,0,0,0,65540,5645560,0.052979,0.877686,11.623779,2.479248,1.300049,depth-not-better
timeline-17-100000,research_window,13783,65536,7,65534,65534,2,2,0,0RUc/Hty,absent,0RUc/RUc/RUc/RUc/RUc/RUc/DFP,0RUc/RUc/RUc/RUc/RUc/RUc/DFZ,65537,14,111020,0,0,0,131076,9832608,0.154297,2.523926,19.762207,3.781982,2.053223,depth-not-better
timeline-17-100000,research_window,13783,111020,7,111018,111018,2,0,0,absent,absent,0RUc/RUc/RUc/RUc/RUc/RUc/DFP,0RUc/RUc/RUc/RUc/RUc/RUc/DFZ,111021,4,0,0,1,1,222044,15384600,0.174316,5.17334,15.094727,9.639404,15.54248,accepted
timeline-17-100000,research_window,39851,8,7,4,4,4,7,7,0RUc/RUc/RUc/RUc/RUc/RUc/DHn,0RUc/RUc/RUc/RUc/RUc/RUc/DKT,0RUc/RUc/RUc/RUc/RUc/RUc/DJX,0RUc/RUc/RUc/RUc/RUc/RUc/DJh,9,7,16,0,0,0,18,1728,0.001953,0.004395,0.017578,0.000732,0.000244,depth-not-better
timeline-17-100000,research_window,39851,16,7,11,11,5,7,0,0RUc/RUc/RUc/RUc/RUc/RUc/DGV,absent,0RUc/RUc/RUc/RUc/RUc/RUc/DJX,0RUc/RUc/RUc/RUc/RUc/RUc/DJh,17,8,32,0,0,0,34,3320,0.0,0.000488,0.010986,0.001221,0.000732,depth-not-better
timeline-17-100000,research_window,39851,32,7,27,27,5,6,0,0RUc/RUc/RUc/RUc/RUc/RTZ,absent,0RUc/RUc/RUc/RUc/RUc/RUc/DJX,0RUc/RUc/RUc/RUc/RUc/RUc/DJh,33,7,64,0,0,0,66,6504,0.000488,0.000488,0.012939,0.001953,0.000732,depth-not-better
timeline-17-100000,research_window,39851,64,7,59,59,5,6,0,0RUc/RUc/RUc/RUc/RUc/RN2,absent,0RUc/RUc/RUc/RUc/RUc/RUc/DJX,0RUc/RUc/RUc/RUc/RUc/RUc/DJh,65,8,128,0,0,0,130,13200,0.0,0.000488,0.023438,0.003906,0.001221,depth-not-better
timeline-17-100000,research_window,39851,128,7,123,123,5,6,0,0RUc/RUc/RUc/RUc/RUc/RBP,absent,0RUc/RUc/RUc/RUc/RUc/RUc/DJX,0RUc/RUc/RUc/RUc/RUc/RUc/DJh,129,9,256,0,0,0,260,28824,0.001221,0.000977,0.051758,0.008301,0.003174,depth-not-better
timeline-17-100000,research_window,39851,256,7,251,251,5,6,0,0RUc/RUc/RUc/RUc/RUc/Qp7,absent,0RUc/RUc/RUc/RUc/RUc/RUc/DJX,0RUc/RUc/RUc/RUc/RUc/RUc/DJh,257,10,512,0,0,0,516,58728,0.000488,0.001709,0.114014,0.017578,0.004395,depth-not-better
timeline-17-100000,research_window,39851,512,7,507,507,5,6,0,0RUc/RUc/RUc/RUc/RUc/Q6s,absent,0RUc/RUc/RUc/RUc/RUc/RUc/DJX,0RUc/RUc/RUc/RUc/RUc/RUc/DJh,513,11,1024,0,0,0,1028,120120,0.000977,0.003418,0.272949,0.036377,0.01123,depth-not-better
timeline-17-100000,research_window,39851,1024,7,1019,1019,5,6,0,0RUc/RUc/RUc/RUc/RUc/Nfw,absent,0RUc/RUc/RUc/RUc/RUc/RUc/DJX,0RUc/RUc/RUc/RUc/RUc/RUc/DJh,1025,12,2048,0,0,0,2052,245032,0.002441,0.01123,0.445801,0.074219,0.018799,depth-not-better
timeline-17-100000,research_window,39851,2048,7,2043,2043,5,6,0,0RUc/RUc/RUc/RUc/RUc/JmM,absent,0RUc/RUc/RUc/RUc/RUc/RUc/DJX,0RUc/RUc/RUc/RUc/RUc/RUc/DJh,2049,13,4096,0,0,0,4100,497224,0.003418,0.036377,0.974609,0.151855,0.036865,depth-not-better
timeline-17-100000,research_window,39851,4096,7,4091,4091,5,5,0,0RUc/RUc/RUc/RUc/REA,absent,0RUc/RUc/RUc/RUc/RUc/RUc/DJX,0RUc/RUc/RUc/RUc/RUc/RUc/DJh,4097,13,8192,0,0,0,8196,923208,0.026855,0.092285,1.743652,0.301514,0.092041,depth-not-better
timeline-17-100000,research_window,39851,8192,7,8187,8187,5,4,0,0RUc/RUc/RUc/QqS,absent,0RUc/RUc/RUc/RUc/RUc/RUc/DJX,0RUc/RUc/RUc/RUc/RUc/RUc/DJh,8193,13,16384,0,0,0,16388,1763336,0.026123,0.237549,3.505371,1.94043,0.299072,depth-not-better
timeline-17-100000,research_window,39851,16384,7,16379,16379,5,2,0,0RUc/Q4G,absent,0RUc/RUc/RUc/RUc/RUc/RUc/DJX,0RUc/RUc/RUc/RUc/RUc/RUc/DJh,16385,12,32768,0,0,0,32772,2441312,0.038818,0.781494,5.457275,0.909424,0.441406,depth-not-better
timeline-17-100000,research_window,39851,32768,7,32763,32763,5,4,0,0Nyn/BzQ/AKV/9VY,absent,0RUc/RUc/RUc/RUc/RUc/RUc/DJX,0RUc/RUc/RUc/RUc/RUc/RUc/DJh,32769,15,65536,0,0,0,65540,7117208,0.005615,4.040527,19.996826,3.98877,1.979004,depth-not-better
timeline-17-100000,research_window,39851,65536,7,65531,65531,5,3,0,0FKC/Gz6/Ppj,absent,0RUc/RUc/RUc/RUc/RUc/RUc/DJX,0RUc/RUc/RUc/RUc/RUc/RUc/DJh,65537,15,131072,0,0,0,131076,11313208,0.064941,4.260498,22.69751,5.54834,2.449463,depth-not-better
timeline-17-100000,research_window,39851,131072,7,131067,131067,5,4,0,02qx/6Ak/Jdz/9VY,absent,0RUc/RUc/RUc/RUc/RUc/RUc/DJX,0RUc/RUc/RUc/RUc/RUc/RUc/DJh,131073,17,131844,0,0,0,262148,28548696,0.184326,8.242676,54.389648,15.500732,11.022217,depth-not-better
timeline-17-100000,research_window,39851,131844,7,131839,131839,5,0,0,absent,absent,0RUc/RUc/RUc/RUc/RUc/RUc/DJX,0RUc/RUc/RUc/RUc/RUc/RUc/DJh,131845,4,0,0,1,1,263692,18383256,0.182129,7.741699,17.870117,12.06543,21.99707,accepted
timeline-17-100000,research_window,65621,8,7,4,4,4,7,7,0RUc/RUc/RUc/RUc/RUc/RUc/DRT,0RUc/RUc/RUc/RUc/RUc/RUc/DT8,0RUc/RUc/RUc/RUc/RUc/RUc/DSC,0RUc/RUc/RUc/RUc/RUc/RUc/DSP,9,7,16,0,0,0,18,1728,0.000244,0.000488,0.004395,0.000977,0.0,depth-not-better
timeline-17-100000,research_window,65621,16,7,8,8,8,7,7,0RUc/RUc/RUc/RUc/RUc/RUc/DQh,0RUc/RUc/RUc/RUc/RUc/RUc/DTs,0RUc/RUc/RUc/RUc/RUc/RUc/DSC,0RUc/RUc/RUc/RUc/RUc/RUc/DSP,17,7,32,0,0,0,34,3264,0.0,0.000244,0.006592,0.000977,0.000244,depth-not-better
timeline-17-100000,research_window,65621,32,7,17,17,15,7,0,0RUc/RUc/RUc/RUc/RUc/RUc/DP4,absent,0RUc/RUc/RUc/RUc/RUc/RUc/DSC,0RUc/RUc/RUc/RUc/RUc/RUc/DSP,33,8,64,0,0,0,66,6728,0.0,0.000488,0.015137,0.002197,0.000732,depth-not-better
timeline-17-100000,research_window,65621,64,7,49,49,15,7,0,0RUc/RUc/RUc/RUc/RUc/RUc/DG8,absent,0RUc/RUc/RUc/RUc/RUc/RUc/DSC,0RUc/RUc/RUc/RUc/RUc/RUc/DSP,65,9,128,0,0,0,130,13856,0.000244,0.000732,0.02832,0.004395,0.006836,depth-not-better
timeline-17-100000,research_window,65621,128,7,113,113,15,6,0,0RUc/RUc/RUc/RUc/RUc/RJR,absent,0RUc/RUc/RUc/RUc/RUc/RUc/DSC,0RUc/RUc/RUc/RUc/RUc/RUc/DSP,129,9,256,0,0,0,260,28824,0.000732,0.001221,0.050049,0.008301,0.002686,depth-not-better
timeline-17-100000,research_window,65621,256,7,241,241,15,6,0,0RUc/RUc/RUc/RUc/RUc/QuZ,absent,0RUc/RUc/RUc/RUc/RUc/RUc/DSC,0RUc/RUc/RUc/RUc/RUc/RUc/DSP,257,10,512,0,0,0,516,58728,0.000488,0.001953,0.111816,0.017334,0.005371,depth-not-better
timeline-17-100000,research_window,65621,512,7,497,497,15,6,0,0RUc/RUc/RUc/RUc/RUc/QAP,absent,0RUc/RUc/RUc/RUc/RUc/RUc/DSC,0RUc/RUc/RUc/RUc/RUc/RUc/DSP,513,11,1024,0,0,0,1028,120120,0.000732,0.00415,0.238281,0.036377,0.009277,depth-not-better
timeline-17-100000,research_window,65621,1024,7,1009,1009,15,6,0,0RUc/RUc/RUc/RUc/RUc/NjM,absent,0RUc/RUc/RUc/RUc/RUc/RUc/DSC,0RUc/RUc/RUc/RUc/RUc/RUc/DSP,1025,12,2048,0,0,0,2052,245032,0.004395,0.014404,0.427002,0.07373,0.018066,depth-not-better
timeline-17-100000,research_window,65621,2048,7,2033,2033,15,6,0,0RUc/RUc/RUc/RUc/RUc/JpZ,absent,0RUc/RUc/RUc/RUc/RUc/RUc/DSC,0RUc/RUc/RUc/RUc/RUc/RUc/DSP,2049,13,4096,0,0,0,4100,497224,0.000488,0.028564,0.938232,0.150879,0.037598,depth-not-better
timeline-17-100000,research_window,65621,4096,7,4081,4081,15,5,0,0RUc/RUc/RUc/RUc/RAB,absent,0RUc/RUc/RUc/RUc/RUc/RUc/DSC,0RUc/RUc/RUc/RUc/RUc/RUc/DSP,4097,13,8192,0,0,0,8196,923208,0.001465,0.077148,1.83252,0.294678,0.086182,depth-not-better
timeline-17-100000,research_window,65621,8192,7,8177,8177,15,4,0,0RUc/RUc/RUc/Qgq,absent,0RUc/RUc/RUc/RUc/RUc/RUc/DSC,0RUc/RUc/RUc/RUc/RUc/RUc/DSP,8193,13,16384,0,0,0,16388,1763336,0.0271,0.289795,3.440674,0.728271,0.267822,depth-not-better
timeline-17-100000,research_window,65621,16384,7,16369,16369,15,2,0,0RUc/Pps,absent,0RUc/RUc/RUc/RUc/RUc/RUc/DSC,0RUc/RUc/RUc/RUc/RUc/RUc/DSP,16385,12,32768,0,0,0,32772,2441312,0.010986,0.939453,5.529297,1.279297,0.582275,depth-not-better
timeline-17-100000,research_window,65621,32768,7,32753,32753,15,4,0,0Nyn/KUw/6Ak/DEq,absent,0RUc/RUc/RUc/RUc/RUc/RUc/DSC,0RUc/RUc/RUc/RUc/RUc/RUc/DSP,32769,15,65536,0,0,0,65540,7117208,0.003662,1.73999,14.765137,3.397705,1.937988,depth-not-better
timeline-17-100000,research_window,65621,65536,7,65521,65521,15,4,0,0Gz6/7qd/4Vr/AS8,absent,0RUc/RUc/RUc/RUc/RUc/RUc/DSC,0RUc/RUc/RUc/RUc/RUc/RUc/DSP,65537,16,131072,0,0,0,131076,14260488,0.157471,8.448486,33.084717,12.244141,6.469482,depth-not-better
timeline-17-100000,research_window,65621,131072,7,131057,131057,15,2,0,06Ak/7qd,absent,0RUc/RUc/RUc/RUc/RUc/RUc/DSC,0RUc/RUc/RUc/RUc/RUc/RUc/DSP,131073,15,152358,0,0,0,262148,19694000,0.189453,9.10498,39.927246,13.008789,11.107178,depth-not-better
timeline-17-100000,research_window,65621,152358,7,152343,152343,15,0,0,absent,absent,0RUc/RUc/RUc/RUc/RUc/RUc/DSC,0RUc/RUc/RUc/RUc/RUc/RUc/DSP,152359,4,0,0,1,1,304720,21337272,0.21582,12.714355,20.104736,14.130615,25.470215,accepted
timeline-17-100000,research_window,91178,8,7,4,4,4,6,7,0RUc/RUc/RUc/RUc/RUc/RUY,0RUc/RUc/RUc/RUc/RUc/RUc/DQu,0RUc/RUc/RUc/RUc/RUc/RUc/DPy,0RUc/RUc/RUc/RUc/RUc/RUc/DQA,9,7,16,0,0,0,18,1824,0.0,0.000244,0.003174,0.000732,0.000244,depth-not-better
timeline-17-100000,research_window,91178,16,7,11,11,5,6,0,0RUc/RUc/RUc/RUc/RUc/RUA,absent,0RUc/RUc/RUc/RUc/RUc/RUc/DPy,0RUc/RUc/RUc/RUc/RUc/RUc/DQA,17,7,32,0,0,0,34,3312,0.0,0.000244,0.005371,0.000977,0.000244,depth-not-better
timeline-17-100000,research_window,91178,32,7,27,27,5,6,0,0RUc/RUc/RUc/RUc/RUc/RTE,absent,0RUc/RUc/RUc/RUc/RUc/RUc/DPy,0RUc/RUc/RUc/RUc/RUc/RUc/DQA,33,7,64,0,0,0,66,6504,0.0,0.000244,0.010254,0.001953,0.000732,depth-not-better
timeline-17-100000,research_window,91178,64,7,59,59,5,6,0,0RUc/RUc/RUc/RUc/RUc/RRU,absent,0RUc/RUc/RUc/RUc/RUc/RUc/DPy,0RUc/RUc/RUc/RUc/RUc/RUc/DQA,65,8,128,0,0,0,130,13200,0.0,0.000488,0.023926,0.003662,0.001465,depth-not-better
timeline-17-100000,research_window,91178,128,7,123,123,5,6,0,0RUc/RUc/RUc/RUc/RUc/RFq,absent,0RUc/RUc/RUc/RUc/RUc/RUc/DPy,0RUc/RUc/RUc/RUc/RUc/RUc/DQA,129,9,256,0,0,0,260,28824,0.000732,0.001221,0.050781,0.008301,0.00293,depth-not-better
timeline-17-100000,research_window,91178,256,7,251,251,5,6,0,0RUc/RUc/RUc/RUc/RUc/QuC,absent,0RUc/RUc/RUc/RUc/RUc/RUc/DPy,0RUc/RUc/RUc/RUc/RUc/RUc/DQA,257,10,512,0,0,0,516,58728,0.000244,0.001953,0.107666,0.017334,0.005859,depth-not-better
timeline-17-100000,research_window,91178,512,7,507,507,5,6,0,0RUc/RUc/RUc/RUc/RUc/QBV,absent,0RUc/RUc/RUc/RUc/RUc/RUc/DPy,0RUc/RUc/RUc/RUc/RUc/RUc/DQA,513,11,1024,0,0,0,1028,120120,0.000977,0.004883,0.212402,0.035889,0.009521,depth-not-better
timeline-17-100000,research_window,91178,1024,7,1019,1019,5,6,0,0RUc/RUc/RUc/RUc/RUc/Ngm,absent,0RUc/RUc/RUc/RUc/RUc/RUc/DPy,0RUc/RUc/RUc/RUc/RUc/RUc/DQA,1025,12,2048,0,0,0,2052,245032,0.003906,0.016846,0.463867,0.075195,0.02124,depth-not-better
timeline-17-100000,research_window,91178,2048,7,2043,2043,5,6,0,0RUc/RUc/RUc/RUc/RUc/Jjs,absent,0RUc/RUc/RUc/RUc/RUc/RUc/DPy,0RUc/RUc/RUc/RUc/RUc/RUc/DQA,2049,13,4096,0,0,0,4100,497224,0.001465,0.049561,0.902832,0.147217,0.036377,depth-not-better
timeline-17-100000,research_window,91178,4096,7,4091,4091,5,5,0,0RUc/RUc/RUc/RUc/RD4,absent,0RUc/RUc/RUc/RUc/RUc/RUc/DPy,0RUc/RUc/RUc/RUc/RUc/RUc/DQA,4097,13,8192,0,0,0,8196,923208,0.010986,0.101074,1.659912,0.275635,0.080566,depth-not-better
timeline-17-100000,research_window,91178,8192,7,8187,8187,5,4,0,0RUc/RUc/RUc/QgB,absent,0RUc/RUc/RUc/RUc/RUc/RUc/DPy,0RUc/RUc/RUc/RUc/RUc/RUc/DQA,8193,13,16384,0,0,0,16388,1763336,0.019775,0.234863,3.040039,0.521484,0.196533,depth-not-better
timeline-17-100000,research_window,91178,16384,7,16379,16379,5,2,0,0RUc/PxT,absent,0RUc/RUc/RUc/RUc/RUc/RUc/DPy,0RUc/RUc/RUc/RUc/RUc/RUc/DQA,16385,12,32768,0,0,0,32772,2441312,0.008789,0.445557,5.543457,2.42749,1.358154,depth-not-better
timeline-17-100000,research_window,91178,32768,7,32763,32763,5,4,0,0Ppj/3eu/Hq3/AS8,absent,0RUc/RUc/RUc/RUc/RUc/RUc/DPy,0RUc/RUc/RUc/RUc/RUc/RUc/DQA,32769,15,65536,0,0,0,65540,7117208,0.136963,2.931396,14.138428,4.115723,1.746826,depth-not-better
timeline-17-100000,research_window,91178,65536,7,65531,65531,5,4,0,0Hq3/BAS/Jdz/7cR,absent,0RUc/RUc/RUc/RUc/RUc/RUc/DPy,0RUc/RUc/RUc/RUc/RUc/RUc/DQA,65537,16,131072,0,0,0,131076,14260488,0.100098,16.92334,34.182373,10.374268,5.056641,depth-not-better
timeline-17-100000,research_window,91178,131072,7,131067,131067,5,4,0,08eb/6Ak/8eb/Gz6,absent,0RUc/RUc/RUc/RUc/RUc/RUc/DPy,0RUc/RUc/RUc/RUc/RUc/RUc/DQA,131073,17,172867,0,0,0,262148,28548696,0.188721,9.593018,57.269775,16.226318,10.339111,depth-not-better
timeline-17-100000,research_window,91178,172867,7,172862,172862,5,0,0,absent,absent,0RUc/RUc/RUc/RUc/RUc/RUc/DPy,0RUc/RUc/RUc/RUc/RUc/RUc/DQA,172868,4,0,0,1,1,345738,24290568,0.234131,11.465332,23.690186,17.246826,31.515381,accepted
timeline-3512641005-10000,research_window,26789,8,7,4,4,4,7,7,0RUc/RUc/RUc/RUc/RUc/RUc/DFw,0RUc/RUc/RUc/RUc/RUc/RUc/DHb,0RUc/RUc/RUc/RUc/RUc/RUc/DGf,0RUc/RUc/RUc/RUc/RUc/RUc/DGs,9,7,16,0,0,0,18,1728,0.0,0.000488,0.003418,0.000732,0.000244,depth-not-better
timeline-3512641005-10000,research_window,26789,16,7,8,8,8,7,7,0RUc/RUc/RUc/RUc/RUc/RUc/DFC,0RUc/RUc/RUc/RUc/RUc/RUc/DJM,0RUc/RUc/RUc/RUc/RUc/RUc/DGf,0RUc/RUc/RUc/RUc/RUc/RUc/DGs,17,7,32,0,0,0,34,3264,0.0,0.000244,0.006348,0.001221,0.000244,depth-not-better
timeline-3512641005-10000,research_window,26789,32,7,23,23,9,6,0,0RUc/RUc/RUc/RUc/RUc/RSd,absent,0RUc/RUc/RUc/RUc/RUc/RUc/DGf,0RUc/RUc/RUc/RUc/RUc/RUc/DGs,33,7,64,0,0,0,66,6504,0.000244,0.000732,0.012207,0.001953,0.000977,depth-not-better
timeline-3512641005-10000,research_window,26789,64,7,55,55,9,6,0,0RUc/RUc/RUc/RUc/RUc/RMG,absent,0RUc/RUc/RUc/RUc/RUc/RUc/DGf,0RUc/RUc/RUc/RUc/RUc/RUc/DGs,65,8,128,0,0,0,130,13200,0.0,0.000977,0.025146,0.003906,0.002441,depth-not-better
timeline-3512641005-10000,research_window,26789,128,7,119,119,9,6,0,0RUc/RUc/RUc/RUc/RUc/R9X,absent,0RUc/RUc/RUc/RUc/RUc/RUc/DGf,0RUc/RUc/RUc/RUc/RUc/RUc/DGs,129,9,256,0,0,0,260,28824,0.000244,0.000977,0.051514,0.008301,0.004883,depth-not-better
timeline-3512641005-10000,research_window,26789,256,7,247,247,9,6,0,0RUc/RUc/RUc/RUc/RUc/Qmu,absent,0RUc/RUc/RUc/RUc/RUc/RUc/DGf,0RUc/RUc/RUc/RUc/RUc/RUc/DGs,257,10,512,0,0,0,516,58728,0.000488,0.001953,0.108398,0.017578,0.009277,depth-not-better
timeline-3512641005-10000,research_window,26789,512,7,503,503,9,6,0,0RUc/RUc/RUc/RUc/RUc/Q46,absent,0RUc/RUc/RUc/RUc/RUc/RUc/DGf,0RUc/RUc/RUc/RUc/RUc/RUc/DGs,513,11,1024,0,0,0,1028,120120,0.000488,0.004639,0.31958,0.036621,0.016846,depth-not-better
timeline-3512641005-10000,research_window,26789,1024,7,1015,1015,9,6,0,0RUc/RUc/RUc/RUc/RUc/NdM,absent,0RUc/RUc/RUc/RUc/RUc/RUc/DGf,0RUc/RUc/RUc/RUc/RUc/RUc/DGs,1025,12,2048,0,0,0,2052,245032,0.000488,0.01123,0.463379,0.074463,0.023193,depth-not-better
timeline-3512641005-10000,research_window,26789,2048,7,2039,2039,9,6,0,0RUc/RUc/RUc/RUc/RUc/Jgd,absent,0RUc/RUc/RUc/RUc/RUc/RUc/DGf,0RUc/RUc/RUc/RUc/RUc/RUc/DGs,2049,13,4096,0,0,0,4100,497224,0.006104,0.020996,0.932129,0.149658,0.039062,depth-not-better
timeline-3512641005-10000,research_window,26789,4096,7,4087,4087,9,5,0,0RUc/RUc/RUc/RUc/RCf,absent,0RUc/RUc/RUc/RUc/RUc/RUc/DGf,0RUc/RUc/RUc/RUc/RUc/RUc/DGs,4097,13,8192,0,0,0,8196,923208,0.000488,0.053955,1.720459,0.265381,0.125977,depth-not-better
timeline-3512641005-10000,research_window,26789,8192,7,8183,8183,9,4,0,0RUc/RUc/RUc/Qkb,absent,0RUc/RUc/RUc/RUc/RUc/RUc/DGf,0RUc/RUc/RUc/RUc/RUc/RUc/DGs,8193,13,16384,0,0,0,16388,1763336,0.017578,0.121582,3.343994,0.499023,0.265381,depth-not-better
timeline-3512641005-10000,research_window,26789,16384,7,16375,16375,9,2,0,0RUc/PCh,absent,0RUc/RUc/RUc/RUc/RUc/RUc/DGf,0RUc/RUc/RUc/RUc/RUc/RUc/DGs,16385,12,31306,0,0,0,32772,2441312,0.035156,0.263672,5.040283,0.669434,0.455078,depth-not-better
timeline-3512641005-10000,research_window,26789,31306,7,31297,31297,9,0,0,absent,absent,0RUc/RUc/RUc/RUc/RUc/RUc/DGf,0RUc/RUc/RUc/RUc/RUc/RUc/DGs,31307,4,0,0,1,1,62616,3905784,0.053467,0.744629,3.787842,1.062988,2.995117,accepted
timeline-3512641005-10000,research_window,51354,8,7,4,4,4,6,7,0RUc/RUc/RUc/RUc/RUc/RUZ,0RUc/RUc/RUc/RUc/RUc/RUc/DMw,0RUc/RUc/RUc/RUc/RUc/RUc/DM2,0RUc/RUc/RUc/RUc/RUc/RUc/DMC,9,8,16,0,0,0,18,1856,0.0,0.0,0.00415,0.000732,0.001465,depth-not-better
timeline-3512641005-10000,research_window,51354,16,7,8,8,8,6,7,0RUc/RUc/RUc/RUc/RUc/RUR,0RUc/RUc/RUc/RUc/RUc/RUc/DNf,0RUc/RUc/RUc/RUc/RUc/RUc/DM2,0RUc/RUc/RUc/RUc/RUc/RUc/DMC,17,7,32,0,0,0,34,3384,0.0,0.000244,0.006104,0.000977,0.000488,depth-not-better
timeline-3512641005-10000,research_window,51354,32,7,16,16,16,6,7,0RUc/RUc/RUc/RUc/RUc/RUB,0RUc/RUc/RUc/RUc/RUc/RUc/DQA,0RUc/RUc/RUc/RUc/RUc/RUc/DM2,0RUc/RUc/RUc/RUc/RUc/RUc/DMC,33,7,64,0,0,0,66,6528,0.0,0.000488,0.012207,0.002197,0.000488,depth-not-better
timeline-3512641005-10000,research_window,51354,64,7,32,32,32,6,7,0RUc/RUc/RUc/RUc/RUc/RTd,0RUc/RUc/RUc/RUc/RUc/RUc/DT8,0RUc/RUc/RUc/RUc/RUc/RUc/DM2,0RUc/RUc/RUc/RUc/RUc/RUc/DMC,65,7,128,0,0,0,130,12744,0.000244,0.000488,0.02417,0.003662,0.001221,depth-not-better
timeline-3512641005-10000,research_window,51354,128,7,90,90,38,6,0,0RUc/RUc/RUc/RUc/RUc/RJR,absent,0RUc/RUc/RUc/RUc/RUc/RUc/DM2,0RUc/RUc/RUc/RUc/RUc/RUc/DMC,129,9,256,0,0,0,260,28824,0.000732,0.001465,0.053955,0.008301,0.00293,depth-not-better
timeline-3512641005-10000,research_window,51354,256,7,218,218,38,6,0,0RUc/RUc/RUc/RUc/RUc/QxA,absent,0RUc/RUc/RUc/RUc/RUc/RUc/DM2,0RUc/RUc/RUc/RUc/RUc/RUc/DMC,257,10,512,0,0,0,516,58728,0.000488,0.001953,0.104736,0.017334,0.005371,depth-not-better
timeline-3512641005-10000,research_window,51354,512,7,474,474,38,6,0,0RUc/RUc/RUc/RUc/RUc/QDF,absent,0RUc/RUc/RUc/RUc/RUc/RUc/DM2,0RUc/RUc/RUc/RUc/RUc/RUc/DMC,513,11,1024,0,0,0,1028,120120,0.000732,0.004883,0.226318,0.036865,0.009033,depth-not-better
timeline-3512641005-10000,research_window,51354,1024,7,986,986,38,6,0,0RUc/RUc/RUc/RUc/RUc/NkG,absent,0RUc/RUc/RUc/RUc/RUc/RUc/DM2,0RUc/RUc/RUc/RUc/RUc/RUc/DMC,1025,12,2048,0,0,0,2052,245032,0.004395,0.010742,0.446777,0.074951,0.018066,depth-not-better
timeline-3512641005-10000,research_window,51354,2048,7,2010,2010,38,6,0,0RUc/RUc/RUc/RUc/RUc/JtT,absent,0RUc/RUc/RUc/RUc/RUc/RUc/DM2,0RUc/RUc/RUc/RUc/RUc/RUc/DMC,2049,13,4096,0,0,0,4100,497224,0.005127,0.021729,0.889404,0.150146,0.036133,depth-not-better
timeline-3512641005-10000,research_window,51354,4096,7,4058,4058,38,5,0,0RUc/RUc/RUc/RUc/RGC,absent,0RUc/RUc/RUc/RUc/RUc/RUc/DM2,0RUc/RUc/RUc/RUc/RUc/RUc/DMC,4097,13,8192,0,0,0,8196,923208,0.000488,0.052734,1.711426,0.272461,0.077393,depth-not-better
timeline-3512641005-10000,research_window,51354,8192,7,8154,8154,38,4,0,0RUc/RUc/RUc/QqD,absent,0RUc/RUc/RUc/RUc/RUc/RUc/DM2,0RUc/RUc/RUc/RUc/RUc/RUc/DMC,8193,13,16384,0,0,0,16388,1763336,0.004395,0.156494,3.152588,0.454346,0.218994,depth-not-better
timeline-3512641005-10000,research_window,51354,16384,7,16346,16346,38,2,0,0RUc/PTn,absent,0RUc/RUc/RUc/RUc/RUc/RUc/DM2,0RUc/RUc/RUc/RUc/RUc/RUc/DMC,16385,12,32768,0,0,0,32772,2441312,0.035156,0.315186,4.890137,0.652344,0.482422,depth-not-better
timeline-3512641005-10000,research_window,51354,32768,7,32730,32730,38,3,0,0FKC/AKV/AKV,absent,0RUc/RUc/RUc/RUc/RUc/RUc/DM2,0RUc/RUc/RUc/RUc/RUc/RUc/DMC,32769,14,50869,0,0,0,65540,5645560,0.037354,0.888916,11.787598,1.700439,0.952393,depth-not-better
timeline-3512641005-10000,research_window,51354,50869,7,50831,50831,38,0,0,absent,absent,0RUc/RUc/RUc/RUc/RUc/RUc/DM2,0RUc/RUc/RUc/RUc/RUc/RUc/DMC,50870,4,0,0,1,1,101742,6722856,0.080322,1.952148,6.232422,2.242676,9.090332,accepted
timeline-3512641005-10000,research_window,80487,8,7,4,4,4,6,0,0RUc/RUc/RUc/RUc/RUc/RUJ,absent,0RUc/RUc/RUc/RUc/RUc/RUc/DF2,0RUc/RUc/RUc/RUc/RUc/RUc/DFC,9,7,16,0,0,0,18,1752,0.0,0.000244,0.005127,0.000732,0.000244,depth-not-better
timeline-3512641005-10000,research_window,80487,16,7,12,12,4,6,0,0RUc/RUc/RUc/RUc/RUc/RSq,absent,0RUc/RUc/RUc/RUc/RUc/RUc/DF2,0RUc/RUc/RUc/RUc/RUc/RUc/DFC,17,7,32,0,0,0,34,3288,0.0,0.000244,0.006836,0.001221,0.000244,depth-not-better
timeline-3512641005-10000,research_window,80487,32,7,28,28,4,6,0,0RUc/RUc/RUc/RUc/RUc/RQ4,absent,0RUc/RUc/RUc/RUc/RUc/RUc/DF2,0RUc/RUc/RUc/RUc/RUc/RUc/DFC,33,7,64,0,0,0,66,6504,0.000244,0.000488,0.011719,0.001953,0.000732,depth-not-better
timeline-3512641005-10000,research_window,80487,64,7,60,60,4,6,0,0RUc/RUc/RUc/RUc/RUc/RJR,absent,0RUc/RUc/RUc/RUc/RUc/RUc/DF2,0RUc/RUc/RUc/RUc/RUc/RUc/DFC,65,8,128,0,0,0,130,13200,0.0,0.000732,0.024902,0.003906,0.001465,depth-not-better
timeline-3512641005-10000,research_window,80487,128,7,124,124,4,6,0,0RUc/RUc/RUc/RUc/RUc/R84,absent,0RUc/RUc/RUc/RUc/RUc/RUc/DF2,0RUc/RUc/RUc/RUc/RUc/RUc/DFC,129,9,256,0,0,0,260,28824,0.001221,0.001221,0.053223,0.008301,0.002686,depth-not-better
timeline-3512641005-10000,research_window,80487,256,7,252,252,4,6,0,0RUc/RUc/RUc/RUc/RUc/Qhw,absent,0RUc/RUc/RUc/RUc/RUc/RUc/DF2,0RUc/RUc/RUc/RUc/RUc/RUc/DFC,257,10,512,0,0,0,516,58728,0.000488,0.001709,0.117188,0.017334,0.005371,depth-not-better
timeline-3512641005-10000,research_window,80487,512,7,508,508,4,6,0,0RUc/RUc/RUc/RUc/RUc/Q2y,absent,0RUc/RUc/RUc/RUc/RUc/RUc/DF2,0RUc/RUc/RUc/RUc/RUc/RUc/DFC,513,11,1024,0,0,0,1028,120120,0.002441,0.003906,0.230469,0.036377,0.013672,depth-not-better
timeline-3512641005-10000,research_window,80487,1024,7,1020,1020,4,6,0,0RUc/RUc/RUc/RUc/RUc/NbV,absent,0RUc/RUc/RUc/RUc/RUc/RUc/DF2,0RUc/RUc/RUc/RUc/RUc/RUc/DFC,1025,12,2048,0,0,0,2052,245032,0.004639,0.011963,0.456543,0.091553,0.027832,depth-not-better
timeline-3512641005-10000,research_window,80487,2048,7,2044,2044,4,6,0,0RUc/RUc/RUc/RUc/RUc/JcC,absent,0RUc/RUc/RUc/RUc/RUc/RUc/DF2,0RUc/RUc/RUc/RUc/RUc/RUc/DFC,2049,13,4096,0,0,0,4100,497224,0.009521,0.037842,0.950439,0.151611,0.042236,depth-not-better
timeline-3512641005-10000,research_window,80487,4096,7,4092,4092,4,5,0,0RUc/RUc/RUc/RUc/R6Z,absent,0RUc/RUc/RUc/RUc/RUc/RUc/DF2,0RUc/RUc/RUc/RUc/RUc/RUc/DFC,4097,13,8192,0,0,0,8196,923208,0.009521,0.074219,1.753418,0.269287,0.079102,depth-not-better
timeline-3512641005-10000,research_window,80487,8192,7,8188,8188,4,4,0,0RUc/RUc/RUc/Qq8,absent,0RUc/RUc/RUc/RUc/RUc/RUc/DF2,0RUc/RUc/RUc/RUc/RUc/RUc/DFC,8193,13,16384,0,0,0,16388,1763336,0.022217,0.186279,2.935059,0.447998,0.169922,depth-not-better
timeline-3512641005-10000,research_window,80487,16384,7,16380,16380,4,2,0,0RUc/Ptw,absent,0RUc/RUc/RUc/RUc/RUc/RUc/DF2,0RUc/RUc/RUc/RUc/RUc/RUc/DFC,16385,12,32768,0,0,0,32772,2441312,0.034424,0.4104,4.594971,0.660645,0.491211,depth-not-better
timeline-3512641005-10000,research_window,80487,32768,7,32764,32764,4,4,0,0MJt/GA9/FKC/Gz6,absent,0RUc/RUc/RUc/RUc/RUc/RUc/DF2,0RUc/RUc/RUc/RUc/RUc/RUc/DFC,32769,15,65536,0,0,0,65540,7117208,0.053955,0.992188,13.458496,1.994141,0.991943,depth-not-better
timeline-3512641005-10000,research_window,80487,65536,7,65532,65532,4,3,0,06Ak/BAS/Nyn,absent,0RUc/RUc/RUc/RUc/RUc/RUc/DF2,0RUc/RUc/RUc/RUc/RUc/RUc/DFC,65537,15,74198,0,0,0,131076,11313208,0.051514,3.037354,23.113281,5.16626,2.397461,depth-not-better
timeline-3512641005-10000,research_window,80487,74198,7,74194,74194,4,0,0,absent,absent,0RUc/RUc/RUc/RUc/RUc/RUc/DF2,0RUc/RUc/RUc/RUc/RUc/RUc/DFC,74199,4,0,0,1,1,148400,10082232,0.099365,5.287109,9.142578,3.266602,15.056396,accepted
