strategy,run,build,workload,seed,initial,operations,checkpoint,diagnostic,insertions,new_items,remove_only,updates,final_resident,trace_digest,verified,relabelled_total,max_region,attempts,attempted_nodes_sum,full_nodes,count,mean_ms,p50_ms,p95_ms,p99_ms,p999_ms,max_ms,process_wall_ms,bin_direct,bin_1_8,bin_9_32,bin_33_128,bin_129_512,bin_513_4096,bin_4097_plus,bin_full_range,final_depth_mean,final_depth_p95,final_depth_p99,final_depth_max,final_display_mean,final_display_max,final_lk1_mean,final_lk1_max,final_resident_path_bytes,final_lk1_payload_bytes,final_alloc_calls,final_requested_bytes,final_live_bytes,final_peak_live_bytes,final_path_object_bytes,final_path_step_bytes,final_tree_node_bytes,measured_alloc_calls,measured_requested_bytes
baseline,1,timed,timeline,17,1000,10000,1000,0,9010,9010,990,0,9020,be304bc7246e1dd5,True,,,,,,9010,0.000495462,0.000488281,0.000732422,0.002197266,,0.037353516,30.161,,,,,,,,,1.605211,3,3,3,6.421175,12,18.841685,30,482384,169952,,,,,,,,,
baseline,1,diagnostic,timeline,17,1000,10000,1000,1,9010,9010,990,0,9020,be304bc7246e1dd5,True,0,0,0,0,0,9010,0.00055185,0.000488281,0.000732422,0.000976562,,0.056396484,33.794,9010,0,0,0,0,0,0,0,1.605211,3,3,3,6.421175,12,18.841685,30,482384,169952,30031,1108264,915400,915400,288640,193744,432960,27030,1012224
open_dense,1,timed,timeline,17,1000,10000,1000,0,9010,9010,990,0,9020,be304bc7246e1dd5,True,,,,,,9010,0.000500475,0.000488281,0.000732422,0.000976562,,0.032714844,27.758,,,,,,,,,1.605211,3,3,3,6.421175,12,18.841685,30,482384,169952,,,,,,,,,
open_dense,1,diagnostic,timeline,17,1000,10000,1000,1,9010,9010,990,0,9020,be304bc7246e1dd5,True,0,0,0,0,0,9010,0.000598646,0.000488281,0.000732422,0.002197266,,0.076416016,27.661,9010,0,0,0,0,0,0,0,1.605211,3,3,3,6.421175,12,18.841685,30,482384,169952,30031,1108264,915400,915400,288640,193744,432960,27030,1012224
baseline,2,timed,timeline,305419896,1000,10000,1000,0,8997,8997,1003,0,8994,bf13704efec5e78e,True,,,,,,8997,0.000485812,0.000488281,0.000732422,0.000976562,,0.030029297,25.246,,,,,,,,,1.602513,3,3,4,6.410385,16,18.820102,38,480360,169268,,,,,,,,,
baseline,2,diagnostic,timeline,305419896,1000,10000,1000,1,8997,8997,1003,0,8994,bf13704efec5e78e,True,0,0,0,0,0,8997,0.000555117,0.000488281,0.000732422,0.000976562,,0.060546875,27.183,8997,0,0,0,0,0,0,0,1.602513,3,3,4,6.410385,16,18.820102,38,480360,169268,29992,1104912,912128,912232,287808,192552,431712,26991,1008872
open_dense,2,timed,timeline,305419896,1000,10000,1000,0,8997,8997,1003,0,8994,bf13704efec5e78e,True,,,,,,8997,0.000572212,0.000488281,0.000976562,0.002685547,,0.093261719,26.357,,,,,,,,,1.602513,3,3,4,6.410385,16,18.820102,38,480360,169268,,,,,,,,,
open_dense,2,diagnostic,timeline,305419896,1000,10000,1000,1,8997,8997,1003,0,8994,bf13704efec5e78e,True,0,0,0,0,0,8997,0.00056608,0.000488281,0.000732422,0.000976562,,0.058837891,28.765,8997,0,0,0,0,0,0,0,1.602513,3,3,4,6.410385,16,18.820102,38,480360,169268,29992,1104912,912128,912232,287808,192552,431712,26991,1008872
baseline,3,timed,priority,17,1000,10000,1000,0,7490,3493,2510,3997,1983,42bee3e8db7dc163,True,,,,,,7490,0.000681345,0.000488281,0.000976562,0.003173828,,0.145019531,24.213,,,,,,,,,1.658598,4,5,6,6.634392,24,19.268785,54,111384,38210,,,,,,,,,
baseline,3,diagnostic,priority,17,1000,10000,1000,1,7490,3493,2510,3997,1983,42bee3e8db7dc163,True,3456,256,231,5064,0,7490,0.000674108,0.000488281,0.000976562,0.003173828,,0.134277344,22.826,7259,188,32,10,1,0,0,0,1.658598,4,5,6,6.634392,24,19.268785,54,111384,38210,41510,1957256,206624,207464,63456,47928,95184,33258,1525152
open_dense,3,timed,priority,17,1000,10000,1000,0,7490,3493,2510,3997,1983,42bee3e8db7dc163,True,,,,,,7490,0.000771732,0.000488281,0.000976562,0.002929688,,0.138671875,24.977,,,,,,,,,2.708018,5,6,6,10.832073,24,27.664145,54,136352,54858,,,,,,,,,
open_dense,3,diagnostic,priority,17,1000,10000,1000,1,7490,3493,2510,3997,1983,42bee3e8db7dc163,True,3408,256,261,4728,0,7490,0.000908177,0.000732422,0.002441406,0.003417969,,0.147460938,25.466,7229,240,12,6,3,0,0,0,2.708018,5,6,6,10.832073,24,27.664145,54,136352,54858,39107,2004632,231592,244760,63456,72896,95184,32568,1673248
baseline,4,timed,priority,305419896,1000,10000,1000,0,7527,3522,2473,4005,2049,5889c25dc6b79d7c,True,,,,,,7527,0.000540243,0.000488281,0.000732422,0.002685547,,0.113525391,22.729,,,,,,,,,1.471938,4,5,6,5.88775,24,17.7755,54,110648,36422,,,,,,,,,
baseline,4,diagnostic,priority,305419896,1000,10000,1000,1,7527,3522,2473,4005,2049,5889c25dc6b79d7c,True,1864,256,153,2504,0,7527,0.000628823,0.000488281,0.000976562,0.003417969,,0.120117188,22.292,7374,141,9,2,1,0,0,0,1.471938,4,5,6,5.88775,24,17.7755,54,110648,36422,32719,1364776,209056,209760,65568,45080,98352,27955,1147528
open_dense,4,timed,priority,305419896,1000,10000,1000,0,7527,3522,2473,4005,2049,5889c25dc6b79d7c,True,,,,,,7527,0.000572548,0.000488281,0.000732422,0.002929688,,0.113525391,22.225,,,,,,,,,1.471938,4,5,6,5.88775,24,17.7755,54,110648,36422,,,,,,,,,
open_dense,4,diagnostic,priority,305419896,1000,10000,1000,1,7527,3522,2473,4005,2049,5889c25dc6b79d7c,True,1864,256,153,2504,0,7527,0.000698203,0.000488281,0.000976562,0.003662109,,0.134521484,28.409,7374,141,9,2,1,0,0,0,1.471938,4,5,6,5.88775,24,17.7755,54,110648,36422,32719,1364776,209056,209760,65568,45080,98352,27955,1147528
baseline,5,timed,local,17,1000,10000,1000,0,9024,981,976,8043,1005,0f7358ac75b805ca,True,,,,,,9024,0.000551264,0.000488281,0.000732422,0.002441406,,0.021972656,24.179,,,,,,,,,2.181095,5,6,6,8.727363,24,23.448756,54,63080,23566,,,,,,,,,
baseline,5,diagnostic,local,17,1000,10000,1000,1,9024,981,976,8043,1005,0f7358ac75b805ca,True,464,16,57,472,0,9024,0.000569256,0.000488281,0.000732422,0.002441406,,0.042236328,25.83,8967,56,1,0,0,0,0,0,2.181095,5,6,6,8.727363,24,23.448756,54,63080,23566,31127,1271168,111376,118736,32160,30920,48240,28126,1175128
open_dense,5,timed,local,17,1000,10000,1000,0,9024,981,976,8043,1005,0f7358ac75b805ca,True,,,,,,9024,0.000517771,0.000488281,0.000732422,0.000976562,,0.006103516,22.078,,,,,,,,,2.181095,5,6,6,8.727363,24,23.448756,54,63080,23566,,,,,,,,,
open_dense,5,diagnostic,local,17,1000,10000,1000,1,9024,981,976,8043,1005,0f7358ac75b805ca,True,464,16,57,472,0,9024,0.000608647,0.000488281,0.000976562,0.002685547,,0.015380859,26.515,8967,56,1,0,0,0,0,0,2.181095,5,6,6,8.727363,24,23.448756,54,63080,23566,31127,1271168,111376,118736,32160,30920,48240,28126,1175128
baseline,6,timed,local,305419896,1000,10000,1000,0,8966,1001,1034,7965,967,e96cf64666eb5c6b,True,,,,,,8966,0.000541896,0.000488281,0.000732422,0.002197266,,0.008300781,24.886,,,,,,,,,2.015512,5,6,6,8.06515,24,22.124095,54,58136,21394,,,,,,,,,
baseline,6,diagnostic,local,305419896,1000,10000,1000,1,8966,1001,1034,7965,967,e96cf64666eb5c6b,True,456,16,56,464,0,8966,0.000632435,0.000488281,0.000976562,0.002929688,,0.053466797,24.482,8910,55,1,0,0,0,0,0,2.015512,5,6,6,8.06515,24,22.124095,54,58136,21394,30933,1259272,104608,113336,30944,27192,46416,27932,1163232
open_dense,6,timed,local,305419896,1000,10000,1000,0,8966,1001,1034,7965,967,e96cf64666eb5c6b,True,,,,,,8966,0.000546226,0.000488281,0.000732422,0.002197266,,0.097900391,22.55,,,,,,,,,2.015512,5,6,6,8.06515,24,22.124095,54,58136,21394,,,,,,,,,
open_dense,6,diagnostic,local,305419896,1000,10000,1000,1,8966,1001,1034,7965,967,e96cf64666eb5c6b,True,456,16,56,464,0,8966,0.000549657,0.000488281,0.000732422,0.000976562,,0.008056641,20.827,8910,55,1,0,0,0,0,0,2.015512,5,6,6,8.06515,24,22.124095,54,58136,21394,30933,1259272,104608,113336,30944,27192,46416,27932,1163232
baseline,7,timed,churn,17,1000,10000,1000,0,7043,2970,2957,4073,1013,51140a3aa3006c95,True,,,,,,7043,0.000468696,0.000488281,0.000732422,0.000976562,,0.008056641,20.074,,,,,,,,,1.876604,4,5,6,7.506417,24,21.012833,54,59272,21286,,,,,,,,,
baseline,7,diagnostic,churn,17,1000,10000,1000,1,7043,2970,2957,4073,1013,51140a3aa3006c95,True,40,8,5,40,0,7043,0.000522946,0.000488281,0.000732422,0.001708984,,0.029296875,21.31,7038,5,0,0,0,0,0,0,1.876604,4,5,6,7.506417,24,21.012833,54,59272,21286,24216,912248,107952,108296,32416,26856,48624,21215,816208
open_dense,7,timed,churn,17,1000,10000,1000,0,7043,2970,2957,4073,1013,51140a3aa3006c95,True,,,,,,7043,0.000517746,0.000488281,0.000732422,0.002197266,,0.079589844,20.139,,,,,,,,,1.876604,4,5,6,7.506417,24,21.012833,54,59272,21286,,,,,,,,,
open_dense,7,diagnostic,churn,17,1000,10000,1000,1,7043,2970,2957,4073,1013,51140a3aa3006c95,True,40,8,5,40,0,7043,0.000518197,0.000488281,0.000732422,0.000976562,,0.007324219,21.207,7038,5,0,0,0,0,0,0,1.876604,4,5,6,7.506417,24,21.012833,54,59272,21286,24216,912248,107952,108296,32416,26856,48624,21215,816208
baseline,8,timed,churn,305419896,1000,10000,1000,0,6971,2986,3029,3985,957,95c3a39093746ba4,True,,,,,,6971,0.000481662,0.000488281,0.000732422,0.001464844,,0.0234375,21.939,,,,,,,,,1.77534,4,5,6,7.101358,24,20.202717,54,54496,19334,,,,,,,,,
baseline,8,diagnostic,churn,305419896,1000,10000,1000,1,6971,2986,3029,3985,957,95c3a39093746ba4,True,88,8,11,88,0,6971,0.000480751,0.000488281,0.000732422,0.000976562,,0.005859375,19.253,6960,11,0,0,0,0,0,0,1.77534,4,5,6,7.101358,24,20.202717,54,54496,19334,24109,903960,100488,105528,30624,23872,45936,21108,807920
open_dense,8,timed,churn,305419896,1000,10000,1000,0,6971,2986,3029,3985,957,95c3a39093746ba4,True,,,,,,6971,0.000477319,0.000488281,0.000732422,0.001464844,,0.023681641,19.957,,,,,,,,,1.77534,4,5,6,7.101358,24,20.202717,54,54496,19334,,,,,,,,,
open_dense,8,diagnostic,churn,305419896,1000,10000,1000,1,6971,2986,3029,3985,957,95c3a39093746ba4,True,88,8,11,88,0,6971,0.000515248,0.000488281,0.000732422,0.001464844,,0.021728516,20.196,6960,11,0,0,0,0,0,0,1.77534,4,5,6,7.101358,24,20.202717,54,54496,19334,24109,903960,100488,105528,30624,23872,45936,21108,807920
baseline,9,timed,timeline,17,10000,100000,10000,0,89943,89943,10057,0,89886,935d39e85c78737d,True,,,,,,89943,0.002428955,0.000976562,0.001464844,0.001708984,0.009277344,72.614013672,393.862,,,,,,,,,3.662027,4,5,5,14.648143,20,35.29622,46,7770544,3172636,,,,,,,,,
baseline,9,diagnostic,timeline,17,10000,100000,10000,1,89943,89943,10057,0,89886,935d39e85c78737d,True,156296,74084,3,385648,156296,89943,0.003176844,0.000976562,0.001464844,0.002197266,0.015625,103.075683594,541.535,89940,0,0,0,0,0,0,3,3.662027,4,5,5,14.648143,20,35.29622,46,7770544,3172636,1071267,78079192,12085128,17717360,2876352,4894192,4314528,1041266,77119152
open_dense,9,timed,timeline,17,10000,100000,10000,0,89943,89943,10057,0,89886,935d39e85c78737d,True,,,,,,89943,0.011325703,0.001220703,0.004882812,0.165039062,0.375,21.953857422,1330.523,,,,,,,,,3.816123,6,6,6,15.264524,24,36.528981,54,7708856,3283444,,,,,,,,,
open_dense,9,diagnostic,timeline,17,10000,100000,10000,1,89943,89943,10057,0,89886,935d39e85c78737d,True,1369168,32768,4140,2705216,0,89943,0.014398608,0.001464844,0.005859375,0.1953125,0.700439453,28.557128906,1655.966,85803,164,352,1403,2141,41,39,0,3.816123,6,6,6,15.264524,24,36.528981,54,7708856,3283444,5765616,579186816,12023440,12959936,2876352,4832504,4314528,5735615,578226776
baseline,10,timed,timeline,305419896,10000,100000,10000,0,89880,89880,10120,0,89760,9aa0c768cffc00c3,True,,,,,,89880,0.002865925,0.000976562,0.001464844,0.002929688,0.016357422,81.836425781,511.749,,,,,,,,,3.658612,4,5,5,14.634481,20,35.268895,46,7755200,3165736,,,,,,,,,
baseline,10,diagnostic,timeline,305419896,10000,100000,10000,1,89880,89880,10120,0,89760,9aa0c768cffc00c3,True,156561,74247,4,385969,156497,89880,0.00337576,0.000976562,0.002197266,0.004150391,0.024169922,109.602294922,696.377,89876,0,0,1,0,0,0,3,3.658612,4,5,5,14.634481,20,35.268895,46,7755200,3165736,1071728,81046816,12063736,17755464,2872320,4882880,4308480,1041727,80086776
open_dense,10,timed,timeline,305419896,10000,100000,10000,0,89880,89880,10120,0,89760,9aa0c768cffc00c3,True,,,,,,89880,0.012559012,0.001220703,0.005371094,0.167236328,0.430664062,26.044921875,1362.94,,,,,,,,,4.128766,6,6,6,16.515096,24,39.030125,54,7925224,3503344,,,,,,,,,
open_dense,10,diagnostic,timeline,305419896,10000,100000,10000,1,89880,89880,10120,0,89760,9aa0c768cffc00c3,True,1493592,32768,4308,2952720,0,89880,0.015152585,0.001220703,0.005615234,0.188476562,0.620361328,36.0390625,1746.153,85572,167,333,1458,2263,49,38,0,4.128766,6,6,6,16.515096,24,39.030125,54,7925224,3503344,6263381,631307944,12233760,16412424,2872320,5052904,4308480,6233380,630347904
baseline,11,timed,timeline,2654435769,10000,100000,10000,0,89909,89909,10091,0,89818,5ccf85f9a20e20d7,True,,,,,,89909,0.002822018,0.000976562,0.001464844,0.001953125,0.016357422,101.713867188,461.197,,,,,,,,,3.659033,4,5,5,14.636164,20,35.272262,46,7763984,3168084,,,,,,,,,
baseline,11,diagnostic,timeline,2654435769,10000,100000,10000,1,89909,89909,10091,0,89818,5ccf85f9a20e20d7,True,156708,74359,5,386092,156660,89909,0.00341392,0.000976562,0.001464844,0.002197266,0.021728516,127.833740234,566.683,89904,0,2,0,0,0,0,3,3.659033,4,5,5,14.636164,20,35.272262,46,7763984,3168084,1072063,82549984,12075304,18633592,2874176,4889808,4311264,1042062,81589944
open_dense,11,timed,timeline,2654435769,10000,100000,10000,0,89909,89909,10091,0,89818,5ccf85f9a20e20d7,True,,,,,,89909,0.020910012,0.001220703,0.018798828,0.174072266,2.8125,37.582763672,2182.257,,,,,,,,,4.209758,6,6,6,16.839063,24,39.67806,54,8061552,3563804,,,,,,,,,
open_dense,11,diagnostic,timeline,2654435769,10000,100000,10000,1,89909,89909,10091,0,89818,5ccf85f9a20e20d7,True,2413912,32768,4752,4789808,0,89909,0.025724958,0.001464844,0.021484375,0.196777344,3.314697266,48.302490234,2721.386,85157,189,364,1613,2457,52,77,0,4.209758,6,6,6,16.839063,24,39.67806,54,8061552,3563804,9944664,1016094352,12372872,16566896,2874176,5187376,4311264,9914663,1015134312
baseline,12,timed,timeline,826366246,10000,100000,10000,0,90119,90119,9881,0,90238,fe94c2b11fc46027,True,,,,,,90119,0.002814605,0.000976562,0.001464844,0.003417969,0.020263672,97.929443359,467.188,,,,,,,,,3.66697,4,5,5,14.667912,20,35.335757,46,7812968,3188628,,,,,,,,,
baseline,12,diagnostic,timeline,826366246,10000,100000,10000,1,90119,90119,9881,0,90238,fe94c2b11fc46027,True,156700,74360,4,386052,156692,90119,0.003379126,0.000976562,0.001464844,0.002441406,0.020996094,130.355957031,600.722,90115,1,0,0,0,0,0,3,3.66697,4,5,5,14.667912,20,35.335757,46,7812968,3188628,1072605,79652400,12144448,17784256,2887616,4925352,4331424,1042604,78692360
open_dense,12,timed,timeline,826366246,10000,100000,10000,0,90119,90119,9881,0,90238,fe94c2b11fc46027,True,,,,,,90119,0.029151833,0.001220703,0.019042969,0.172363281,6.343017578,58.743896484,2915.301,,,,,,,,,2.414714,6,6,6,9.658858,24,25.317715,54,5769944,2284620,,,,,,,,,
open_dense,12,diagnostic,timeline,826366246,10000,100000,10000,1,90119,90119,9881,0,90238,fe94c2b11fc46027,True,3269832,65536,4754,6501632,0,90119,0.034752303,0.001464844,0.021484375,0.197021484,7.641845703,66.538818359,3474.094,85365,207,343,1582,2474,40,108,0,2.414714,6,6,6,9.658858,24,25.317715,54,5769944,2284620,13369512,1368036160,10101424,15655912,2887616,2882328,4331424,13339511,1367076120
baseline,13,timed,timeline,12648430,10000,100000,10000,0,89934,89934,10066,0,89868,3a74536e367d7f10,True,,,,,,89934,0.002622838,0.000976562,0.001464844,0.002197266,0.013183594,88.713623047,449.492,,,,,,,,,3.664007,4,5,5,14.656062,20,35.312058,46,7774904,3173424,,,,,,,,,
baseline,13,diagnostic,timeline,12648430,10000,100000,10000,1,89934,89934,10066,0,89868,3a74536e367d7f10,True,155902,74022,3,385254,155902,89934,0.003275891,0.000976562,0.001464844,0.002685547,0.025634766,121.991699219,600.778,89931,0,0,0,0,0,0,3,3.664007,4,5,5,14.656062,20,35.312058,46,7774904,3173424,1070452,82451176,12088624,18590168,2875776,4899128,4313664,1040451,81491136
open_dense,13,timed,timeline,12648430,10000,100000,10000,0,89934,89934,10066,0,89868,3a74536e367d7f10,True,,,,,,89934,0.010884034,0.001220703,0.003417969,0.165283203,0.390380859,26.880126953,1197.028,,,,,,,,,3.103352,5,5,6,12.413406,24,30.826813,54,6271520,2770344,,,,,,,,,
open_dense,13,diagnostic,timeline,12648430,10000,100000,10000,1,89934,89934,10066,0,89868,3a74536e367d7f10,True,1305024,32768,3869,2579096,0,89934,0.013119047,0.001464844,0.004882812,0.190185547,0.464355469,42.810791016,1540.821,86065,164,333,1316,1982,40,34,0,3.103352,5,5,6,12.413406,24,30.826813,54,6271520,2770344,5509781,548666072,10585240,14446936,2875776,3395744,4313664,5479780,547706032
baseline,14,timed,priority,17,10000,100000,10000,0,75234,35305,24766,39929,20539,e292722702199306,True,,,,,,75234,0.001110701,0.000488281,0.000976562,0.003417969,0.099853516,10.873046875,186.946,,,,,,,,,1.388042,3,5,6,5.552169,24,17.104338,54,1073488,351306,,,,,,,,,
baseline,14,diagnostic,priority,17,10000,100000,10000,1,75234,35305,24766,39929,20539,e292722702199306,True,81127,15967,2469,142919,15967,75234,0.001173812,0.000488281,0.000976562,0.003417969,0.108642578,10.911132812,185.397,72765,1965,288,132,81,2,0,1,1.388042,3,5,6,5.552169,24,17.104338,54,1073488,351306,570957,28889776,2059416,3051792,657248,416240,985872,519841,26257560
open_dense,14,timed,priority,17,10000,100000,10000,0,75234,35305,24766,39929,20539,e292722702199306,True,,,,,,75234,0.001049561,0.000732422,0.001220703,0.002929688,0.016845703,6.105224609,179.403,,,,,,,,,1.361264,3,5,6,5.445056,24,16.890111,54,1066992,346906,,,,,,,,,
open_dense,14,diagnostic,priority,17,10000,100000,10000,1,75234,35305,24766,39929,20539,e292722702199306,True,67152,16384,3215,108584,0,75234,0.001222981,0.000732422,0.001220703,0.003173828,0.019287109,8.133056641,215.059,72019,3060,110,30,9,4,2,0,1.361264,3,5,6,5.445056,24,16.890111,54,1066992,346906,530115,27536360,2052920,3386704,657248,409744,985872,450144,22849432
baseline,15,timed,priority,305419896,10000,100000,10000,0,74985,35001,25015,39984,19986,2503fc29f8417e6c,True,,,,,,74985,0.001091823,0.000488281,0.000976562,0.002685547,0.054199219,17.388183594,170.421,,,,,,,,,2.933103,4,4,6,11.732413,24,29.464825,54,1426400,588884,,,,,,,,,
baseline,15,diagnostic,priority,305419896,10000,100000,10000,1,74985,35001,25015,39984,19986,2503fc29f8417e6c,True,67001,19589,1806,138945,29761,74985,0.001390659,0.000488281,0.000976562,0.002929688,0.057861328,35.658935547,202.64,73179,1541,151,75,36,1,0,2,2.933103,4,4,6,11.732413,24,29.464825,54,1426400,588884,558275,29800840,2385784,4224664,639552,786848,959328,508249,27326136
open_dense,15,timed,priority,305419896,10000,100000,10000,0,74985,35001,25015,39984,19986,2503fc29f8417e6c,True,,,,,,74985,0.000771977,0.000488281,0.000976562,0.002929688,0.025390625,1.486083984,148.356,,,,,,,,,2.036175,4,6,6,8.174572,24,22.289403,54,1215248,445476,,,,,,,,,
open_dense,15,diagnostic,priority,305419896,10000,100000,10000,1,74985,35001,25015,39984,19986,2503fc29f8417e6c,True,34024,4096,2773,45864,0,74985,0.000839289,0.000732422,0.000976562,0.003417969,0.032226562,1.785400391,165.509,72212,2573,134,61,4,1,0,0,2.036175,4,6,6,8.174572,24,22.289403,54,1215248,445476,373175,17347400,2174632,2175584,639552,575696,959328,323149,14872696
baseline,16,timed,priority,2654435769,10000,100000,10000,0,74854,34974,25146,39880,19828,fa4b0a4ae2d9edb9,True,,,,,,74854,0.001080185,0.000488281,0.000976562,0.003173828,0.083984375,8.37890625,177.911,,,,,,,,,1.621646,4,5,6,6.486585,24,18.973169,54,1097912,376200,,,,,,,,,
baseline,16,diagnostic,priority,2654435769,10000,100000,10000,1,74854,34974,25146,39880,19828,fa4b0a4ae2d9edb9,True,74755,14059,2360,132955,14059,74854,0.001129422,0.000488281,0.000976562,0.003417969,0.102539062,10.076416016,181.485,72494,1879,259,154,66,1,0,1,1.621646,4,5,6,6.486585,24,18.973169,54,1097912,376200,563788,28507880,2049712,2681000,634496,463416,951744,498435,24979976
open_dense,16,timed,priority,2654435769,10000,100000,10000,0,74854,34974,25146,39880,19828,fa4b0a4ae2d9edb9,True,,,,,,74854,0.001083496,0.000732422,0.002441406,0.003417969,0.064208984,0.885498047,175.728,,,,,,,,,2.41159,5,6,6,9.646359,24,25.292717,54,1281608,501504,,,,,,,,,
open_dense,16,diagnostic,priority,2654435769,10000,100000,10000,1,74854,34974,25146,39880,19828,fa4b0a4ae2d9edb9,True,73568,2048,4841,108408,0,74854,0.001380731,0.000732422,0.003173828,0.007568359,0.082275391,1.486083984,253.192,70013,4354,314,118,53,2,0,0,2.41159,5,6,6,9.646359,24,25.292717,54,1281608,501504,517117,27134280,2233408,2387376,634496,647112,951744,453780,23967208
baseline,17,timed,priority,826366246,10000,100000,10000,0,75099,34986,24901,40113,20085,05924f36f256fd57,True,,,,,,75099,0.001036734,0.000732422,0.002197266,0.004638672,0.035644531,1.737548828,181.002,,,,,,,,,1.866368,4,6,6,7.465472,24,20.930943,54,1176728,420398,,,,,,,,,
baseline,17,diagnostic,priority,826366246,10000,100000,10000,1,75099,34986,24901,40113,20085,05924f36f256fd57,True,52536,4096,3409,77800,0,75099,0.00103397,0.000732422,0.001708984,0.00390625,0.037109375,2.893554688,209.951,71690,3015,287,87,16,4,0,0,1.866368,4,6,6,7.465472,24,20.930943,54,1176728,420398,437298,21212760,2140864,2282520,642720,534008,964080,389565,18966592
open_dense,17,timed,priority,826366246,10000,100000,10000,0,75099,34986,24901,40113,20085,05924f36f256fd57,True,,,,,,75099,0.001302873,0.000732422,0.001464844,0.004394531,0.122558594,9.696533203,223.017,,,,,,,,,1.596415,4,5,6,6.385661,24,18.771322,54,1110112,377022,,,,,,,,,
open_dense,17,diagnostic,priority,826366246,10000,100000,10000,1,75099,34986,24901,40113,20085,05924f36f256fd57,True,84622,12830,2775,150598,12830,75099,0.001254405,0.000732422,0.001220703,0.00390625,0.114746094,9.168457031,214.755,72324,2264,304,129,72,5,0,1,1.596415,4,5,6,6.385661,24,18.771322,54,1110112,377022,586687,29305856,2074248,2532472,642720,467392,964080,535281,26727856
baseline,18,timed,priority,12648430,10000,100000,10000,0,74961,35097,25039,39864,20058,86716f16260ed59c,True,,,,,,74961,0.000802908,0.000488281,0.000976562,0.003173828,0.026611328,1.651123047,158.256,,,,,,,,,1.921228,4,6,6,7.684914,24,21.369828,54,1189968,428636,,,,,,,,,
baseline,18,diagnostic,priority,12648430,10000,100000,10000,1,74961,35097,25039,39864,20058,86716f16260ed59c,True,37216,4096,2687,52936,0,74961,0.000827064,0.000488281,0.000976562,0.003173828,0.030761719,1.833496094,170.154,72274,2454,170,47,14,2,0,0,1.921228,4,6,6,7.684914,24,21.369828,54,1189968,428636,410562,19315968,2152808,2153648,641856,548112,962784,337249,15564608
open_dense,18,timed,priority,12648430,10000,100000,10000,0,74961,35097,25039,39864,20058,86716f16260ed59c,True,,,,,,74961,0.000802966,0.000488281,0.001220703,0.002929688,0.021240234,1.525634766,168.33,,,,,,,,,1.970137,4,6,6,7.916143,24,21.761093,54,1202128,436484,,,,,,,,,
open_dense,18,diagnostic,priority,12648430,10000,100000,10000,1,74961,35097,25039,39864,20058,86716f16260ed59c,True,33112,4096,2542,45888,0,74961,0.000852771,0.000732422,0.000976562,0.003417969,0.023925781,2.012939453,168.067,72419,2345,142,46,7,2,0,0,1.970137,4,6,6,7.916143,24,21.761093,54,1202128,436484,401745,18701568,2164968,2166552,641856,560272,962784,322633,14764880
baseline,19,timed,local,17,10000,100000,10000,0,89947,9976,10053,79971,9923,89a53d1f4c313441,True,,,,,,89947,0.000711451,0.000732422,0.000976562,0.002441406,0.005615234,0.294921875,170.11,,,,,,,,,2.17011,5,6,6,8.680742,24,23.360879,54,617552,231810,,,,,,,,,
baseline,19,diagnostic,local,17,10000,100000,10000,1,89947,9976,10053,79971,9923,89a53d1f4c313441,True,5520,32,666,5712,0,89947,0.000755311,0.000732422,0.001220703,0.002685547,0.005615234,0.328369141,189.529,89281,644,22,0,0,0,0,0,2.17011,5,6,6,8.680742,24,23.360879,54,617552,231810,312639,12813048,1093912,1100552,317536,300016,476304,282638,11853008
open_dense,19,timed,local,17,10000,100000,10000,0,89947,9976,10053,79971,9923,89a53d1f4c313441,True,,,,,,89947,0.000685894,0.000732422,0.000976562,0.002197266,0.004638672,0.278320312,166.479,,,,,,,,,2.17011,5,6,6,8.680742,24,23.360879,54,617552,231810,,,,,,,,,
open_dense,19,diagnostic,local,17,10000,100000,10000,1,89947,9976,10053,79971,9923,89a53d1f4c313441,True,5520,32,666,5712,0,89947,0.000728185,0.000732422,0.000976562,0.002197266,0.005126953,0.240966797,181.481,89281,644,22,0,0,0,0,0,2.17011,5,6,6,8.680742,24,23.360879,54,617552,231810,312639,12813048,1093912,1100552,317536,300016,476304,282638,11853008
baseline,20,timed,local,305419896,10000,100000,10000,0,89747,10081,10253,79666,9828,a1d0731f5b705a01,True,,,,,,89747,0.000751918,0.000732422,0.001220703,0.002685547,0.006347656,0.094238281,184.929,,,,,,,,,2.155169,5,6,6,8.620676,24,23.241351,54,609744,228416,,,,,,,,,
baseline,20,diagnostic,local,305419896,10000,100000,10000,1,89747,10081,10253,79666,9828,a1d0731f5b705a01,True,5392,32,654,5552,0,89747,0.000716568,0.000732422,0.000976562,0.002197266,0.003662109,0.28515625,178.465,89093,636,18,0,0,0,0,0,2.155169,5,6,6,8.620676,24,23.241351,54,609744,228416,311689,12776384,1081544,1098880,314496,295248,471744,281688,11816344
open_dense,20,timed,local,305419896,10000,100000,10000,0,89747,10081,10253,79666,9828,a1d0731f5b705a01,True,,,,,,89747,0.000667643,0.000732422,0.000976562,0.001953125,0.003417969,0.018310547,163.977,,,,,,,,,2.155169,5,6,6,8.620676,24,23.241351,54,609744,228416,,,,,,,,,
open_dense,20,diagnostic,local,305419896,10000,100000,10000,1,89747,10081,10253,79666,9828,a1d0731f5b705a01,True,5392,32,654,5552,0,89747,0.00073101,0.000732422,0.000976562,0.002197266,0.003662109,0.278808594,185.747,89093,636,18,0,0,0,0,0,2.155169,5,6,6,8.620676,24,23.241351,54,609744,228416,311689,12776384,1081544,1098880,314496,295248,471744,281688,11816344
baseline,21,timed,local,2654435769,10000,100000,10000,0,89988,10003,10012,79985,9991,9ab86eb6531ab00c,True,,,,,,89988,0.000676151,0.000732422,0.000976562,0.002197266,0.003662109,0.211669922,164.721,,,,,,,,,2.180062,5,6,6,8.720548,24,23.440496,54,624176,234194,,,,,,,,,
baseline,21,diagnostic,local,2654435769,10000,100000,10000,1,89988,10003,10012,79985,9991,9ab86eb6531ab00c,True,5400,32,651,5592,0,89988,0.000708436,0.000732422,0.000976562,0.002197266,0.003662109,0.272216797,187.53,89337,629,22,0,0,0,0,0,2.180062,5,6,6,8.720548,24,23.440496,54,624176,234194,312490,12823448,1103800,1111736,319712,304464,479568,282489,11863408
open_dense,21,timed,local,2654435769,10000,100000,10000,0,89988,10003,10012,79985,9991,9ab86eb6531ab00c,True,,,,,,89988,0.000683183,0.000732422,0.000976562,0.002197266,0.003662109,0.321289062,166.5,,,,,,,,,2.180062,5,6,6,8.720548,24,23.440496,54,624176,234194,,,,,,,,,
open_dense,21,diagnostic,local,2654435769,10000,100000,10000,1,89988,10003,10012,79985,9991,9ab86eb6531ab00c,True,5400,32,651,5592,0,89988,0.000733062,0.000732422,0.000976562,0.002197266,0.004150391,0.212890625,179.986,89337,629,22,0,0,0,0,0,2.180062,5,6,6,8.720548,24,23.440496,54,624176,234194,312490,12823448,1103800,1111736,319712,304464,479568,282489,11863408
baseline,22,timed,local,826366246,10000,100000,10000,0,89974,9980,10026,79994,9954,180c2a0513c3efb3,True,,,,,,89974,0.000720811,0.000732422,0.000976562,0.002197266,0.006591797,0.253417969,178.472,,,,,,,,,2.140948,5,6,6,8.564095,24,23.127587,54,614968,230212,,,,,,,,,
baseline,22,diagnostic,local,826366246,10000,100000,10000,1,89974,9980,10026,79994,9954,180c2a0513c3efb3,True,5504,16,660,5728,0,89974,0.000736196,0.000732422,0.000976562,0.001708984,0.007080078,0.357177734,182.951,89314,632,28,0,0,0,0,0,2.140948,5,6,6,8.564095,24,23.127587,54,614968,230212,312749,12858752,1092816,1114768,318528,296440,477792,282748,11898712
open_dense,22,timed,local,826366246,10000,100000,10000,0,89974,9980,10026,79994,9954,180c2a0513c3efb3,True,,,,,,89974,0.000684122,0.000732422,0.000976562,0.001464844,0.003417969,0.046875,168.193,,,,,,,,,2.140948,5,6,6,8.564095,24,23.127587,54,614968,230212,,,,,,,,,
open_dense,22,diagnostic,local,826366246,10000,100000,10000,1,89974,9980,10026,79994,9954,180c2a0513c3efb3,True,5504,16,660,5728,0,89974,0.000765637,0.000732422,0.001220703,0.002685547,0.005371094,0.302246094,188.566,89314,632,28,0,0,0,0,0,2.140948,5,6,6,8.564095,24,23.127587,54,614968,230212,312749,12858752,1092816,1114768,318528,296440,477792,282748,11898712
baseline,23,timed,local,12648430,10000,100000,10000,0,89959,9869,10041,80090,9828,96d5e63720e21ec1,True,,,,,,89959,0.000683107,0.000732422,0.000976562,0.001953125,0.004150391,0.194824219,166.098,,,,,,,,,2.143671,5,6,6,8.57499,24,23.149369,54,608680,227512,,,,,,,,,
baseline,23,diagnostic,local,12648430,10000,100000,10000,1,89959,9869,10041,80090,9828,96d5e63720e21ec1,True,5304,32,647,5432,0,89959,0.000720774,0.000732422,0.000976562,0.002197266,0.003662109,0.198730469,179.546,89312,633,14,0,0,0,0,0,2.143671,5,6,6,8.57499,24,23.149369,54,608680,227512,312058,12777920,1080480,1099240,314496,294184,471744,282057,11817880
open_dense,23,timed,local,12648430,10000,100000,10000,0,89959,9869,10041,80090,9828,96d5e63720e21ec1,True,,,,,,89959,0.000722402,0.000732422,0.000976562,0.002197266,0.005615234,0.230224609,177.136,,,,,,,,,2.143671,5,6,6,8.57499,24,23.149369,54,608680,227512,,,,,,,,,
open_dense,23,diagnostic,local,12648430,10000,100000,10000,1,89959,9869,10041,80090,9828,96d5e63720e21ec1,True,5304,32,647,5432,0,89959,0.000749522,0.000732422,0.000976562,0.001708984,0.006347656,0.308105469,186.665,89312,633,14,0,0,0,0,0,2.143671,5,6,6,8.57499,24,23.149369,54,608680,227512,312058,12777920,1080480,1099240,314496,294184,471744,282057,11817880
baseline,24,timed,churn,17,10000,100000,10000,0,70171,29928,29829,40243,10099,cc4151421cdc8b77,True,,,,,,70171,0.000655274,0.000732422,0.000976562,0.001220703,0.003173828,0.111816406,141.535,,,,,,,,,1.924547,4,5,6,7.698188,24,21.396376,54,592944,216082,,,,,,,,,
baseline,24,diagnostic,churn,17,10000,100000,10000,1,70171,29928,29829,40243,10099,cc4151421cdc8b77,True,704,8,88,704,0,70171,0.000691141,0.000732422,0.000976562,0.001464844,0.003662109,0.148193359,152.195,70083,88,0,0,0,0,0,0,1.924547,4,5,6,7.698188,24,21.396376,54,592944,216082,242093,9267904,1077752,1079136,323168,269776,484752,212092,8307864
open_dense,24,timed,churn,17,10000,100000,10000,0,70171,29928,29829,40243,10099,cc4151421cdc8b77,True,,,,,,70171,0.000642766,0.000488281,0.000976562,0.001220703,0.003173828,0.265380859,135.33,,,,,,,,,1.924547,4,5,6,7.698188,24,21.396376,54,592944,216082,,,,,,,,,
open_dense,24,diagnostic,churn,17,10000,100000,10000,1,70171,29928,29829,40243,10099,cc4151421cdc8b77,True,704,8,88,704,0,70171,0.000681625,0.000732422,0.000976562,0.001953125,0.003417969,0.270507812,145.216,70083,88,0,0,0,0,0,0,1.924547,4,5,6,7.698188,24,21.396376,54,592944,216082,242093,9267904,1077752,1079136,323168,269776,484752,212092,8307864
baseline,25,timed,churn,305419896,10000,100000,10000,0,70057,30030,29943,40027,10087,f81eebaccd243dd8,True,,,,,,70057,0.000780799,0.000732422,0.001220703,0.002197266,0.009765625,0.336914062,158.467,,,,,,,,,1.920591,4,5,6,7.682661,24,21.364727,54,591968,215506,,,,,,,,,
baseline,25,diagnostic,churn,305419896,10000,100000,10000,1,70057,30030,29943,40027,10087,f81eebaccd243dd8,True,720,8,90,720,0,70057,0.000721904,0.000732422,0.000976562,0.001464844,0.0078125,0.272216797,151.172,69967,90,0,0,0,0,0,0,1.920591,4,5,6,7.682661,24,21.364727,54,591968,215506,241788,9249584,1076200,1085936,322784,269184,484176,211787,8289544
open_dense,25,timed,churn,305419896,10000,100000,10000,0,70057,30030,29943,40027,10087,f81eebaccd243dd8,True,,,,,,70057,0.000684261,0.000732422,0.000976562,0.002197266,0.004882812,0.293457031,137.938,,,,,,,,,1.920591,4,5,6,7.682661,24,21.364727,54,591968,215506,,,,,,,,,
open_dense,25,diagnostic,churn,305419896,10000,100000,10000,1,70057,30030,29943,40027,10087,f81eebaccd243dd8,True,720,8,90,720,0,70057,0.000720619,0.000732422,0.000976562,0.001953125,0.00390625,0.215820312,148.25,69967,90,0,0,0,0,0,0,1.920591,4,5,6,7.682661,24,21.364727,54,591968,215506,241788,9249584,1076200,1085936,322784,269184,484176,211787,8289544
baseline,26,timed,churn,2654435769,10000,100000,10000,0,69952,30161,30048,39791,10113,3e661d9e311ce674,True,,,,,,69952,0.000645375,0.000488281,0.000976562,0.001953125,0.00390625,0.218505859,133.354,,,,,,,,,1.950559,4,5,6,7.802531,24,21.604469,54,599184,218486,,,,,,,,,
baseline,26,diagnostic,churn,2654435769,10000,100000,10000,1,69952,30161,30048,39791,10113,3e661d9e311ce674,True,576,8,72,576,0,69952,0.000676793,0.000732422,0.000976562,0.001220703,0.003662109,0.258056641,141.474,69880,72,0,0,0,0,0,0,1.950559,4,5,6,7.802531,24,21.604469,54,599184,218486,241149,9227744,1084664,1087016,323616,275568,485424,211148,8267704
open_dense,26,timed,churn,2654435769,10000,100000,10000,0,69952,30161,30048,39791,10113,3e661d9e311ce674,True,,,,,,69952,0.000655597,0.000732422,0.000976562,0.001953125,0.00390625,0.072021484,136.958,,,,,,,,,1.950559,4,5,6,7.802531,24,21.604469,54,599184,218486,,,,,,,,,
open_dense,26,diagnostic,churn,2654435769,10000,100000,10000,1,69952,30161,30048,39791,10113,3e661d9e311ce674,True,576,8,72,576,0,69952,0.000666406,0.000732422,0.000976562,0.001220703,0.002929688,0.027099609,143.131,69880,72,0,0,0,0,0,0,1.950559,4,5,6,7.802531,24,21.604469,54,599184,218486,241149,9227744,1084664,1087016,323616,275568,485424,211148,8267704
baseline,27,timed,churn,826366246,10000,100000,10000,0,70084,29994,29916,40090,10078,fc6445063b9c555e,True,,,,,,70084,0.000677037,0.000732422,0.000976562,0.001220703,0.005615234,0.309570312,137.798,,,,,,,,,1.96924,4,6,6,7.87696,24,21.753919,54,599576,219236,,,,,,,,,
baseline,27,diagnostic,churn,826366246,10000,100000,10000,1,70084,29994,29916,40090,10078,fc6445063b9c555e,True,712,16,88,720,0,70084,0.0006775,0.000732422,0.000976562,0.001953125,0.004394531,0.277832031,141.986,69996,87,1,0,0,0,0,0,1.96924,4,6,6,7.87696,24,21.753919,54,599576,219236,241868,9277952,1083376,1084584,322496,277080,483744,211867,8317912
open_dense,27,timed,churn,826366246,10000,100000,10000,0,70084,29994,29916,40090,10078,fc6445063b9c555e,True,,,,,,70084,0.000664862,0.000732422,0.000976562,0.001953125,0.00390625,0.186279297,138.488,,,,,,,,,1.96924,4,6,6,7.87696,24,21.753919,54,599576,219236,,,,,,,,,
open_dense,27,diagnostic,churn,826366246,10000,100000,10000,1,70084,29994,29916,40090,10078,fc6445063b9c555e,True,712,16,88,720,0,70084,0.000693002,0.000732422,0.000976562,0.001708984,0.003417969,0.228759766,142.061,69996,87,1,0,0,0,0,0,1.96924,4,6,6,7.87696,24,21.753919,54,599576,219236,241868,9277952,1083376,1084584,322496,277080,483744,211867,8317912
baseline,28,timed,churn,12648430,10000,100000,10000,0,70042,30073,29958,39969,10115,b7e1000fbb52cb3f,True,,,,,,70042,0.00062801,0.000488281,0.000976562,0.001220703,0.002929688,0.025390625,130.17,,,,,,,,,1.957687,4,5,6,7.830746,24,21.661493,54,600440,219106,,,,,,,,,
baseline,28,diagnostic,churn,12648430,10000,100000,10000,1,70042,30073,29958,39969,10115,b7e1000fbb52cb3f,True,872,8,109,872,0,70042,0.000705405,0.000732422,0.000976562,0.002197266,0.00390625,1.047363281,144.648,69933,109,0,0,0,0,0,0,1.957687,4,5,6,7.830746,24,21.661493,54,600440,219106,242084,9298472,1086016,1089848,323680,276760,485520,212083,8338432
open_dense,28,timed,churn,12648430,10000,100000,10000,0,70042,30073,29958,39969,10115,b7e1000fbb52cb3f,True,,,,,,70042,0.000635371,0.000488281,0.000976562,0.001464844,0.003173828,0.013671875,131.842,,,,,,,,,1.957687,4,5,6,7.830746,24,21.661493,54,600440,219106,,,,,,,,,
open_dense,28,diagnostic,churn,12648430,10000,100000,10000,1,70042,30073,29958,39969,10115,b7e1000fbb52cb3f,True,872,8,109,872,0,70042,0.000672246,0.000732422,0.000976562,0.001220703,0.003173828,0.031005859,138.865,69933,109,0,0,0,0,0,0,1.957687,4,5,6,7.830746,24,21.661493,54,600440,219106,242084,9298472,1086016,1089848,323680,276760,485520,212083,8338432
baseline,29,timed,timeline,17,100000,100000,10000,0,89943,89943,10057,0,179886,319f68d997b42759,True,,,,,,89943,0.009027481,0.000976562,0.001953125,0.00390625,0.010009766,218.851074219,1560.74,,,,,,,,,3.830793,4,4,4,15.323188,16,36.646343,38,16555368,6592164,,,,,,,,,
baseline,29,diagnostic,timeline,17,100000,100000,10000,1,89943,89943,10057,0,179886,319f68d997b42759,True,568153,172867,5,1485681,568089,89943,0.010796665,0.000976562,0.001953125,0.00390625,0.010498047,286.875488281,1845.737,89938,0,0,1,0,0,0,4,3.830793,4,4,4,15.323188,16,36.646343,38,16555368,6592164,3541416,286459120,25189952,43054208,5756352,10799016,8634528,3241415,273830728
open_dense,29,timed,timeline,17,100000,100000,10000,0,89943,89943,10057,0,179886,319f68d997b42759,True,,,,,,89943,0.022390249,0.001220703,0.080322266,0.170654297,1.111816406,47.930664062,2774.999,,,,,,,,,3.370568,6,6,6,13.482289,24,32.964544,54,13857272,5929860,,,,,,,,,
open_dense,29,diagnostic,timeline,17,100000,100000,10000,1,89943,89943,10057,0,179886,319f68d997b42759,True,2642600,65536,6199,5235608,0,89943,0.031402622,0.001464844,0.093017578,0.312744141,1.501464844,74.317626953,3843.204,83744,225,479,2102,3297,34,62,0,3.370568,6,6,6,13.482289,24,32.964544,54,13857272,5929860,11125026,1119639368,22491856,26573224,5756352,8100920,8634528,10825025,1107010976
baseline,30,timed,priority,17,100000,100000,10000,0,75063,35120,24937,39943,110183,81e32d85fb317856,True,,,,,,75063,0.001594858,0.000732422,0.001464844,0.003662109,0.130615234,2.406982422,857.104,,,,,,,,,2.067742,4,5,6,8.270967,24,22.541935,54,6616552,2483738,,,,,,,,,
baseline,30,diagnostic,priority,17,100000,100000,10000,1,75063,35120,24937,39943,110183,81e32d85fb317856,True,130712,4096,3276,235216,0,75063,0.002217919,0.000976562,0.002685547,0.005859375,0.168701172,7.771484375,1399.84,71787,2851,236,103,51,35,0,0,2.067742,4,5,6,8.270967,24,22.541935,54,6616552,2483738,1336402,69713544,11905392,12215664,3525856,3090696,5288784,705459,35639328
open_dense,30,timed,priority,17,100000,100000,10000,0,75063,35120,24937,39943,110183,81e32d85fb317856,True,,,,,,75063,0.001826402,0.000732422,0.002685547,0.019775391,0.110351562,2.822021484,1091.811,,,,,,,,,2.329171,4,5,6,9.316682,24,24.633364,54,6823640,2714178,,,,,,,,,
open_dense,30,diagnostic,priority,17,100000,100000,10000,1,75063,35120,24937,39943,110183,81e32d85fb317856,True,136336,4096,3721,242904,0,75063,0.002159088,0.000976562,0.002929688,0.023193359,0.149414062,2.918945312,1512.427,71342,2590,654,402,53,22,0,0,2.329171,4,5,6,9.316682,24,24.633364,54,6823640,2714178,1917965,111500216,12112480,14434744,3525856,3297784,5288784,725325,38894560
baseline,31,timed,local,17,100000,100000,10000,0,89947,9976,10053,79971,99923,5f930b01d0fdb94f,True,,,,,,89947,0.001029675,0.000976562,0.001464844,0.002441406,0.005859375,0.112548828,583.638,,,,,,,,,2.671597,5,6,6,10.686419,24,27.372777,54,6939576,2735170,,,,,,,,,
baseline,31,diagnostic,local,17,100000,100000,10000,1,89947,9976,10053,79971,99923,5f930b01d0fdb94f,True,1840,32,220,1920,0,89947,0.001489535,0.001464844,0.002441406,0.00390625,0.008056641,0.114501953,1088.911,89727,212,8,0,0,0,0,0,2.671597,5,6,6,10.686419,24,27.372777,54,6939576,2735170,574140,26101736,11735936,11735960,3197536,3742040,4796304,274139,13473344
open_dense,31,timed,local,17,100000,100000,10000,0,89947,9976,10053,79971,99923,5f930b01d0fdb94f,True,,,,,,89947,0.001139378,0.000976562,0.002197266,0.00390625,0.008056641,0.111328125,659.29,,,,,,,,,2.671597,5,6,6,10.686419,24,27.372777,54,6939576,2735170,,,,,,,,,
open_dense,31,diagnostic,local,17,100000,100000,10000,1,89947,9976,10053,79971,99923,5f930b01d0fdb94f,True,1840,32,220,1920,0,89947,0.001578336,0.001464844,0.002685547,0.00390625,0.010009766,0.068359375,1131.129,89727,212,8,0,0,0,0,0,2.671597,5,6,6,10.686419,24,27.372777,54,6939576,2735170,574140,26101736,11735936,11735960,3197536,3742040,4796304,274139,13473344
baseline,32,timed,churn,17,100000,100000,10000,0,70171,29928,29829,40243,100099,a5b1d7d90289432e,True,,,,,,70171,0.001318299,0.001220703,0.002197266,0.004638672,0.010009766,0.0390625,602.526,,,,,,,,,2.427077,4,5,6,9.708309,24,25.416618,54,6487624,2544178,,,,,,,,,
baseline,32,diagnostic,churn,17,100000,100000,10000,1,70171,29928,29829,40243,100099,a5b1d7d90289432e,True,64,8,8,64,0,70171,0.00211628,0.001953125,0.003662109,0.005615234,0.010986328,0.297607422,1206.423,70163,8,0,0,0,0,0,0,2.427077,4,5,6,9.708309,24,25.416618,54,6487624,2544178,510658,22656624,11292432,11292744,3203168,3284456,4804752,210657,10028232
open_dense,32,timed,churn,17,100000,100000,10000,0,70171,29928,29829,40243,100099,a5b1d7d90289432e,True,,,,,,70171,0.001506883,0.001464844,0.002441406,0.003417969,0.006591797,0.056396484,869.276,,,,,,,,,2.427077,4,5,6,9.708309,24,25.416618,54,6487624,2544178,,,,,,,,,
open_dense,32,diagnostic,churn,17,100000,100000,10000,1,70171,29928,29829,40243,100099,a5b1d7d90289432e,True,64,8,8,64,0,70171,0.001698098,0.001708984,0.002685547,0.003662109,0.006835938,0.108642578,1022.93,70163,8,0,0,0,0,0,0,2.427077,4,5,6,9.708309,24,25.416618,54,6487624,2544178,510658,22656624,11292432,11292744,3203168,3284456,4804752,210657,10028232
baseline,33,timed,churn,17,50000,500000,50000,0,349902,150286,150098,199616,50188,b40dfdee1c478897,True,,,,,,349902,0.000927994,0.000976562,0.001464844,0.002197266,0.004394531,0.112792969,851.816,,,,,,,,,2.387463,5,6,6,9.588248,24,25.099705,54,3254776,1259704,,,,,,,,,
baseline,33,diagnostic,churn,17,50000,500000,50000,1,349902,150286,150098,199616,50188,b40dfdee1c478897,True,6296,32,777,6376,0,349902,0.001149504,0.000976562,0.001953125,0.003662109,0.007568359,0.431640625,1175.242,349125,769,8,0,0,0,0,0,2.387463,5,6,6,9.588248,24,25.099705,54,3254776,1259704,1214028,51225768,5663856,5676288,1606016,1648760,2409024,1064027,45998576
open_dense,33,timed,churn,17,50000,500000,50000,0,349902,150286,150098,199616,50188,b40dfdee1c478897,True,,,,,,349902,0.000938746,0.000976562,0.001464844,0.002441406,0.004394531,0.130126953,890.528,,,,,,,,,2.387463,5,6,6,9.588248,24,25.099705,54,3254776,1259704,,,,,,,,,
open_dense,33,diagnostic,churn,17,50000,500000,50000,1,349902,150286,150098,199616,50188,b40dfdee1c478897,True,6296,32,777,6376,0,349902,0.001047136,0.000976562,0.001464844,0.002441406,0.005371094,0.273681641,996.197,349125,769,8,0,0,0,0,0,2.387463,5,6,6,9.588248,24,25.099705,54,3254776,1259704,1214028,51225768,5663856,5676288,1606016,1648760,2409024,1064027,45998576
baseline,34,timed,ascending,17,1000,10000,1000,0,10000,10000,0,0,11000,12d4d68a92aa98d5,True,,,,,,10000,0.000370361,0.000244141,0.000488281,0.001220703,0.01171875,0.028076172,34.325,,,,,,,,,0.999909,1,1,1,3.999909,4,13.999273,14,527984,153992,,,,,,,,,
baseline,34,diagnostic,ascending,17,1000,10000,1000,1,10000,10000,0,0,11000,12d4d68a92aa98d5,True,0,0,0,0,0,10000,0.000425757,0.000244141,0.000488281,0.001464844,0.019287109,0.041992188,25.227,10000,0,0,0,0,0,0,0,0.999909,1,1,1,3.999909,4,13.999273,14,527984,153992,33001,1056040,1056040,1056040,352000,175984,528000,30000,960000
open_dense,34,timed,ascending,17,1000,10000,1000,0,10000,10000,0,0,11000,12d4d68a92aa98d5,True,,,,,,10000,0.000372632,0.000244141,0.000488281,0.001464844,0.010742188,0.026611328,23.205,,,,,,,,,0.999909,1,1,1,3.999909,4,13.999273,14,527984,153992,,,,,,,,,
open_dense,34,diagnostic,ascending,17,1000,10000,1000,1,10000,10000,0,0,11000,12d4d68a92aa98d5,True,0,0,0,0,0,10000,0.000478101,0.000244141,0.001220703,0.001464844,0.018798828,0.083496094,24.69,10000,0,0,0,0,0,0,0,0.999909,1,1,1,3.999909,4,13.999273,14,527984,153992,33001,1056040,1056040,1056040,352000,175984,528000,30000,960000
baseline,35,timed,descending,17,1000,10000,1000,0,10000,10000,0,0,11000,b58a397bcd3db1eb,True,,,,,,10000,0.000356592,0.000244141,0.000488281,0.001220703,0.01171875,0.037109375,27.079,,,,,,,,,0.999909,1,1,1,3.999909,4,13.999273,14,527984,153992,,,,,,,,,
baseline,35,diagnostic,descending,17,1000,10000,1000,1,10000,10000,0,0,11000,b58a397bcd3db1eb,True,0,0,0,0,0,10000,0.000468652,0.000244141,0.001220703,0.001464844,0.019287109,0.102783203,23.705,10000,0,0,0,0,0,0,0,0.999909,1,1,1,3.999909,4,13.999273,14,527984,153992,33001,1056040,1056040,1056040,352000,175984,528000,30000,960000
open_dense,35,timed,descending,17,1000,10000,1000,0,10000,10000,0,0,11000,b58a397bcd3db1eb,True,,,,,,10000,0.000329028,0.000244141,0.000488281,0.000488281,0.010742188,0.024169922,22.871,,,,,,,,,0.999909,1,1,1,3.999909,4,13.999273,14,527984,153992,,,,,,,,,
open_dense,35,diagnostic,descending,17,1000,10000,1000,1,10000,10000,0,0,11000,b58a397bcd3db1eb,True,0,0,0,0,0,10000,0.000447314,0.000244141,0.000488281,0.001220703,0.027587891,0.055664062,25.644,10000,0,0,0,0,0,0,0,0.999909,1,1,1,3.999909,4,13.999273,14,527984,153992,33001,1056040,1056040,1056040,352000,175984,528000,30000,960000
baseline,36,timed,random,17,1000,10000,1000,0,10000,10000,0,0,11000,9ccf01216b3e3221,True,,,,,,10000,0.001122949,0.000732422,0.000976562,0.001220703,0.02734375,3.578369141,42.817,,,,,,,,,2.910091,3,3,3,11.640636,12,29.280727,30,776448,322088,,,,,,,,,
baseline,36,diagnostic,random,17,1000,10000,1000,1,10000,10000,0,0,11000,9ccf01216b3e3221,True,8509,7941,18,17125,7941,10000,0.00131687,0.000732422,0.001220703,0.002441406,0.036132812,4.401367188,44.628,9982,7,6,4,0,0,0,1,2.910091,3,3,3,11.640636,12,29.280727,30,776448,322088,67894,3556600,1304504,1575600,352000,424448,528000,64367,3402488
open_dense,36,timed,random,17,1000,10000,1000,0,10000,10000,0,0,11000,9ccf01216b3e3221,True,,,,,,10000,0.001021387,0.000732422,0.001220703,0.002685547,0.029296875,1.608154297,40.017,,,,,,,,,1.760545,3,5,6,7.042455,24,20.084364,54,613080,220928,,,,,,,,,
open_dense,36,diagnostic,random,17,1000,10000,1000,1,10000,10000,0,0,11000,9ccf01216b3e3221,True,5272,4096,23,10360,0,10000,0.001047095,0.000732422,0.000976562,0.001464844,0.037841797,1.947265625,40.678,9977,9,7,5,1,1,0,0,1.760545,3,5,6,7.042455,24,20.084364,54,613080,220928,54397,2528328,1141136,1150392,352000,261080,528000,50870,2374216
baseline,37,timed,equal,17,1000,10000,1000,0,10000,10000,0,0,11000,5e230cae8370cbed,True,,,,,,10000,0.000337842,0.000244141,0.000488281,0.000488281,0.01171875,0.025390625,26.24,,,,,,,,,0.999909,1,1,1,3.999909,4,13.999273,14,527984,153992,,,,,,,,,
baseline,37,diagnostic,equal,17,1000,10000,1000,1,10000,10000,0,0,11000,5e230cae8370cbed,True,0,0,0,0,0,10000,0.000431738,0.000244141,0.000488281,0.000732422,0.027587891,0.055419922,25.683,10000,0,0,0,0,0,0,0,0.999909,1,1,1,3.999909,4,13.999273,14,527984,153992,33001,1056040,1056040,1056040,352000,175984,528000,30000,960000
open_dense,37,timed,equal,17,1000,10000,1000,0,10000,10000,0,0,11000,5e230cae8370cbed,True,,,,,,10000,0.000337256,0.000244141,0.000488281,0.000488281,0.010986328,0.024169922,25.3,,,,,,,,,0.999909,1,1,1,3.999909,4,13.999273,14,527984,153992,,,,,,,,,
open_dense,37,diagnostic,equal,17,1000,10000,1000,1,10000,10000,0,0,11000,5e230cae8370cbed,True,0,0,0,0,0,10000,0.000394775,0.000244141,0.000488281,0.000732422,0.019042969,0.045410156,21.744,10000,0,0,0,0,0,0,0,0.999909,1,1,1,3.999909,4,13.999273,14,527984,153992,33001,1056040,1056040,1056040,352000,175984,528000,30000,960000
baseline,38,timed,duplicates,17,1000,10000,1000,0,10000,10000,0,0,11000,cf293018ea092e9a,True,,,,,,10000,0.00090083,0.000732422,0.002197266,0.003417969,0.020019531,0.112060547,40.336,,,,,,,,,2.415,4,5,6,9.660273,24,25.32,54,692928,278520,,,,,,,,,
baseline,38,diagnostic,duplicates,17,1000,10000,1000,1,10000,10000,0,0,11000,cf293018ea092e9a,True,6984,256,762,7872,0,10000,0.00108252,0.000732422,0.002441406,0.005371094,0.037597656,0.197265625,42.946,9238,719,41,0,2,0,0,0,2.415,4,5,6,9.660273,24,25.32,54,692928,278520,55638,2890368,1220984,1221424,352000,340928,528000,47386,2458264
open_dense,38,timed,duplicates,17,1000,10000,1000,0,10000,10000,0,0,11000,cf293018ea092e9a,True,,,,,,10000,0.001619897,0.000732422,0.002685547,0.015625,0.155029297,1.018554688,48.304,,,,,,,,,2.744091,5,5,6,10.976364,24,27.952727,54,756808,307480,,,,,,,,,
open_dense,38,diagnostic,duplicates,17,1000,10000,1000,1,10000,10000,0,0,11000,cf293018ea092e9a,True,18416,2048,694,31280,0,10000,0.001841064,0.000732422,0.003173828,0.015869141,0.179931641,1.227050781,49.854,9306,594,36,50,12,2,0,0,2.744091,5,5,6,10.976364,24,27.952727,54,756808,307480,101179,6008312,1284864,1352136,352000,404808,528000,94640,5676928
baseline,39,timed,alternating,17,1000,10000,1000,0,10000,10000,0,0,11000,e40011cab76202a5,True,,,,,,10000,0.007877148,0.001220703,0.023925781,0.051025391,0.791015625,1.566894531,107.778,,,,,,,,,1.705455,3,4,6,6.822091,24,19.643636,54,610712,216080,,,,,,,,,
baseline,39,diagnostic,alternating,17,1000,10000,1000,1,10000,10000,0,0,11000,e40011cab76202a5,True,133880,4096,3506,239712,0,10000,0.008562036,0.001220703,0.025878906,0.053955078,0.853271484,1.767578125,118.111,6494,2279,817,328,51,31,0,0,1.705455,3,4,6,6.822091,24,19.643636,54,610712,216080,543776,39555872,1138768,1456960,352000,258712,528000,522704,37746432
open_dense,39,timed,alternating,17,1000,10000,1000,0,10000,10000,0,0,11000,e40011cab76202a5,True,,,,,,10000,0.008027075,0.001220703,0.024169922,0.051513672,0.810302734,1.650390625,112.959,,,,,,,,,1.705455,3,4,6,6.822091,24,19.643636,54,610712,216080,,,,,,,,,
open_dense,39,diagnostic,alternating,17,1000,10000,1000,1,10000,10000,0,0,11000,e40011cab76202a5,True,133880,4096,3506,239712,0,10000,0.009424585,0.001220703,0.027832031,0.0625,0.976074219,2.383544922,134.056,6494,2279,817,328,51,31,0,0,1.705455,3,4,6,6.822091,24,19.643636,54,610712,216080,543776,39555872,1138768,1456960,352000,258712,528000,522704,37746432
baseline,40,timed,hotspot,17,1000,10000,1000,0,10000,10000,0,0,11000,044a7920c9abb355,True,,,,,,10000,0.000383179,0.000244141,0.000488281,0.000732422,0.016357422,0.037109375,29.146,,,,,,,,,0.999909,1,1,1,7.982091,9,16.924818,17,527984,186173,,,,,,,,,
baseline,40,diagnostic,hotspot,17,1000,10000,1000,1,10000,10000,0,0,11000,044a7920c9abb355,True,0,0,0,0,0,10000,0.000406885,0.000244141,0.000488281,0.000732422,0.020019531,0.037597656,26.39,10000,0,0,0,0,0,0,0,0.999909,1,1,1,7.982091,9,16.924818,17,527984,186173,33001,1056040,1056040,1056040,352000,175984,528000,30000,960000
open_dense,40,timed,hotspot,17,1000,10000,1000,0,10000,10000,0,0,11000,044a7920c9abb355,True,,,,,,10000,0.000354321,0.000244141,0.000488281,0.000488281,0.010986328,0.025634766,20.714,,,,,,,,,0.999909,1,1,1,7.982091,9,16.924818,17,527984,186173,,,,,,,,,
open_dense,40,diagnostic,hotspot,17,1000,10000,1000,1,10000,10000,0,0,11000,044a7920c9abb355,True,0,0,0,0,0,10000,0.000475488,0.000244141,0.000732422,0.000976562,0.027587891,0.063232422,24.979,10000,0,0,0,0,0,0,0,0.999909,1,1,1,7.982091,9,16.924818,17,527984,186173,33001,1056040,1056040,1056040,352000,175984,528000,30000,960000
baseline,41,timed,ascending,17,10000,100000,10000,0,100000,100000,0,0,110000,b0d46d6e8b5b8765,True,,,,,,100000,0.000627922,0.000488281,0.000976562,0.000976562,0.022216797,0.103515625,178.799,,,,,,,,,2.228082,4,4,4,8.912355,16,23.824655,38,6622872,2620712,,,,,,,,,
baseline,41,diagnostic,ascending,17,10000,100000,10000,1,100000,100000,0,0,110000,b0d46d6e8b5b8765,True,0,0,0,0,0,100000,0.000721467,0.000732422,0.000976562,0.001220703,0.040771484,0.241943359,318.295,100000,0,0,0,0,0,0,0,2.228082,4,4,4,8.912355,16,23.824655,38,6622872,2620712,330001,14228392,11902928,11902928,3520000,3102872,5280000,300000,13268352
open_dense,41,timed,ascending,17,10000,100000,10000,0,100000,100000,0,0,110000,b0d46d6e8b5b8765,True,,,,,,100000,0.000658193,0.000488281,0.000976562,0.001220703,0.024658203,0.198730469,232.202,,,,,,,,,2.228082,4,4,4,8.912355,16,23.824655,38,6622872,2620712,,,,,,,,,
open_dense,41,diagnostic,ascending,17,10000,100000,10000,1,100000,100000,0,0,110000,b0d46d6e8b5b8765,True,0,0,0,0,0,100000,0.000816243,0.000732422,0.000976562,0.001464844,0.04296875,0.159423828,287.083,100000,0,0,0,0,0,0,0,2.228082,4,4,4,8.912355,16,23.824655,38,6622872,2620712,330001,14228392,11902928,11902928,3520000,3102872,5280000,300000,13268352
baseline,42,timed,descending,17,10000,100000,10000,0,100000,100000,0,0,110000,0957d532c4b3d18b,True,,,,,,100000,0.00040249,0.000244141,0.000488281,0.000732422,0.021728516,0.066162109,152.738,,,,,,,,,0.999991,1,1,1,4.409355,5,13.999927,14,5279984,1539992,,,,,,,,,
baseline,42,diagnostic,descending,17,10000,100000,10000,1,100000,100000,0,0,110000,0957d532c4b3d18b,True,0,0,0,0,0,100000,0.000481497,0.000488281,0.000488281,0.000732422,0.040527344,0.234863281,244.606,100000,0,0,0,0,0,0,0,0.999991,1,1,1,4.409355,5,13.999927,14,5279984,1539992,330001,10560040,10560040,10560040,3520000,1759984,5280000,300000,9600000
open_dense,42,timed,descending,17,10000,100000,10000,0,100000,100000,0,0,110000,0957d532c4b3d18b,True,,,,,,100000,0.000421624,0.000244141,0.000488281,0.000732422,0.021728516,1.033203125,153.35,,,,,,,,,0.999991,1,1,1,4.409355,5,13.999927,14,5279984,1539992,,,,,,,,,
open_dense,42,diagnostic,descending,17,10000,100000,10000,1,100000,100000,0,0,110000,0957d532c4b3d18b,True,0,0,0,0,0,100000,0.000485474,0.000488281,0.000488281,0.000732422,0.0390625,0.178955078,228.177,100000,0,0,0,0,0,0,0,0.999991,1,1,1,4.409355,5,13.999927,14,5279984,1539992,330001,10560040,10560040,10560040,3520000,1759984,5280000,300000,9600000
baseline,43,timed,random,17,10000,100000,10000,0,100000,100000,0,0,110000,f212164bc2c0b96d,True,,,,,,100000,0.00108678,0.000976562,0.001708984,0.002197266,0.029296875,0.113525391,414.264,,,,,,,,,2.716591,3,3,6,10.866391,24,27.732727,54,7433616,3050600,,,,,,,,,
baseline,43,diagnostic,random,17,10000,100000,10000,1,100000,100000,0,0,110000,f212164bc2c0b96d,True,72,16,8,80,0,100000,0.00129124,0.000976562,0.002197266,0.002685547,0.041748047,0.161376953,586.959,99992,7,1,0,0,0,0,0,2.716591,3,3,6,10.866391,24,27.732727,54,7433616,3050600,344197,17139304,12713672,12713672,3520000,3913616,5280000,300178,14864792
open_dense,43,timed,random,17,10000,100000,10000,0,100000,100000,0,0,110000,f212164bc2c0b96d,True,,,,,,100000,0.003313704,0.001220703,0.003662109,0.006347656,0.041015625,70.751464844,781.356,,,,,,,,,2.220155,4,5,6,8.880645,24,23.761236,54,6678744,2613736,,,,,,,,,
open_dense,43,diagnostic,random,17,10000,100000,10000,1,100000,100000,0,0,110000,f212164bc2c0b96d,True,215176,65536,1101,421544,0,100000,0.004215305,0.001708984,0.004150391,0.008300781,0.054443359,63.702636719,902.298,98899,817,209,39,21,8,7,0,2.220155,4,5,6,8.880645,24,23.761236,54,6678744,2613736,1188163,71148440,11958800,15293456,3520000,3158744,5280000,1146911,68999040
baseline,44,timed,equal,17,10000,100000,10000,0,100000,100000,0,0,110000,ab8fe7c68b1b8a35,True,,,,,,100000,0.000630776,0.000488281,0.000976562,0.000976562,0.022460938,0.092041016,226.329,,,,,,,,,2.228082,4,4,4,8.912355,16,23.824655,38,6622872,2620712,,,,,,,,,
baseline,44,diagnostic,equal,17,10000,100000,10000,1,100000,100000,0,0,110000,ab8fe7c68b1b8a35,True,0,0,0,0,0,100000,0.000692344,0.000732422,0.000976562,0.001220703,0.035888672,0.091552734,266.309,100000,0,0,0,0,0,0,0,2.228082,4,4,4,8.912355,16,23.824655,38,6622872,2620712,330001,14228392,11902928,11902928,3520000,3102872,5280000,300000,13268352
open_dense,44,timed,equal,17,10000,100000,10000,0,100000,100000,0,0,110000,ab8fe7c68b1b8a35,True,,,,,,100000,0.000644375,0.000488281,0.000976562,0.001220703,0.019775391,0.054443359,237.79,,,,,,,,,2.228082,4,4,4,8.912355,16,23.824655,38,6622872,2620712,,,,,,,,,
open_dense,44,diagnostic,equal,17,10000,100000,10000,1,100000,100000,0,0,110000,ab8fe7c68b1b8a35,True,0,0,0,0,0,100000,0.000749285,0.000732422,0.000976562,0.001220703,0.036621094,0.065429688,281.408,100000,0,0,0,0,0,0,0,2.228082,4,4,4,8.912355,16,23.824655,38,6622872,2620712,330001,14228392,11902928,11902928,3520000,3102872,5280000,300000,13268352
baseline,45,timed,duplicates,17,10000,100000,10000,0,100000,100000,0,0,110000,69c75b52f43cdf53,True,,,,,,100000,0.001286602,0.000732422,0.002441406,0.006835938,0.034667969,4.59375,456.093,,,,,,,,,2.345836,4,5,6,9.383345,24,24.766691,54,6905760,2724336,,,,,,,,,
baseline,45,diagnostic,duplicates,17,10000,100000,10000,1,100000,100000,0,0,110000,69c75b52f43cdf53,True,106224,8192,6915,157128,0,100000,0.001472187,0.000976562,0.002685547,0.008300781,0.055664062,5.675537109,636.159,93085,5972,861,44,28,9,1,0,2.345836,4,5,6,9.383345,24,24.766691,54,6905760,2724336,682457,36785416,12185816,12187968,3520000,3385760,5280000,631341,34153200
open_dense,45,timed,duplicates,17,10000,100000,10000,0,100000,100000,0,0,110000,69c75b52f43cdf53,True,,,,,,100000,0.002200178,0.000976562,0.002929688,0.008300781,0.154296875,38.061035156,616.213,,,,,,,,,3.641218,4,5,6,14.5649,24,35.129745,54,9163184,3864272,,,,,,,,,
open_dense,45,diagnostic,duplicates,17,10000,100000,10000,1,100000,100000,0,0,110000,69c75b52f43cdf53,True,240692,64508,7575,421812,64508,100000,0.002740474,0.000976562,0.003417969,0.009765625,0.171630859,62.034423828,834.789,92425,6611,628,177,127,29,2,1,3.641218,4,5,6,14.5649,24,35.129745,54,9163184,3864272,1244264,75791672,14443240,14443240,3520000,5643184,5280000,1164293,71104744
baseline,46,timed,alternating,17,10000,100000,10000,0,100000,100000,0,0,110000,a3996f26b58e9165,True,,,,,,100000,0.020424656,0.001220703,0.024414062,0.057373047,3.171630859,30.687988281,2350.148,,,,,,,,,2.368727,4,4,6,9.474936,24,24.949818,54,7184544,2744480,,,,,,,,,
baseline,46,diagnostic,alternating,17,10000,100000,10000,1,100000,100000,0,0,110000,a3996f26b58e9165,True,4280851,65536,35664,8291595,50331,100000,0.026086479,0.001464844,0.025878906,0.058105469,3.978515625,72.783935547,3075.719,64336,23223,8292,3319,276,363,190,1,2.368727,4,4,6,9.474936,24,24.949818,54,7184544,2744480,17491179,1006177216,12464600,17162256,3520000,3664544,5280000,17023387,971653104
open_dense,46,timed,alternating,17,10000,100000,10000,0,100000,100000,0,0,110000,a3996f26b58e9165,True,,,,,,100000,0.020433643,0.001220703,0.024169922,0.051269531,3.234130859,38.500244141,2400.105,,,,,,,,,2.368727,4,4,6,9.474936,24,24.949818,54,7184544,2744480,,,,,,,,,
open_dense,46,diagnostic,alternating,17,10000,100000,10000,1,100000,100000,0,0,110000,a3996f26b58e9165,True,4280851,65536,35664,8291595,50331,100000,0.02521001,0.001464844,0.027832031,0.059570312,4.065429688,53.541992188,2986.455,64336,23223,8292,3319,276,363,190,1,2.368727,4,4,6,9.474936,24,24.949818,54,7184544,2744480,17491179,1006177216,12464600,17162256,3520000,3664544,5280000,17023387,971653104
baseline,47,timed,hotspot,17,10000,100000,10000,0,100000,100000,0,0,110000,804ae845468b851d,True,,,,,,100000,0.000438616,0.000488281,0.000488281,0.000732422,0.022949219,0.251708984,211.519,,,,,,,,,0.999991,1,1,1,8.988964,10,18.204673,20,5279984,2002514,,,,,,,,,
baseline,47,diagnostic,hotspot,17,10000,100000,10000,1,100000,100000,0,0,110000,804ae845468b851d,True,0,0,0,0,0,100000,0.000503274,0.000488281,0.000732422,0.000732422,0.041992188,0.237304688,289.957,100000,0,0,0,0,0,0,0,0.999991,1,1,1,8.988964,10,18.204673,20,5279984,2002514,330001,10560040,10560040,10560040,3520000,1759984,5280000,300000,9600000
open_dense,47,timed,hotspot,17,10000,100000,10000,0,100000,100000,0,0,110000,804ae845468b851d,True,,,,,,100000,0.000559336,0.000488281,0.000732422,0.001464844,0.026367188,0.227539062,349.056,,,,,,,,,0.999991,1,1,1,8.988964,10,18.204673,20,5279984,2002514,,,,,,,,,
open_dense,47,diagnostic,hotspot,17,10000,100000,10000,1,100000,100000,0,0,110000,804ae845468b851d,True,0,0,0,0,0,100000,0.000487568,0.000488281,0.000488281,0.000732422,0.040039062,0.118652344,231.969,100000,0,0,0,0,0,0,0,0.999991,1,1,1,8.988964,10,18.204673,20,5279984,2002514,330001,10560040,10560040,10560040,3520000,1759984,5280000,300000,9600000
baseline,48,timed,timeline,3512641005,10000,100000,10000,0,89891,89891,10109,0,89782,0a7b6a3ea2365fad,True,,,,,,89891,0.002763799,0.000976562,0.001464844,0.002441406,0.010986328,92.360595703,480.189,,,,,,,,,3.65913,4,5,5,14.636553,20,35.273039,46,7760224,3166884,,,,,,,,,
baseline,48,diagnostic,timeline,3512641005,10000,100000,10000,1,89891,89891,10109,0,89782,0a7b6a3ea2365fad,True,156421,74198,6,385797,156373,89891,0.002932626,0.000976562,0.001464844,0.002685547,0.013427734,99.300292969,593.999,89885,2,1,0,0,0,0,3,3.65913,4,5,5,14.636553,20,35.273039,46,7760224,3166884,1071419,79554424,12069816,17741984,2873024,4887200,4309536,1041418,78594384
open_dense,48,timed,timeline,3512641005,10000,100000,10000,0,89891,89891,10109,0,89782,0a7b6a3ea2365fad,True,,,,,,89891,0.010667642,0.001220703,0.003417969,0.16796875,0.365966797,28.361572266,1246.045,,,,,,,,,3.604687,5,5,6,14.418781,24,34.837495,54,7358320,3127780,,,,,,,,,
open_dense,48,diagnostic,timeline,3512641005,10000,100000,10000,1,89891,89891,10109,0,89782,0a7b6a3ea2365fad,True,1196136,32768,3470,2364512,0,89891,0.012693477,0.001464844,0.00390625,0.189697266,0.430175781,38.0390625,1477.154,86421,155,285,1213,1749,38,30,0,3.604687,5,5,6,14.418781,24,34.837495,54,7358320,3127780,5075056,507417016,11667912,15575536,2873024,4485296,4309536,5045055,506456976
baseline,49,timed,priority,3512641005,10000,100000,10000,0,74968,34921,25032,40047,19889,620e7fa99afb8bf0,True,,,,,,74968,0.000998118,0.000488281,0.000976562,0.003173828,0.065917969,7.479980469,165.647,,,,,,,,,1.43069,3,4,6,5.722761,24,17.445523,54,1042624,346974,,,,,,,,,
baseline,49,diagnostic,priority,3512641005,10000,100000,10000,1,74968,34921,25032,40047,19889,620e7fa99afb8bf0,True,74743,16199,2354,130839,16199,74968,0.001097946,0.000488281,0.001220703,0.003662109,0.071289062,8.506347656,192.639,72614,1852,327,113,58,3,0,1,1.43069,3,4,6,5.722761,24,17.445523,54,1042624,346974,552083,27142752,1997352,3102456,636448,406176,954672,494325,24141400
open_dense,49,timed,priority,3512641005,10000,100000,10000,0,74968,34921,25032,40047,19889,620e7fa99afb8bf0,True,,,,,,74968,0.001032797,0.000732422,0.001220703,0.003417969,0.017578125,3.602539062,173.142,,,,,,,,,2.778471,5,6,6,11.114033,24,28.227764,54,1407736,561422,,,,,,,,,
open_dense,49,diagnostic,priority,3512641005,10000,100000,10000,1,74968,34921,25032,40047,19889,620e7fa99afb8bf0,True,50384,8192,2991,76840,0,74968,0.001163091,0.000976562,0.001220703,0.003662109,0.01953125,4.475830078,195.309,71977,2654,303,24,6,2,2,0,2.778471,5,6,6,11.114033,24,28.227764,54,1407736,561422,437638,23830680,2362464,2491072,636448,771288,954672,385651,21211472
baseline,50,timed,local,3512641005,10000,100000,10000,0,89973,10032,10027,79941,10005,0428ab0b0691db70,True,,,,,,89973,0.000659152,0.000732422,0.000976562,0.001464844,0.003173828,0.01171875,164.026,,,,,,,,,2.149025,5,6,6,8.596402,24,23.192204,54,620488,232038,,,,,,,,,
baseline,50,diagnostic,local,3512641005,10000,100000,10000,1,89973,10032,10027,79941,10005,0428ab0b0691db70,True,5552,16,670,5744,0,89973,0.00069195,0.000732422,0.000976562,0.001953125,0.003417969,0.096191406,175.012,89303,646,24,0,0,0,0,0,2.149025,5,6,6,8.596402,24,23.192204,54,620488,232038,312789,12856688,1100784,1111560,320160,300328,480240,282788,11896648
open_dense,50,timed,local,3512641005,10000,100000,10000,0,89973,10032,10027,79941,10005,0428ab0b0691db70,True,,,,,,89973,0.000668251,0.000732422,0.000976562,0.001953125,0.003417969,0.018066406,165.099,,,,,,,,,2.149025,5,6,6,8.596402,24,23.192204,54,620488,232038,,,,,,,,,
open_dense,50,diagnostic,local,3512641005,10000,100000,10000,1,89973,10032,10027,79941,10005,0428ab0b0691db70,True,5552,16,670,5744,0,89973,0.000708725,0.000732422,0.000976562,0.002197266,0.003417969,0.026855469,174.616,89303,646,24,0,0,0,0,0,2.149025,5,6,6,8.596402,24,23.192204,54,620488,232038,312789,12856688,1100784,1111560,320160,300328,480240,282788,11896648
baseline,51,timed,churn,3512641005,10000,100000,10000,0,69896,29948,30104,39948,9844,0d91a03571f89613,True,,,,,,69896,0.000622346,0.000488281,0.000976562,0.001220703,0.002685547,0.107666016,130.175,,,,,,,,,1.918123,4,6,6,7.672796,24,21.344982,54,578048,210120,,,,,,,,,
baseline,51,diagnostic,churn,3512641005,10000,100000,10000,1,69896,29948,30104,39948,9844,0d91a03571f89613,True,712,8,89,712,0,69896,0.000789657,0.000732422,0.001464844,0.003417969,0.008789062,0.154296875,181.334,69807,89,0,0,0,0,0,0,1.918123,4,6,6,7.672796,24,21.344982,54,578048,210120,241285,9235232,1050616,1051392,315008,263040,472512,211284,8275192
open_dense,51,timed,churn,3512641005,10000,100000,10000,0,69896,29948,30104,39948,9844,0d91a03571f89613,True,,,,,,69896,0.000687461,0.000732422,0.000976562,0.001464844,0.003662109,0.095214844,145.657,,,,,,,,,1.918123,4,6,6,7.672796,24,21.344982,54,578048,210120,,,,,,,,,
open_dense,51,diagnostic,churn,3512641005,10000,100000,10000,1,69896,29948,30104,39948,9844,0d91a03571f89613,True,712,8,89,712,0,69896,0.000685537,0.000732422,0.000976562,0.001464844,0.003173828,0.105712891,147.284,69807,89,0,0,0,0,0,0,1.918123,4,6,6,7.672796,24,21.344982,54,578048,210120,241285,9235232,1050616,1051392,315008,263040,472512,211284,8275192
baseline,52,timed,churn,3512641005,50000,500000,50000,0,349756,149772,150244,199984,49528,ffa020200c11757b,True,,,,,,349756,0.000993023,0.000976562,0.001464844,0.002441406,0.005126953,1.689453125,934.079,,,,,,,,,2.373445,5,6,6,9.532971,24,24.987563,54,3199816,1237584,,,,,,,,,
baseline,52,diagnostic,churn,3512641005,50000,500000,50000,1,349756,149772,150244,199984,49528,ffa020200c11757b,True,6616,16,817,6696,0,349756,0.001329211,0.001220703,0.002685547,0.004394531,0.008056641,1.657958984,1338.679,348939,807,10,0,0,0,0,0,2.373445,5,6,6,9.532971,24,24.987563,54,3199816,1237584,1214313,51229016,5577216,5608392,1584896,1614920,2377344,1064312,46001824
open_dense,52,timed,churn,3512641005,50000,500000,50000,0,349756,149772,150244,199984,49528,ffa020200c11757b,True,,,,,,349756,0.001079452,0.000976562,0.002197266,0.004394531,0.008056641,0.270996094,1012.597,,,,,,,,,2.373445,5,6,6,9.532971,24,24.987563,54,3199816,1237584,,,,,,,,,
open_dense,52,diagnostic,churn,3512641005,50000,500000,50000,1,349756,149772,150244,199984,49528,ffa020200c11757b,True,6616,16,817,6696,0,349756,0.001199163,0.000976562,0.001953125,0.003417969,0.007568359,0.775634766,1205.481,348939,807,10,0,0,0,0,0,2.373445,5,6,6,9.532971,24,24.987563,54,3199816,1237584,1214313,51229016,5577216,5608392,1584896,1614920,2377344,1064312,46001824
