strategy,run,build,workload,seed,initial,operations,category,count,mean_ms,p50_ms,p95_ms,p99_ms,p999_ms,max_ms
baseline,1,timed,timeline,17,1000,10000,all,9010,0.000495462,0.000488281,0.000732422,0.002197266,,0.037353516
baseline,1,diagnostic,timeline,17,1000,10000,all,9010,0.00055185,0.000488281,0.000732422,0.000976562,,0.056396484
baseline,1,diagnostic,timeline,17,1000,10000,direct,9010,0.00055185,0.000488281,0.000732422,0.000976562,,0.056396484
open_dense,1,timed,timeline,17,1000,10000,all,9010,0.000500475,0.000488281,0.000732422,0.000976562,,0.032714844
open_dense,1,diagnostic,timeline,17,1000,10000,all,9010,0.000598646,0.000488281,0.000732422,0.002197266,,0.076416016
open_dense,1,diagnostic,timeline,17,1000,10000,direct,9010,0.000598646,0.000488281,0.000732422,0.002197266,,0.076416016
baseline,2,timed,timeline,305419896,1000,10000,all,8997,0.000485812,0.000488281,0.000732422,0.000976562,,0.030029297
baseline,2,diagnostic,timeline,305419896,1000,10000,all,8997,0.000555117,0.000488281,0.000732422,0.000976562,,0.060546875
baseline,2,diagnostic,timeline,305419896,1000,10000,direct,8997,0.000555117,0.000488281,0.000732422,0.000976562,,0.060546875
open_dense,2,timed,timeline,305419896,1000,10000,all,8997,0.000572212,0.000488281,0.000976562,0.002685547,,0.093261719
open_dense,2,diagnostic,timeline,305419896,1000,10000,all,8997,0.00056608,0.000488281,0.000732422,0.000976562,,0.058837891
open_dense,2,diagnostic,timeline,305419896,1000,10000,direct,8997,0.00056608,0.000488281,0.000732422,0.000976562,,0.058837891
baseline,3,timed,priority,17,1000,10000,all,7490,0.000681345,0.000488281,0.000976562,0.003173828,,0.145019531
baseline,3,diagnostic,priority,17,1000,10000,all,7490,0.000674108,0.000488281,0.000976562,0.003173828,,0.134277344
baseline,3,diagnostic,priority,17,1000,10000,direct,7259,0.000490501,0.000488281,0.000732422,0.000976562,,0.018798828
baseline,3,diagnostic,priority,17,1000,10000,local,230,0.005888035,0.002929688,0.020019531,0.031982422,,0.082519531
baseline,3,diagnostic,priority,17,1000,10000,large,1,0.134277344,0.134277344,0.134277344,0.134277344,,0.134277344
open_dense,3,timed,priority,17,1000,10000,all,7490,0.000771732,0.000488281,0.000976562,0.002929688,,0.138671875
open_dense,3,diagnostic,priority,17,1000,10000,all,7490,0.000908177,0.000732422,0.002441406,0.003417969,,0.147460938
open_dense,3,diagnostic,priority,17,1000,10000,direct,7229,0.000711854,0.000732422,0.000976562,0.002929688,,0.034423828
open_dense,3,diagnostic,priority,17,1000,10000,local,258,0.004767366,0.002929688,0.019775391,0.038330078,,0.043212891
open_dense,3,diagnostic,priority,17,1000,10000,large,3,0.142089844,0.143066406,0.147460938,0.147460938,,0.147460938
baseline,4,timed,priority,305419896,1000,10000,all,7527,0.000540243,0.000488281,0.000732422,0.002685547,,0.113525391
baseline,4,diagnostic,priority,305419896,1000,10000,all,7527,0.000628823,0.000488281,0.000976562,0.003417969,,0.120117188
baseline,4,diagnostic,priority,305419896,1000,10000,direct,7374,0.000513775,0.000488281,0.000976562,0.001464844,,0.037109375
baseline,4,diagnostic,priority,305419896,1000,10000,local,152,0.005424098,0.003173828,0.017578125,0.067871094,,0.083496094
baseline,4,diagnostic,priority,305419896,1000,10000,large,1,0.120117188,0.120117188,0.120117188,0.120117188,,0.120117188
open_dense,4,timed,priority,305419896,1000,10000,all,7527,0.000572548,0.000488281,0.000732422,0.002929688,,0.113525391
open_dense,4,diagnostic,priority,305419896,1000,10000,all,7527,0.000698203,0.000488281,0.000976562,0.003662109,,0.134521484
open_dense,4,diagnostic,priority,305419896,1000,10000,direct,7374,0.000571449,0.000488281,0.000976562,0.001220703,,0.028808594
open_dense,4,diagnostic,priority,305419896,1000,10000,local,152,0.00596699,0.003417969,0.018554688,0.072753906,,0.093505859
open_dense,4,diagnostic,priority,305419896,1000,10000,large,1,0.134521484,0.134521484,0.134521484,0.134521484,,0.134521484
baseline,5,timed,local,17,1000,10000,all,9024,0.000551264,0.000488281,0.000732422,0.002441406,,0.021972656
baseline,5,diagnostic,local,17,1000,10000,all,9024,0.000569256,0.000488281,0.000732422,0.002441406,,0.042236328
baseline,5,diagnostic,local,17,1000,10000,direct,8967,0.000555613,0.000488281,0.000732422,0.001220703,,0.042236328
baseline,5,diagnostic,local,17,1000,10000,local,57,0.002715529,0.002441406,0.004638672,0.006591797,,0.006591797
open_dense,5,timed,local,17,1000,10000,all,9024,0.000517771,0.000488281,0.000732422,0.000976562,,0.006103516
open_dense,5,diagnostic,local,17,1000,10000,all,9024,0.000608647,0.000488281,0.000976562,0.002685547,,0.015380859
open_dense,5,diagnostic,local,17,1000,10000,direct,8967,0.000591225,0.000488281,0.000976562,0.002441406,,0.01171875
open_dense,5,diagnostic,local,17,1000,10000,local,57,0.003349438,0.002685547,0.010742188,0.015380859,,0.015380859
baseline,6,timed,local,305419896,1000,10000,all,8966,0.000541896,0.000488281,0.000732422,0.002197266,,0.008300781
baseline,6,diagnostic,local,305419896,1000,10000,all,8966,0.000632435,0.000488281,0.000976562,0.002929688,,0.053466797
baseline,6,diagnostic,local,305419896,1000,10000,direct,8910,0.000616106,0.000488281,0.000976562,0.002929688,,0.053466797
baseline,6,diagnostic,local,305419896,1000,10000,local,56,0.003230504,0.002441406,0.009033203,0.019775391,,0.019775391
open_dense,6,timed,local,305419896,1000,10000,all,8966,0.000546226,0.000488281,0.000732422,0.002197266,,0.097900391
open_dense,6,diagnostic,local,305419896,1000,10000,all,8966,0.000549657,0.000488281,0.000732422,0.000976562,,0.008056641
open_dense,6,diagnostic,local,305419896,1000,10000,direct,8910,0.000536096,0.000488281,0.000732422,0.000976562,,0.005859375
open_dense,6,diagnostic,local,305419896,1000,10000,local,56,0.002707345,0.002441406,0.005859375,0.008056641,,0.008056641
baseline,7,timed,churn,17,1000,10000,all,7043,0.000468696,0.000488281,0.000732422,0.000976562,,0.008056641
baseline,7,diagnostic,churn,17,1000,10000,all,7043,0.000522946,0.000488281,0.000732422,0.001708984,,0.029296875
baseline,7,diagnostic,churn,17,1000,10000,direct,7038,0.00052075,0.000488281,0.000732422,0.001708984,,0.029296875
baseline,7,diagnostic,churn,17,1000,10000,local,5,0.003613281,0.002685547,0.007324219,0.007324219,,0.007324219
open_dense,7,timed,churn,17,1000,10000,all,7043,0.000517746,0.000488281,0.000732422,0.002197266,,0.079589844
open_dense,7,diagnostic,churn,17,1000,10000,all,7043,0.000518197,0.000488281,0.000732422,0.000976562,,0.007324219
open_dense,7,diagnostic,churn,17,1000,10000,direct,7038,0.000515894,0.000488281,0.000732422,0.000976562,,0.007080078
open_dense,7,diagnostic,churn,17,1000,10000,local,5,0.003759766,0.002685547,0.007324219,0.007324219,,0.007324219
baseline,8,timed,churn,305419896,1000,10000,all,6971,0.000481662,0.000488281,0.000732422,0.001464844,,0.0234375
baseline,8,diagnostic,churn,305419896,1000,10000,all,6971,0.000480751,0.000488281,0.000732422,0.000976562,,0.005859375
baseline,8,diagnostic,churn,305419896,1000,10000,direct,6960,0.000476846,0.000488281,0.000732422,0.000976562,,0.005859375
baseline,8,diagnostic,churn,305419896,1000,10000,local,11,0.002951882,0.002441406,0.004638672,0.004638672,,0.004638672
open_dense,8,timed,churn,305419896,1000,10000,all,6971,0.000477319,0.000488281,0.000732422,0.001464844,,0.023681641
open_dense,8,diagnostic,churn,305419896,1000,10000,all,6971,0.000515248,0.000488281,0.000732422,0.001464844,,0.021728516
open_dense,8,diagnostic,churn,305419896,1000,10000,direct,6960,0.000511047,0.000488281,0.000732422,0.001220703,,0.021728516
open_dense,8,diagnostic,churn,305419896,1000,10000,local,11,0.003173828,0.002685547,0.006591797,0.006591797,,0.006591797
baseline,9,timed,timeline,17,10000,100000,all,89943,0.002428955,0.000976562,0.001464844,0.001708984,0.009277344,72.614013672
baseline,9,diagnostic,timeline,17,10000,100000,all,89943,0.003176844,0.000976562,0.001464844,0.002197266,0.015625,103.075683594
baseline,9,diagnostic,timeline,17,10000,100000,direct,89940,0.000978281,0.000976562,0.001464844,0.002197266,0.014892578,0.141845703
baseline,9,diagnostic,timeline,17,10000,100000,full,3,65.916097005,70.676757812,103.075683594,103.075683594,,103.075683594
open_dense,9,timed,timeline,17,10000,100000,all,89943,0.011325703,0.001220703,0.004882812,0.165039062,0.375,21.953857422
open_dense,9,diagnostic,timeline,17,10000,100000,all,89943,0.014398608,0.001464844,0.005859375,0.1953125,0.700439453,28.557128906
open_dense,9,diagnostic,timeline,17,10000,100000,direct,85803,0.001446821,0.001464844,0.002197266,0.004882812,0.020507812,0.141113281
open_dense,9,diagnostic,timeline,17,10000,100000,local,1919,0.065013414,0.057373047,0.114501953,0.164306641,,1.8828125
open_dense,9,diagnostic,timeline,17,10000,100000,large,2221,0.47102729,0.191650391,0.507568359,7.539794922,,28.557128906
baseline,10,timed,timeline,305419896,10000,100000,all,89880,0.002865925,0.000976562,0.001464844,0.002929688,0.016357422,81.836425781
baseline,10,diagnostic,timeline,305419896,10000,100000,all,89880,0.00337576,0.000976562,0.002197266,0.004150391,0.024169922,109.602294922
baseline,10,diagnostic,timeline,305419896,10000,100000,direct,89876,0.001156338,0.000976562,0.002197266,0.004150391,0.023193359,0.299072266
baseline,10,diagnostic,timeline,305419896,10000,100000,local,1,0.061279297,0.061279297,0.061279297,0.061279297,,0.061279297
baseline,10,diagnostic,timeline,305419896,10000,100000,full,3,66.475016276,60.548583984,109.602294922,109.602294922,,109.602294922
open_dense,10,timed,timeline,305419896,10000,100000,all,89880,0.012559012,0.001220703,0.005371094,0.167236328,0.430664062,26.044921875
open_dense,10,diagnostic,timeline,305419896,10000,100000,all,89880,0.015152585,0.001220703,0.005615234,0.188476562,0.620361328,36.0390625
open_dense,10,diagnostic,timeline,305419896,10000,100000,direct,85572,0.001372351,0.001220703,0.001953125,0.00390625,0.016601562,0.247314453
open_dense,10,diagnostic,timeline,305419896,10000,100000,local,1958,0.062108727,0.081542969,0.09765625,0.115722656,,0.279296875
open_dense,10,diagnostic,timeline,305419896,10000,100000,large,2350,0.477817279,0.186279297,0.405273438,8.216308594,,36.0390625
baseline,11,timed,timeline,2654435769,10000,100000,all,89909,0.002822018,0.000976562,0.001464844,0.001953125,0.016357422,101.713867188
baseline,11,diagnostic,timeline,2654435769,10000,100000,all,89909,0.00341392,0.000976562,0.001464844,0.002197266,0.021728516,127.833740234
baseline,11,diagnostic,timeline,2654435769,10000,100000,direct,89904,0.00101574,0.000976562,0.001464844,0.002197266,0.019775391,0.296386719
baseline,11,diagnostic,timeline,2654435769,10000,100000,local,2,0.024658203,0.015625,0.033691406,0.033691406,,0.033691406
baseline,11,diagnostic,timeline,2654435769,10000,100000,full,3,71.857910156,61.160400391,127.833740234,127.833740234,,127.833740234
open_dense,11,timed,timeline,2654435769,10000,100000,all,89909,0.020910012,0.001220703,0.018798828,0.174072266,2.8125,37.582763672
open_dense,11,diagnostic,timeline,2654435769,10000,100000,all,89909,0.025724958,0.001464844,0.021484375,0.196777344,3.314697266,48.302490234
open_dense,11,diagnostic,timeline,2654435769,10000,100000,direct,85157,0.001439061,0.001464844,0.001953125,0.004638672,0.017822266,0.225341797
open_dense,11,diagnostic,timeline,2654435769,10000,100000,local,2166,0.064129069,0.089111328,0.099853516,0.135742188,,0.415283203
open_dense,11,diagnostic,timeline,2654435769,10000,100000,large,2586,0.793292949,0.189208984,0.750732422,16.663818359,,48.302490234
baseline,12,timed,timeline,826366246,10000,100000,all,90119,0.002814605,0.000976562,0.001464844,0.003417969,0.020263672,97.929443359
baseline,12,diagnostic,timeline,826366246,10000,100000,all,90119,0.003379126,0.000976562,0.001464844,0.002441406,0.020996094,130.355957031
baseline,12,diagnostic,timeline,826366246,10000,100000,direct,90115,0.001035301,0.000976562,0.001464844,0.002441406,0.019775391,0.239501953
baseline,12,diagnostic,timeline,826366246,10000,100000,local,1,0.008300781,0.008300781,0.008300781,0.008300781,,0.008300781
baseline,12,diagnostic,timeline,826366246,10000,100000,full,3,70.40633138,56.102050781,130.355957031,130.355957031,,130.355957031
open_dense,12,timed,timeline,826366246,10000,100000,all,90119,0.029151833,0.001220703,0.019042969,0.172363281,6.343017578,58.743896484
open_dense,12,diagnostic,timeline,826366246,10000,100000,all,90119,0.034752303,0.001464844,0.021484375,0.197021484,7.641845703,66.538818359
open_dense,12,diagnostic,timeline,826366246,10000,100000,direct,85365,0.001424913,0.001464844,0.001953125,0.005371094,0.021972656,0.255859375
open_dense,12,diagnostic,timeline,826366246,10000,100000,local,2132,0.064475455,0.072021484,0.10546875,0.148925781,,0.462402344
open_dense,12,diagnostic,timeline,826366246,10000,100000,large,2622,1.09563059,0.190429688,1.778808594,32.924560547,,66.538818359
baseline,13,timed,timeline,12648430,10000,100000,all,89934,0.002622838,0.000976562,0.001464844,0.002197266,0.013183594,88.713623047
baseline,13,diagnostic,timeline,12648430,10000,100000,all,89934,0.003275891,0.000976562,0.001464844,0.002685547,0.025634766,121.991699219
baseline,13,diagnostic,timeline,12648430,10000,100000,direct,89931,0.001033035,0.000976562,0.001464844,0.002685547,0.022705078,0.104248047
baseline,13,diagnostic,timeline,12648430,10000,100000,full,3,67.237386068,54.251953125,121.991699219,121.991699219,,121.991699219
open_dense,13,timed,timeline,12648430,10000,100000,all,89934,0.010884034,0.001220703,0.003417969,0.165283203,0.390380859,26.880126953
open_dense,13,diagnostic,timeline,12648430,10000,100000,all,89934,0.013119047,0.001464844,0.004882812,0.190185547,0.464355469,42.810791016
open_dense,13,diagnostic,timeline,12648430,10000,100000,direct,86065,0.001419803,0.001464844,0.001953125,0.004638672,0.026123047,0.209716797
open_dense,13,diagnostic,timeline,12648430,10000,100000,local,1813,0.063238078,0.057617188,0.099121094,0.122070312,,0.364501953
open_dense,13,diagnostic,timeline,12648430,10000,100000,large,2056,0.458658775,0.189208984,0.426025391,7.637207031,,42.810791016
baseline,14,timed,priority,17,10000,100000,all,75234,0.001110701,0.000488281,0.000976562,0.003417969,0.099853516,10.873046875
baseline,14,diagnostic,priority,17,10000,100000,all,75234,0.001173812,0.000488281,0.000976562,0.003417969,0.108642578,10.911132812
baseline,14,diagnostic,priority,17,10000,100000,direct,72765,0.000640547,0.000488281,0.000976562,0.001220703,0.004150391,0.963134766
baseline,14,diagnostic,priority,17,10000,100000,local,2385,0.00720568,0.002929688,0.031982422,0.068603516,,0.137939453
baseline,14,diagnostic,priority,17,10000,100000,large,83,0.163909544,0.125,0.332275391,0.520263672,,0.520263672
baseline,14,diagnostic,priority,17,10000,100000,full,1,10.911132812,10.911132812,10.911132812,10.911132812,,10.911132812
open_dense,14,timed,priority,17,10000,100000,all,75234,0.001049561,0.000732422,0.001220703,0.002929688,0.016845703,6.105224609
open_dense,14,diagnostic,priority,17,10000,100000,all,75234,0.001222981,0.000732422,0.001220703,0.003173828,0.019287109,8.133056641
open_dense,14,diagnostic,priority,17,10000,100000,direct,72019,0.000798282,0.000732422,0.000976562,0.001220703,0.00390625,0.110351562
open_dense,14,diagnostic,priority,17,10000,100000,local,3200,0.003795471,0.002929688,0.005859375,0.022460938,,0.080322266
open_dense,14,diagnostic,priority,17,10000,100000,large,15,1.491520182,0.281738281,8.133056641,8.133056641,,8.133056641
baseline,15,timed,priority,305419896,10000,100000,all,74985,0.001091823,0.000488281,0.000976562,0.002685547,0.054199219,17.388183594
baseline,15,diagnostic,priority,305419896,10000,100000,all,74985,0.001390659,0.000488281,0.000976562,0.002929688,0.057861328,35.658935547
baseline,15,diagnostic,priority,305419896,10000,100000,direct,73179,0.000596598,0.000488281,0.000976562,0.001220703,0.003417969,0.215820312
baseline,15,diagnostic,priority,305419896,10000,100000,local,1767,0.005898476,0.002929688,0.019287109,0.064453125,,0.114257812
baseline,15,diagnostic,priority,305419896,10000,100000,large,37,0.158599029,0.125244141,0.264160156,0.449951172,,0.449951172
baseline,15,diagnostic,priority,305419896,10000,100000,full,2,22.164672852,8.670410156,35.658935547,35.658935547,,35.658935547
open_dense,15,timed,priority,305419896,10000,100000,all,74985,0.000771977,0.000488281,0.000976562,0.002929688,0.025390625,1.486083984
open_dense,15,diagnostic,priority,305419896,10000,100000,all,74985,0.000839289,0.000732422,0.000976562,0.003417969,0.032226562,1.785400391
open_dense,15,diagnostic,priority,305419896,10000,100000,direct,72212,0.000660771,0.000732422,0.000976562,0.001220703,0.001953125,0.213867188
open_dense,15,diagnostic,priority,305419896,10000,100000,local,2768,0.004629764,0.002929688,0.010253906,0.040039062,,0.245117188
open_dense,15,diagnostic,priority,305419896,10000,100000,large,5,0.480664062,0.127685547,1.785400391,1.785400391,,1.785400391
baseline,16,timed,priority,2654435769,10000,100000,all,74854,0.001080185,0.000488281,0.000976562,0.003173828,0.083984375,8.37890625
baseline,16,diagnostic,priority,2654435769,10000,100000,all,74854,0.001129422,0.000488281,0.000976562,0.003417969,0.102539062,10.076416016
baseline,16,diagnostic,priority,2654435769,10000,100000,direct,72494,0.00062976,0.000488281,0.000976562,0.001220703,0.002929688,0.335205078
baseline,16,diagnostic,priority,2654435769,10000,100000,local,2292,0.007736552,0.002929688,0.035400391,0.068359375,,0.287353516
baseline,16,diagnostic,priority,2654435769,10000,100000,large,67,0.165363369,0.130371094,0.284912109,0.489501953,,0.489501953
baseline,16,diagnostic,priority,2654435769,10000,100000,full,1,10.076416016,10.076416016,10.076416016,10.076416016,,10.076416016
open_dense,16,timed,priority,2654435769,10000,100000,all,74854,0.001083496,0.000732422,0.002441406,0.003417969,0.064208984,0.885498047
open_dense,16,diagnostic,priority,2654435769,10000,100000,all,74854,0.001380731,0.000732422,0.003173828,0.007568359,0.082275391,1.486083984
open_dense,16,diagnostic,priority,2654435769,10000,100000,direct,70013,0.000858525,0.000732422,0.001464844,0.002685547,0.007568359,0.200927734
open_dense,16,diagnostic,priority,2654435769,10000,100000,local,4786,0.006270476,0.003417969,0.019775391,0.068115234,,0.217041016
open_dense,16,diagnostic,priority,2654435769,10000,100000,large,55,0.240633878,0.163085938,0.50390625,1.486083984,,1.486083984
baseline,17,timed,priority,826366246,10000,100000,all,75099,0.001036734,0.000732422,0.002197266,0.004638672,0.035644531,1.737548828
baseline,17,diagnostic,priority,826366246,10000,100000,all,75099,0.00103397,0.000732422,0.001708984,0.00390625,0.037109375,2.893554688
baseline,17,diagnostic,priority,826366246,10000,100000,direct,71690,0.000702818,0.000732422,0.000976562,0.001464844,0.004150391,0.192626953
baseline,17,diagnostic,priority,826366246,10000,100000,local,3389,0.005194814,0.003173828,0.017822266,0.048339844,,0.110595703
baseline,17,diagnostic,priority,826366246,10000,100000,large,20,0.482995605,0.219238281,2.417480469,2.893554688,,2.893554688
open_dense,17,timed,priority,826366246,10000,100000,all,75099,0.001302873,0.000732422,0.001464844,0.004394531,0.122558594,9.696533203
open_dense,17,diagnostic,priority,826366246,10000,100000,all,75099,0.001254405,0.000732422,0.001220703,0.00390625,0.114746094,9.168457031
open_dense,17,diagnostic,priority,826366246,10000,100000,direct,72324,0.00067142,0.000732422,0.000976562,0.001220703,0.003662109,0.078857422
open_dense,17,diagnostic,priority,826366246,10000,100000,local,2697,0.006914693,0.003173828,0.026367188,0.071533203,,0.100341797
open_dense,17,diagnostic,priority,826366246,10000,100000,large,77,0.231524579,0.158935547,0.519042969,1.819580078,,1.819580078
open_dense,17,diagnostic,priority,826366246,10000,100000,full,1,9.168457031,9.168457031,9.168457031,9.168457031,,9.168457031
baseline,18,timed,priority,12648430,10000,100000,all,74961,0.000802908,0.000488281,0.000976562,0.003173828,0.026611328,1.651123047
baseline,18,diagnostic,priority,12648430,10000,100000,all,74961,0.000827064,0.000488281,0.000976562,0.003173828,0.030761719,1.833496094
baseline,18,diagnostic,priority,12648430,10000,100000,direct,72274,0.000635967,0.000488281,0.000976562,0.000976562,0.001953125,0.172363281
baseline,18,diagnostic,priority,12648430,10000,100000,local,2671,0.004310622,0.002929688,0.016113281,0.037109375,,0.077392578
baseline,18,diagnostic,priority,12648430,10000,100000,large,16,0.282501221,0.127197266,1.833496094,1.833496094,,1.833496094
open_dense,18,timed,priority,12648430,10000,100000,all,74961,0.000802966,0.000488281,0.001220703,0.002929688,0.021240234,1.525634766
open_dense,18,diagnostic,priority,12648430,10000,100000,all,74961,0.000852771,0.000732422,0.000976562,0.003417969,0.023925781,2.012939453
open_dense,18,diagnostic,priority,12648430,10000,100000,direct,72419,0.000667688,0.000732422,0.000976562,0.001220703,0.00390625,0.266113281
open_dense,18,diagnostic,priority,12648430,10000,100000,local,2533,0.004519252,0.002929688,0.014160156,0.039794922,,0.081298828
open_dense,18,diagnostic,priority,12648430,10000,100000,large,9,0.458224826,0.278808594,2.012939453,2.012939453,,2.012939453
baseline,19,timed,local,17,10000,100000,all,89947,0.000711451,0.000732422,0.000976562,0.002441406,0.005615234,0.294921875
baseline,19,diagnostic,local,17,10000,100000,all,89947,0.000755311,0.000732422,0.001220703,0.002685547,0.005615234,0.328369141
baseline,19,diagnostic,local,17,10000,100000,direct,89281,0.000736094,0.000732422,0.000976562,0.001953125,0.004150391,0.328369141
baseline,19,diagnostic,local,17,10000,100000,local,666,0.003331456,0.002929688,0.006347656,0.011962891,,0.054931641
open_dense,19,timed,local,17,10000,100000,all,89947,0.000685894,0.000732422,0.000976562,0.002197266,0.004638672,0.278320312
open_dense,19,diagnostic,local,17,10000,100000,all,89947,0.000728185,0.000732422,0.000976562,0.002197266,0.005126953,0.240966797
open_dense,19,diagnostic,local,17,10000,100000,direct,89281,0.000710442,0.000732422,0.000976562,0.001220703,0.003662109,0.240966797
open_dense,19,diagnostic,local,17,10000,100000,local,666,0.003106744,0.002685547,0.004394531,0.008789062,,0.025146484
baseline,20,timed,local,305419896,10000,100000,all,89747,0.000751918,0.000732422,0.001220703,0.002685547,0.006347656,0.094238281
baseline,20,diagnostic,local,305419896,10000,100000,all,89747,0.000716568,0.000732422,0.000976562,0.002197266,0.003662109,0.28515625
baseline,20,diagnostic,local,305419896,10000,100000,direct,89093,0.000700281,0.000732422,0.000976562,0.001220703,0.002929688,0.28515625
baseline,20,diagnostic,local,305419896,10000,100000,local,654,0.002935287,0.002685547,0.004150391,0.0078125,,0.013427734
open_dense,20,timed,local,305419896,10000,100000,all,89747,0.000667643,0.000732422,0.000976562,0.001953125,0.003417969,0.018310547
open_dense,20,diagnostic,local,305419896,10000,100000,all,89747,0.00073101,0.000732422,0.000976562,0.002197266,0.003662109,0.278808594
open_dense,20,diagnostic,local,305419896,10000,100000,direct,89093,0.000713481,0.000732422,0.000976562,0.001464844,0.003173828,0.278808594
open_dense,20,diagnostic,local,305419896,10000,100000,local,654,0.003118952,0.002685547,0.00390625,0.009277344,,0.045898438
baseline,21,timed,local,2654435769,10000,100000,all,89988,0.000676151,0.000732422,0.000976562,0.002197266,0.003662109,0.211669922
baseline,21,diagnostic,local,2654435769,10000,100000,all,89988,0.000708436,0.000732422,0.000976562,0.002197266,0.003662109,0.272216797
baseline,21,diagnostic,local,2654435769,10000,100000,direct,89337,0.000692192,0.000732422,0.000976562,0.001220703,0.002929688,0.272216797
baseline,21,diagnostic,local,2654435769,10000,100000,local,651,0.002937563,0.002685547,0.00390625,0.0078125,,0.014160156
open_dense,21,timed,local,2654435769,10000,100000,all,89988,0.000683183,0.000732422,0.000976562,0.002197266,0.003662109,0.321289062
open_dense,21,diagnostic,local,2654435769,10000,100000,all,89988,0.000733062,0.000732422,0.000976562,0.002197266,0.004150391,0.212890625
open_dense,21,diagnostic,local,2654435769,10000,100000,direct,89337,0.000715905,0.000732422,0.000976562,0.001220703,0.003417969,0.212890625
open_dense,21,diagnostic,local,2654435769,10000,100000,local,651,0.003087573,0.002929688,0.004150391,0.008300781,,0.016601562
baseline,22,timed,local,826366246,10000,100000,all,89974,0.000720811,0.000732422,0.000976562,0.002197266,0.006591797,0.253417969
baseline,22,diagnostic,local,826366246,10000,100000,all,89974,0.000736196,0.000732422,0.000976562,0.001708984,0.007080078,0.357177734
baseline,22,diagnostic,local,826366246,10000,100000,direct,89314,0.000718749,0.000732422,0.000976562,0.001220703,0.003662109,0.357177734
baseline,22,diagnostic,local,826366246,10000,100000,local,660,0.003097257,0.002685547,0.005859375,0.008300781,,0.052734375
open_dense,22,timed,local,826366246,10000,100000,all,89974,0.000684122,0.000732422,0.000976562,0.001464844,0.003417969,0.046875
open_dense,22,diagnostic,local,826366246,10000,100000,all,89974,0.000765637,0.000732422,0.001220703,0.002685547,0.005371094,0.302246094
open_dense,22,diagnostic,local,826366246,10000,100000,direct,89314,0.000746185,0.000732422,0.001220703,0.001953125,0.00390625,0.302246094
open_dense,22,diagnostic,local,826366246,10000,100000,local,660,0.003397994,0.002929688,0.007080078,0.010253906,,0.017822266
baseline,23,timed,local,12648430,10000,100000,all,89959,0.000683107,0.000732422,0.000976562,0.001953125,0.004150391,0.194824219
baseline,23,diagnostic,local,12648430,10000,100000,all,89959,0.000720774,0.000732422,0.000976562,0.002197266,0.003662109,0.198730469
baseline,23,diagnostic,local,12648430,10000,100000,direct,89312,0.000704753,0.000732422,0.000976562,0.001464844,0.002929688,0.198730469
baseline,23,diagnostic,local,12648430,10000,100000,local,647,0.002932329,0.002685547,0.00390625,0.007080078,,0.013183594
open_dense,23,timed,local,12648430,10000,100000,all,89959,0.000722402,0.000732422,0.000976562,0.002197266,0.005615234,0.230224609
open_dense,23,diagnostic,local,12648430,10000,100000,all,89959,0.000749522,0.000732422,0.000976562,0.001708984,0.006347656,0.308105469
open_dense,23,diagnostic,local,12648430,10000,100000,direct,89312,0.000732903,0.000732422,0.000976562,0.001220703,0.004394531,0.308105469
open_dense,23,diagnostic,local,12648430,10000,100000,local,647,0.003043645,0.002929688,0.00390625,0.007080078,,0.049804688
baseline,24,timed,churn,17,10000,100000,all,70171,0.000655274,0.000732422,0.000976562,0.001220703,0.003173828,0.111816406
baseline,24,diagnostic,churn,17,10000,100000,all,70171,0.000691141,0.000732422,0.000976562,0.001464844,0.003662109,0.148193359
baseline,24,diagnostic,churn,17,10000,100000,direct,70083,0.000688152,0.000732422,0.000976562,0.001220703,0.003417969,0.148193359
baseline,24,diagnostic,churn,17,10000,100000,local,88,0.003071178,0.002929688,0.00390625,0.008789062,,0.008789062
open_dense,24,timed,churn,17,10000,100000,all,70171,0.000642766,0.000488281,0.000976562,0.001220703,0.003173828,0.265380859
open_dense,24,diagnostic,churn,17,10000,100000,all,70171,0.000681625,0.000732422,0.000976562,0.001953125,0.003417969,0.270507812
open_dense,24,diagnostic,churn,17,10000,100000,direct,70083,0.00067867,0.000732422,0.000976562,0.001708984,0.003173828,0.270507812
open_dense,24,diagnostic,churn,17,10000,100000,local,88,0.003035112,0.002929688,0.003662109,0.008056641,,0.008056641
baseline,25,timed,churn,305419896,10000,100000,all,70057,0.000780799,0.000732422,0.001220703,0.002197266,0.009765625,0.336914062
baseline,25,diagnostic,churn,305419896,10000,100000,all,70057,0.000721904,0.000732422,0.000976562,0.001464844,0.0078125,0.272216797
baseline,25,diagnostic,churn,305419896,10000,100000,direct,69967,0.000718433,0.000732422,0.000976562,0.001220703,0.007324219,0.272216797
baseline,25,diagnostic,churn,305419896,10000,100000,local,90,0.003420681,0.002929688,0.004150391,0.035400391,,0.035400391
open_dense,25,timed,churn,305419896,10000,100000,all,70057,0.000684261,0.000732422,0.000976562,0.002197266,0.004882812,0.293457031
open_dense,25,diagnostic,churn,305419896,10000,100000,all,70057,0.000720619,0.000732422,0.000976562,0.001953125,0.00390625,0.215820312
open_dense,25,diagnostic,churn,305419896,10000,100000,direct,69967,0.000714462,0.000732422,0.000976562,0.001953125,0.003662109,0.215820312
open_dense,25,diagnostic,churn,305419896,10000,100000,local,90,0.005506727,0.003173828,0.007568359,0.178710938,,0.178710938
baseline,26,timed,churn,2654435769,10000,100000,all,69952,0.000645375,0.000488281,0.000976562,0.001953125,0.00390625,0.218505859
baseline,26,diagnostic,churn,2654435769,10000,100000,all,69952,0.000676793,0.000732422,0.000976562,0.001220703,0.003662109,0.258056641
baseline,26,diagnostic,churn,2654435769,10000,100000,direct,69880,0.00067428,0.000732422,0.000976562,0.001220703,0.003173828,0.258056641
baseline,26,diagnostic,churn,2654435769,10000,100000,local,72,0.003116184,0.002929688,0.004394531,0.008056641,,0.008056641
open_dense,26,timed,churn,2654435769,10000,100000,all,69952,0.000655597,0.000732422,0.000976562,0.001953125,0.00390625,0.072021484
open_dense,26,diagnostic,churn,2654435769,10000,100000,all,69952,0.000666406,0.000732422,0.000976562,0.001220703,0.002929688,0.027099609
open_dense,26,diagnostic,churn,2654435769,10000,100000,direct,69880,0.000663711,0.000732422,0.000976562,0.001220703,0.002441406,0.027099609
open_dense,26,diagnostic,churn,2654435769,10000,100000,local,72,0.003282335,0.002929688,0.004882812,0.010253906,,0.010253906
baseline,27,timed,churn,826366246,10000,100000,all,70084,0.000677037,0.000732422,0.000976562,0.001220703,0.005615234,0.309570312
baseline,27,diagnostic,churn,826366246,10000,100000,all,70084,0.0006775,0.000732422,0.000976562,0.001953125,0.004394531,0.277832031
baseline,27,diagnostic,churn,826366246,10000,100000,direct,69996,0.000674205,0.000732422,0.000976562,0.001953125,0.00390625,0.277832031
baseline,27,diagnostic,churn,826366246,10000,100000,local,88,0.003298673,0.002929688,0.006347656,0.009765625,,0.009765625
open_dense,27,timed,churn,826366246,10000,100000,all,70084,0.000664862,0.000732422,0.000976562,0.001953125,0.00390625,0.186279297
open_dense,27,diagnostic,churn,826366246,10000,100000,all,70084,0.000693002,0.000732422,0.000976562,0.001708984,0.003417969,0.228759766
open_dense,27,diagnostic,churn,826366246,10000,100000,direct,69996,0.000689887,0.000732422,0.000976562,0.001464844,0.003417969,0.228759766
open_dense,27,diagnostic,churn,826366246,10000,100000,local,88,0.003171054,0.002929688,0.00390625,0.010009766,,0.010009766
baseline,28,timed,churn,12648430,10000,100000,all,70042,0.00062801,0.000488281,0.000976562,0.001220703,0.002929688,0.025390625
baseline,28,diagnostic,churn,12648430,10000,100000,all,70042,0.000705405,0.000732422,0.000976562,0.002197266,0.00390625,1.047363281
baseline,28,diagnostic,churn,12648430,10000,100000,direct,69933,0.000701076,0.000732422,0.000976562,0.001953125,0.003662109,1.047363281
baseline,28,diagnostic,churn,12648430,10000,100000,local,109,0.003482924,0.002929688,0.006347656,0.009033203,,0.019042969
open_dense,28,timed,churn,12648430,10000,100000,all,70042,0.000635371,0.000488281,0.000976562,0.001464844,0.003173828,0.013671875
open_dense,28,diagnostic,churn,12648430,10000,100000,all,70042,0.000672246,0.000732422,0.000976562,0.001220703,0.003173828,0.031005859
open_dense,28,diagnostic,churn,12648430,10000,100000,direct,69933,0.000668535,0.000732422,0.000976562,0.001220703,0.002929688,0.031005859
open_dense,28,diagnostic,churn,12648430,10000,100000,local,109,0.003052878,0.002929688,0.00390625,0.004638672,,0.007324219
baseline,29,timed,timeline,17,100000,100000,all,89943,0.009027481,0.000976562,0.001953125,0.00390625,0.010009766,218.851074219
baseline,29,diagnostic,timeline,17,100000,100000,all,89943,0.010796665,0.000976562,0.001953125,0.00390625,0.010498047,286.875488281
baseline,29,diagnostic,timeline,17,100000,100000,direct,89938,0.001154384,0.000976562,0.001953125,0.00390625,0.009765625,0.105712891
baseline,29,diagnostic,timeline,17,100000,100000,local,1,0.061523438,0.061523438,0.061523438,0.061523438,,0.061523438
baseline,29,diagnostic,timeline,17,100000,100000,full,4,216.799987793,236.516845703,286.875488281,286.875488281,,286.875488281
open_dense,29,timed,timeline,17,100000,100000,all,89943,0.022390249,0.001220703,0.080322266,0.170654297,1.111816406,47.930664062
open_dense,29,diagnostic,timeline,17,100000,100000,all,89943,0.031402622,0.001464844,0.093017578,0.312744141,1.501464844,74.317626953
open_dense,29,diagnostic,timeline,17,100000,100000,direct,83744,0.001828737,0.001464844,0.003662109,0.006591797,0.016357422,1.177001953
open_dense,29,diagnostic,timeline,17,100000,100000,local,2806,0.069577381,0.08984375,0.126708984,0.208007812,,0.339599609
open_dense,29,diagnostic,timeline,17,100000,100000,large,3393,0.729757195,0.191650391,0.614990234,16.575439453,,74.317626953
baseline,30,timed,priority,17,100000,100000,all,75063,0.001594858,0.000732422,0.001464844,0.003662109,0.130615234,2.406982422
baseline,30,diagnostic,priority,17,100000,100000,all,75063,0.002217919,0.000976562,0.002685547,0.005859375,0.168701172,7.771484375
baseline,30,diagnostic,priority,17,100000,100000,direct,71787,0.000923223,0.000732422,0.001464844,0.002441406,0.006591797,0.114990234
baseline,30,diagnostic,priority,17,100000,100000,local,3190,0.007801173,0.00390625,0.023681641,0.091552734,,0.251220703
baseline,30,diagnostic,priority,17,100000,100000,large,86,0.875843137,0.393066406,3.074707031,7.771484375,,7.771484375
open_dense,30,timed,priority,17,100000,100000,all,75063,0.001826402,0.000732422,0.002685547,0.019775391,0.110351562,2.822021484
open_dense,30,diagnostic,priority,17,100000,100000,all,75063,0.002159088,0.000976562,0.002929688,0.023193359,0.149414062,2.918945312
open_dense,30,diagnostic,priority,17,100000,100000,direct,71342,0.000935874,0.000976562,0.001220703,0.001708984,0.004394531,0.104736328
open_dense,30,diagnostic,priority,17,100000,100000,local,3646,0.014254036,0.004394531,0.053955078,0.099609375,,0.243896484
open_dense,30,diagnostic,priority,17,100000,100000,large,75,0.57773763,0.341308594,2.278564453,2.918945312,,2.918945312
baseline,31,timed,local,17,100000,100000,all,89947,0.001029675,0.000976562,0.001464844,0.002441406,0.005859375,0.112548828
baseline,31,diagnostic,local,17,100000,100000,all,89947,0.001489535,0.001464844,0.002441406,0.00390625,0.008056641,0.114501953
baseline,31,diagnostic,local,17,100000,100000,direct,89727,0.001475657,0.001464844,0.002441406,0.003662109,0.006591797,0.114501953
baseline,31,diagnostic,local,17,100000,100000,local,220,0.007149991,0.006347656,0.012939453,0.020263672,,0.034423828
open_dense,31,timed,local,17,100000,100000,all,89947,0.001139378,0.000976562,0.002197266,0.00390625,0.008056641,0.111328125
open_dense,31,diagnostic,local,17,100000,100000,all,89947,0.001578336,0.001464844,0.002685547,0.00390625,0.010009766,0.068359375
open_dense,31,diagnostic,local,17,100000,100000,direct,89727,0.001563521,0.001464844,0.002685547,0.003662109,0.008789062,0.068359375
open_dense,31,diagnostic,local,17,100000,100000,local,220,0.007620517,0.006835938,0.013427734,0.018310547,,0.032714844
baseline,32,timed,churn,17,100000,100000,all,70171,0.001318299,0.001220703,0.002197266,0.004638672,0.010009766,0.0390625
baseline,32,diagnostic,churn,17,100000,100000,all,70171,0.00211628,0.001953125,0.003662109,0.005615234,0.010986328,0.297607422
baseline,32,diagnostic,churn,17,100000,100000,direct,70163,0.002115188,0.001953125,0.003662109,0.005615234,0.010986328,0.297607422
baseline,32,diagnostic,churn,17,100000,100000,local,8,0.011688232,0.010009766,0.016113281,0.016113281,,0.016113281
open_dense,32,timed,churn,17,100000,100000,all,70171,0.001506883,0.001464844,0.002441406,0.003417969,0.006591797,0.056396484
open_dense,32,diagnostic,churn,17,100000,100000,all,70171,0.001698098,0.001708984,0.002685547,0.003662109,0.006835938,0.108642578
open_dense,32,diagnostic,churn,17,100000,100000,direct,70163,0.001697199,0.001708984,0.002685547,0.003662109,0.006591797,0.108642578
open_dense,32,diagnostic,churn,17,100000,100000,local,8,0.00958252,0.008789062,0.016113281,0.016113281,,0.016113281
baseline,33,timed,churn,17,50000,500000,all,349902,0.000927994,0.000976562,0.001464844,0.002197266,0.004394531,0.112792969
baseline,33,diagnostic,churn,17,50000,500000,all,349902,0.001149504,0.000976562,0.001953125,0.003662109,0.007568359,0.431640625
baseline,33,diagnostic,churn,17,50000,500000,direct,349125,0.001140751,0.000976562,0.001953125,0.003173828,0.007324219,0.431640625
baseline,33,diagnostic,churn,17,50000,500000,local,777,0.00508265,0.004638672,0.0078125,0.012695312,,0.043212891
open_dense,33,timed,churn,17,50000,500000,all,349902,0.000938746,0.000976562,0.001464844,0.002441406,0.004394531,0.130126953
open_dense,33,diagnostic,churn,17,50000,500000,all,349902,0.001047136,0.000976562,0.001464844,0.002441406,0.005371094,0.273681641
open_dense,33,diagnostic,churn,17,50000,500000,direct,349125,0.001038635,0.000976562,0.001464844,0.002197266,0.005126953,0.273681641
open_dense,33,diagnostic,churn,17,50000,500000,local,777,0.004867102,0.004150391,0.006347656,0.012939453,,0.25390625
baseline,34,timed,ascending,17,1000,10000,all,10000,0.000370361,0.000244141,0.000488281,0.001220703,0.01171875,0.028076172
baseline,34,diagnostic,ascending,17,1000,10000,all,10000,0.000425757,0.000244141,0.000488281,0.001464844,0.019287109,0.041992188
baseline,34,diagnostic,ascending,17,1000,10000,direct,10000,0.000425757,0.000244141,0.000488281,0.001464844,0.019287109,0.041992188
open_dense,34,timed,ascending,17,1000,10000,all,10000,0.000372632,0.000244141,0.000488281,0.001464844,0.010742188,0.026611328
open_dense,34,diagnostic,ascending,17,1000,10000,all,10000,0.000478101,0.000244141,0.001220703,0.001464844,0.018798828,0.083496094
open_dense,34,diagnostic,ascending,17,1000,10000,direct,10000,0.000478101,0.000244141,0.001220703,0.001464844,0.018798828,0.083496094
baseline,35,timed,descending,17,1000,10000,all,10000,0.000356592,0.000244141,0.000488281,0.001220703,0.01171875,0.037109375
baseline,35,diagnostic,descending,17,1000,10000,all,10000,0.000468652,0.000244141,0.001220703,0.001464844,0.019287109,0.102783203
baseline,35,diagnostic,descending,17,1000,10000,direct,10000,0.000468652,0.000244141,0.001220703,0.001464844,0.019287109,0.102783203
open_dense,35,timed,descending,17,1000,10000,all,10000,0.000329028,0.000244141,0.000488281,0.000488281,0.010742188,0.024169922
open_dense,35,diagnostic,descending,17,1000,10000,all,10000,0.000447314,0.000244141,0.000488281,0.001220703,0.027587891,0.055664062
open_dense,35,diagnostic,descending,17,1000,10000,direct,10000,0.000447314,0.000244141,0.000488281,0.001220703,0.027587891,0.055664062
baseline,36,timed,random,17,1000,10000,all,10000,0.001122949,0.000732422,0.000976562,0.001220703,0.02734375,3.578369141
baseline,36,diagnostic,random,17,1000,10000,all,10000,0.00131687,0.000732422,0.001220703,0.002441406,0.036132812,4.401367188
baseline,36,diagnostic,random,17,1000,10000,direct,9982,0.00084175,0.000732422,0.000976562,0.001953125,,0.103515625
baseline,36,diagnostic,random,17,1000,10000,local,17,0.021470014,0.010253906,0.084228516,0.084228516,,0.084228516
baseline,36,diagnostic,random,17,1000,10000,full,1,4.401367188,4.401367188,4.401367188,4.401367188,,4.401367188
open_dense,36,timed,random,17,1000,10000,all,10000,0.001021387,0.000732422,0.001220703,0.002685547,0.029296875,1.608154297
open_dense,36,diagnostic,random,17,1000,10000,all,10000,0.001047095,0.000732422,0.000976562,0.001464844,0.037841797,1.947265625
open_dense,36,diagnostic,random,17,1000,10000,direct,9977,0.000786526,0.000732422,0.000976562,0.001464844,,0.054443359
open_dense,36,diagnostic,random,17,1000,10000,local,21,0.020693824,0.009765625,0.084716797,0.088378906,,0.088378906
open_dense,36,diagnostic,random,17,1000,10000,large,2,1.094604492,0.241943359,1.947265625,1.947265625,,1.947265625
baseline,37,timed,equal,17,1000,10000,all,10000,0.000337842,0.000244141,0.000488281,0.000488281,0.01171875,0.025390625
baseline,37,diagnostic,equal,17,1000,10000,all,10000,0.000431738,0.000244141,0.000488281,0.000732422,0.027587891,0.055419922
baseline,37,diagnostic,equal,17,1000,10000,direct,10000,0.000431738,0.000244141,0.000488281,0.000732422,0.027587891,0.055419922
open_dense,37,timed,equal,17,1000,10000,all,10000,0.000337256,0.000244141,0.000488281,0.000488281,0.010986328,0.024169922
open_dense,37,diagnostic,equal,17,1000,10000,all,10000,0.000394775,0.000244141,0.000488281,0.000732422,0.019042969,0.045410156
open_dense,37,diagnostic,equal,17,1000,10000,direct,10000,0.000394775,0.000244141,0.000488281,0.000732422,0.019042969,0.045410156
baseline,38,timed,duplicates,17,1000,10000,all,10000,0.00090083,0.000732422,0.002197266,0.003417969,0.020019531,0.112060547
baseline,38,diagnostic,duplicates,17,1000,10000,all,10000,0.00108252,0.000732422,0.002441406,0.005371094,0.037597656,0.197265625
baseline,38,diagnostic,duplicates,17,1000,10000,direct,9238,0.00083771,0.000732422,0.001220703,0.001464844,,0.197265625
baseline,38,diagnostic,duplicates,17,1000,10000,local,760,0.003717683,0.002685547,0.008544922,0.029541016,,0.063476562
baseline,38,diagnostic,duplicates,17,1000,10000,large,2,0.130493164,0.120361328,0.140625,0.140625,,0.140625
open_dense,38,timed,duplicates,17,1000,10000,all,10000,0.001619897,0.000732422,0.002685547,0.015625,0.155029297,1.018554688
open_dense,38,diagnostic,duplicates,17,1000,10000,all,10000,0.001841064,0.000732422,0.003173828,0.015869141,0.179931641,1.227050781
open_dense,38,diagnostic,duplicates,17,1000,10000,direct,9306,0.000878602,0.000732422,0.001220703,0.001464844,,0.065185547
open_dense,38,diagnostic,duplicates,17,1000,10000,local,680,0.007025146,0.003417969,0.036865234,0.046142578,,0.115234375
open_dense,38,diagnostic,duplicates,17,1000,10000,large,14,0.389805385,0.313476562,1.227050781,1.227050781,,1.227050781
baseline,39,timed,alternating,17,1000,10000,all,10000,0.007877148,0.001220703,0.023925781,0.051025391,0.791015625,1.566894531
baseline,39,diagnostic,alternating,17,1000,10000,all,10000,0.008562036,0.001220703,0.025878906,0.053955078,0.853271484,1.767578125
baseline,39,diagnostic,alternating,17,1000,10000,direct,6494,0.001152168,0.000976562,0.001220703,0.003173828,,0.042480469
baseline,39,diagnostic,alternating,17,1000,10000,local,3424,0.013014678,0.004394531,0.052001953,0.053710938,,0.096679688
baseline,39,diagnostic,alternating,17,1000,10000,large,82,0.409462533,0.244873047,0.966064453,1.767578125,,1.767578125
open_dense,39,timed,alternating,17,1000,10000,all,10000,0.008027075,0.001220703,0.024169922,0.051513672,0.810302734,1.650390625
open_dense,39,diagnostic,alternating,17,1000,10000,all,10000,0.009424585,0.001220703,0.027832031,0.0625,0.976074219,2.383544922
open_dense,39,diagnostic,alternating,17,1000,10000,direct,6494,0.001220214,0.001220703,0.001464844,0.002441406,,0.088623047
open_dense,39,diagnostic,alternating,17,1000,10000,local,3424,0.014254133,0.004638672,0.056152344,0.058837891,,0.278320312
open_dense,39,diagnostic,alternating,17,1000,10000,large,82,0.457507622,0.262939453,1.086181641,2.383544922,,2.383544922
baseline,40,timed,hotspot,17,1000,10000,all,10000,0.000383179,0.000244141,0.000488281,0.000732422,0.016357422,0.037109375
baseline,40,diagnostic,hotspot,17,1000,10000,all,10000,0.000406885,0.000244141,0.000488281,0.000732422,0.020019531,0.037597656
baseline,40,diagnostic,hotspot,17,1000,10000,direct,10000,0.000406885,0.000244141,0.000488281,0.000732422,0.020019531,0.037597656
open_dense,40,timed,hotspot,17,1000,10000,all,10000,0.000354321,0.000244141,0.000488281,0.000488281,0.010986328,0.025634766
open_dense,40,diagnostic,hotspot,17,1000,10000,all,10000,0.000475488,0.000244141,0.000732422,0.000976562,0.027587891,0.063232422
open_dense,40,diagnostic,hotspot,17,1000,10000,direct,10000,0.000475488,0.000244141,0.000732422,0.000976562,0.027587891,0.063232422
baseline,41,timed,ascending,17,10000,100000,all,100000,0.000627922,0.000488281,0.000976562,0.000976562,0.022216797,0.103515625
baseline,41,diagnostic,ascending,17,10000,100000,all,100000,0.000721467,0.000732422,0.000976562,0.001220703,0.040771484,0.241943359
baseline,41,diagnostic,ascending,17,10000,100000,direct,100000,0.000721467,0.000732422,0.000976562,0.001220703,0.040771484,0.241943359
open_dense,41,timed,ascending,17,10000,100000,all,100000,0.000658193,0.000488281,0.000976562,0.001220703,0.024658203,0.198730469
open_dense,41,diagnostic,ascending,17,10000,100000,all,100000,0.000816243,0.000732422,0.000976562,0.001464844,0.04296875,0.159423828
open_dense,41,diagnostic,ascending,17,10000,100000,direct,100000,0.000816243,0.000732422,0.000976562,0.001464844,0.04296875,0.159423828
baseline,42,timed,descending,17,10000,100000,all,100000,0.00040249,0.000244141,0.000488281,0.000732422,0.021728516,0.066162109
baseline,42,diagnostic,descending,17,10000,100000,all,100000,0.000481497,0.000488281,0.000488281,0.000732422,0.040527344,0.234863281
baseline,42,diagnostic,descending,17,10000,100000,direct,100000,0.000481497,0.000488281,0.000488281,0.000732422,0.040527344,0.234863281
open_dense,42,timed,descending,17,10000,100000,all,100000,0.000421624,0.000244141,0.000488281,0.000732422,0.021728516,1.033203125
open_dense,42,diagnostic,descending,17,10000,100000,all,100000,0.000485474,0.000488281,0.000488281,0.000732422,0.0390625,0.178955078
open_dense,42,diagnostic,descending,17,10000,100000,direct,100000,0.000485474,0.000488281,0.000488281,0.000732422,0.0390625,0.178955078
baseline,43,timed,random,17,10000,100000,all,100000,0.00108678,0.000976562,0.001708984,0.002197266,0.029296875,0.113525391
baseline,43,diagnostic,random,17,10000,100000,all,100000,0.00129124,0.000976562,0.002197266,0.002685547,0.041748047,0.161376953
baseline,43,diagnostic,random,17,10000,100000,direct,99992,0.001290374,0.000976562,0.002197266,0.002685547,0.041992188,0.161376953
baseline,43,diagnostic,random,17,10000,100000,local,8,0.012115479,0.010986328,0.01953125,0.01953125,,0.01953125
open_dense,43,timed,random,17,10000,100000,all,100000,0.003313704,0.001220703,0.003662109,0.006347656,0.041015625,70.751464844
open_dense,43,diagnostic,random,17,10000,100000,all,100000,0.004215305,0.001708984,0.004150391,0.008300781,0.054443359,63.702636719
open_dense,43,diagnostic,random,17,10000,100000,direct,98899,0.002073639,0.001708984,0.003662109,0.006591797,0.015625,1.176269531
open_dense,43,diagnostic,random,17,10000,100000,local,1065,0.014423095,0.0078125,0.049072266,0.120361328,,0.239501953
open_dense,43,diagnostic,random,17,10000,100000,large,36,5.585808648,0.497802734,31.953369141,63.702636719,,63.702636719
baseline,44,timed,equal,17,10000,100000,all,100000,0.000630776,0.000488281,0.000976562,0.000976562,0.022460938,0.092041016
baseline,44,diagnostic,equal,17,10000,100000,all,100000,0.000692344,0.000732422,0.000976562,0.001220703,0.035888672,0.091552734
baseline,44,diagnostic,equal,17,10000,100000,direct,100000,0.000692344,0.000732422,0.000976562,0.001220703,0.035888672,0.091552734
open_dense,44,timed,equal,17,10000,100000,all,100000,0.000644375,0.000488281,0.000976562,0.001220703,0.019775391,0.054443359
open_dense,44,diagnostic,equal,17,10000,100000,all,100000,0.000749285,0.000732422,0.000976562,0.001220703,0.036621094,0.065429688
open_dense,44,diagnostic,equal,17,10000,100000,direct,100000,0.000749285,0.000732422,0.000976562,0.001220703,0.036621094,0.065429688
baseline,45,timed,duplicates,17,10000,100000,all,100000,0.001286602,0.000732422,0.002441406,0.006835938,0.034667969,4.59375
baseline,45,diagnostic,duplicates,17,10000,100000,all,100000,0.001472187,0.000976562,0.002685547,0.008300781,0.055664062,5.675537109
baseline,45,diagnostic,duplicates,17,10000,100000,direct,93085,0.00096605,0.000976562,0.001220703,0.001708984,0.029785156,0.203613281
baseline,45,diagnostic,duplicates,17,10000,100000,local,6877,0.004902693,0.002929688,0.013671875,0.038818359,,0.21875
baseline,45,diagnostic,duplicates,17,10000,100000,large,38,0.620476974,0.170410156,2.116699219,5.675537109,,5.675537109
open_dense,45,timed,duplicates,17,10000,100000,all,100000,0.002200178,0.000976562,0.002929688,0.008300781,0.154296875,38.061035156
open_dense,45,diagnostic,duplicates,17,10000,100000,all,100000,0.002740474,0.000976562,0.003417969,0.009765625,0.171630859,62.034423828
open_dense,45,diagnostic,duplicates,17,10000,100000,direct,92425,0.001100739,0.000976562,0.001464844,0.001953125,0.006835938,0.102294922
open_dense,45,diagnostic,duplicates,17,10000,100000,local,7416,0.005800216,0.003662109,0.016113281,0.043212891,,0.120605469
open_dense,45,diagnostic,duplicates,17,10000,100000,large,158,0.425713261,0.225830078,1.220703125,4.596191406,,5.634277344
open_dense,45,diagnostic,duplicates,17,10000,100000,full,1,62.034423828,62.034423828,62.034423828,62.034423828,,62.034423828
baseline,46,timed,alternating,17,10000,100000,all,100000,0.020424656,0.001220703,0.024414062,0.057373047,3.171630859,30.687988281
baseline,46,diagnostic,alternating,17,10000,100000,all,100000,0.026086479,0.001464844,0.025878906,0.058105469,3.978515625,72.783935547
baseline,46,diagnostic,alternating,17,10000,100000,direct,64336,0.001323887,0.001220703,0.001708984,0.002197266,0.007324219,0.455566406
baseline,46,diagnostic,alternating,17,10000,100000,local,34834,0.013315462,0.004394531,0.052246094,0.054443359,0.092041016,0.619628906
baseline,46,diagnostic,alternating,17,10000,100000,large,829,2.43764136,0.916259766,9.078125,22.881103516,,72.783935547
baseline,46,diagnostic,alternating,17,10000,100000,full,1,38.838867188,38.838867188,38.838867188,38.838867188,,38.838867188
open_dense,46,timed,alternating,17,10000,100000,all,100000,0.020433643,0.001220703,0.024169922,0.051269531,3.234130859,38.500244141
open_dense,46,diagnostic,alternating,17,10000,100000,all,100000,0.02521001,0.001464844,0.027832031,0.059570312,4.065429688,53.541992188
open_dense,46,diagnostic,alternating,17,10000,100000,direct,64336,0.001363652,0.001220703,0.001708984,0.002197266,0.005859375,0.068603516
open_dense,46,diagnostic,alternating,17,10000,100000,local,34834,0.014068076,0.004638672,0.055908203,0.057861328,0.086669922,1.984130859
open_dense,46,diagnostic,alternating,17,10000,100000,large,829,2.279468863,0.973876953,8.643310547,21.030761719,,41.693115234
open_dense,46,diagnostic,alternating,17,10000,100000,full,1,53.541992188,53.541992188,53.541992188,53.541992188,,53.541992188
baseline,47,timed,hotspot,17,10000,100000,all,100000,0.000438616,0.000488281,0.000488281,0.000732422,0.022949219,0.251708984
baseline,47,diagnostic,hotspot,17,10000,100000,all,100000,0.000503274,0.000488281,0.000732422,0.000732422,0.041992188,0.237304688
baseline,47,diagnostic,hotspot,17,10000,100000,direct,100000,0.000503274,0.000488281,0.000732422,0.000732422,0.041992188,0.237304688
open_dense,47,timed,hotspot,17,10000,100000,all,100000,0.000559336,0.000488281,0.000732422,0.001464844,0.026367188,0.227539062
open_dense,47,diagnostic,hotspot,17,10000,100000,all,100000,0.000487568,0.000488281,0.000488281,0.000732422,0.040039062,0.118652344
open_dense,47,diagnostic,hotspot,17,10000,100000,direct,100000,0.000487568,0.000488281,0.000488281,0.000732422,0.040039062,0.118652344
baseline,48,timed,timeline,3512641005,10000,100000,all,89891,0.002763799,0.000976562,0.001464844,0.002441406,0.010986328,92.360595703
baseline,48,diagnostic,timeline,3512641005,10000,100000,all,89891,0.002932626,0.000976562,0.001464844,0.002685547,0.013427734,99.300292969
baseline,48,diagnostic,timeline,3512641005,10000,100000,direct,89885,0.001022837,0.000976562,0.001464844,0.002685547,0.011962891,0.106201172
baseline,48,diagnostic,timeline,3512641005,10000,100000,local,3,0.016113281,0.010009766,0.032226562,0.032226562,,0.032226562
baseline,48,diagnostic,timeline,3512641005,10000,100000,full,3,57.210205078,49.583496094,99.300292969,99.300292969,,99.300292969
open_dense,48,timed,timeline,3512641005,10000,100000,all,89891,0.010667642,0.001220703,0.003417969,0.16796875,0.365966797,28.361572266
open_dense,48,diagnostic,timeline,3512641005,10000,100000,all,89891,0.012693477,0.001464844,0.00390625,0.189697266,0.430175781,38.0390625
open_dense,48,diagnostic,timeline,3512641005,10000,100000,direct,86421,0.001421276,0.001464844,0.001953125,0.004150391,0.013671875,0.107421875
open_dense,48,diagnostic,timeline,3512641005,10000,100000,local,1653,0.062504579,0.058349609,0.100341797,0.122070312,,0.214599609
open_dense,48,diagnostic,timeline,3512641005,10000,100000,large,1817,0.50351189,0.189697266,0.427734375,8.884765625,,38.0390625
baseline,49,timed,priority,3512641005,10000,100000,all,74968,0.000998118,0.000488281,0.000976562,0.003173828,0.065917969,7.479980469
baseline,49,diagnostic,priority,3512641005,10000,100000,all,74968,0.001097946,0.000488281,0.001220703,0.003662109,0.071289062,8.506347656
baseline,49,diagnostic,priority,3512641005,10000,100000,direct,72614,0.000638422,0.000488281,0.000976562,0.001464844,0.003417969,0.059814453
baseline,49,diagnostic,priority,3512641005,10000,100000,local,2292,0.007217487,0.003173828,0.028808594,0.069824219,,0.131591797
baseline,49,diagnostic,priority,3512641005,10000,100000,large,61,0.178746958,0.132080078,0.418701172,0.520751953,,0.520751953
baseline,49,diagnostic,priority,3512641005,10000,100000,full,1,8.506347656,8.506347656,8.506347656,8.506347656,,8.506347656
open_dense,49,timed,priority,3512641005,10000,100000,all,74968,0.001032797,0.000732422,0.001220703,0.003417969,0.017578125,3.602539062
open_dense,49,diagnostic,priority,3512641005,10000,100000,all,74968,0.001163091,0.000976562,0.001220703,0.003662109,0.01953125,4.475830078
open_dense,49,diagnostic,priority,3512641005,10000,100000,direct,71977,0.000867353,0.000976562,0.001220703,0.001220703,0.002197266,0.056396484
open_dense,49,diagnostic,priority,3512641005,10000,100000,local,2981,0.004662341,0.003417969,0.010009766,0.028564453,,0.082275391
open_dense,49,diagnostic,priority,3512641005,10000,100000,large,10,1.086669922,0.252929688,4.475830078,4.475830078,,4.475830078
baseline,50,timed,local,3512641005,10000,100000,all,89973,0.000659152,0.000732422,0.000976562,0.001464844,0.003173828,0.01171875
baseline,50,diagnostic,local,3512641005,10000,100000,all,89973,0.00069195,0.000732422,0.000976562,0.001953125,0.003417969,0.096191406
baseline,50,diagnostic,local,3512641005,10000,100000,direct,89303,0.000675533,0.000732422,0.000976562,0.001220703,0.002441406,0.096191406
baseline,50,diagnostic,local,3512641005,10000,100000,local,670,0.002880131,0.002685547,0.00390625,0.008056641,,0.033935547
open_dense,50,timed,local,3512641005,10000,100000,all,89973,0.000668251,0.000732422,0.000976562,0.001953125,0.003417969,0.018066406
open_dense,50,diagnostic,local,3512641005,10000,100000,all,89973,0.000708725,0.000732422,0.000976562,0.002197266,0.003417969,0.026855469
open_dense,50,diagnostic,local,3512641005,10000,100000,direct,89303,0.000691485,0.000732422,0.000976562,0.001220703,0.002685547,0.026855469
open_dense,50,diagnostic,local,3512641005,10000,100000,local,670,0.003006574,0.002685547,0.004150391,0.0078125,,0.010986328
baseline,51,timed,churn,3512641005,10000,100000,all,69896,0.000622346,0.000488281,0.000976562,0.001220703,0.002685547,0.107666016
baseline,51,diagnostic,churn,3512641005,10000,100000,all,69896,0.000789657,0.000732422,0.001464844,0.003417969,0.008789062,0.154296875
baseline,51,diagnostic,churn,3512641005,10000,100000,direct,69807,0.000784826,0.000732422,0.001464844,0.003417969,0.008300781,0.154296875
baseline,51,diagnostic,churn,3512641005,10000,100000,local,89,0.004578323,0.003173828,0.012939453,0.018066406,,0.018066406
open_dense,51,timed,churn,3512641005,10000,100000,all,69896,0.000687461,0.000732422,0.000976562,0.001464844,0.003662109,0.095214844
open_dense,51,diagnostic,churn,3512641005,10000,100000,all,69896,0.000685537,0.000732422,0.000976562,0.001464844,0.003173828,0.105712891
open_dense,51,diagnostic,churn,3512641005,10000,100000,direct,69807,0.000682445,0.000732422,0.000976562,0.001464844,0.002685547,0.105712891
open_dense,51,diagnostic,churn,3512641005,10000,100000,local,89,0.003110736,0.002929688,0.004638672,0.009521484,,0.009521484
baseline,52,timed,churn,3512641005,50000,500000,all,349756,0.000993023,0.000976562,0.001464844,0.002441406,0.005126953,1.689453125
baseline,52,diagnostic,churn,3512641005,50000,500000,all,349756,0.001329211,0.001220703,0.002685547,0.004394531,0.008056641,1.657958984
baseline,52,diagnostic,churn,3512641005,50000,500000,direct,348939,0.001319133,0.001220703,0.002685547,0.004150391,0.007080078,1.657958984
baseline,52,diagnostic,churn,3512641005,50000,500000,local,817,0.005633762,0.004882812,0.010498047,0.015136719,,0.035644531
open_dense,52,timed,churn,3512641005,50000,500000,all,349756,0.001079452,0.000976562,0.002197266,0.004394531,0.008056641,0.270996094
open_dense,52,diagnostic,churn,3512641005,50000,500000,all,349756,0.001199163,0.000976562,0.001953125,0.003417969,0.007568359,0.775634766
open_dense,52,diagnostic,churn,3512641005,50000,500000,direct,348939,0.001190277,0.000976562,0.001953125,0.003173828,0.007080078,0.775634766
open_dense,52,diagnostic,churn,3512641005,50000,500000,local,817,0.004993976,0.004638672,0.008056641,0.012939453,,0.023681641
