run,strategy,build,workload,seed,initial,operations,category,count,mean_ms,p50_ms,p95_ms,p99_ms,p999_ms,max_ms
1,baseline,timed,timeline,17,10000,100000,all,89943,0.002505841,0.000976562,0.001464844,0.002197266,0.006835938,80.885742188
1,baseline,diagnostic,timeline,17,10000,100000,all,89943,0.003204737,0.000976562,0.001464844,0.002685547,0.022949219,109.436523438
1,baseline,diagnostic,timeline,17,10000,100000,direct,89940,0.001040809,0.000976562,0.001464844,0.002685547,0.019287109,0.133789062
1,baseline,diagnostic,timeline,17,10000,100000,full,3,64.877766927,56.337646484,109.436523438,109.436523438,,109.436523438
1,slack,timed,timeline,17,10000,100000,all,89943,0.003462534,0.001220703,0.001708984,0.003173828,0.495605469,11.110107422
1,slack,diagnostic,timeline,17,10000,100000,all,89943,0.008921031,0.001220703,0.001708984,0.00390625,1.739746094,36.602783203
1,slack,diagnostic,timeline,17,10000,100000,direct,89462,0.001341215,0.001220703,0.001708984,0.003173828,0.017333984,0.128417969
1,slack,diagnostic,timeline,17,10000,100000,local,174,0.033367289,0.014892578,0.125488281,0.130371094,,0.141601562
1,slack,diagnostic,timeline,17,10000,100000,large,307,2.203878098,0.85546875,7.243896484,16.572021484,,36.602783203
2,baseline,timed,timeline,305419896,10000,100000,all,89880,0.002682502,0.000976562,0.001464844,0.002197266,0.015625,86.372802734
2,baseline,diagnostic,timeline,305419896,10000,100000,all,89880,0.00326088,0.000976562,0.001464844,0.002685547,0.023193359,111.014160156
2,baseline,diagnostic,timeline,305419896,10000,100000,direct,89876,0.001054931,0.000976562,0.001464844,0.002685547,0.021240234,0.118652344
2,baseline,diagnostic,timeline,305419896,10000,100000,local,1,0.063232422,0.063232422,0.063232422,0.063232422,,0.063232422
2,baseline,diagnostic,timeline,305419896,10000,100000,full,3,66.070556641,58.786865234,111.014160156,111.014160156,,111.014160156
2,slack,timed,timeline,305419896,10000,100000,all,89880,0.003587914,0.001220703,0.001708984,0.003173828,0.533935547,11.127929688
2,slack,diagnostic,timeline,305419896,10000,100000,all,89880,0.008731597,0.001220703,0.001708984,0.003662109,1.702636719,36.639648438
2,slack,diagnostic,timeline,305419896,10000,100000,direct,89447,0.001327615,0.001220703,0.001708984,0.003173828,0.007080078,0.069824219
2,slack,diagnostic,timeline,305419896,10000,100000,local,97,0.035974247,0.014892578,0.126464844,0.135742188,,0.135742188
2,slack,diagnostic,timeline,305419896,10000,100000,large,336,1.971890404,0.849365234,7.085449219,16.336914062,,36.639648438
3,baseline,timed,timeline,2654435769,10000,100000,all,89909,0.002628998,0.000976562,0.001464844,0.002685547,0.008544922,85.086669922
3,baseline,diagnostic,timeline,2654435769,10000,100000,all,89909,0.003166817,0.000976562,0.001464844,0.002685547,0.014648438,109.591796875
3,baseline,diagnostic,timeline,2654435769,10000,100000,direct,89904,0.001005296,0.000976562,0.001464844,0.002685547,0.012939453,0.113037109
3,baseline,diagnostic,timeline,2654435769,10000,100000,local,2,0.025512695,0.014892578,0.036132812,0.036132812,,0.036132812
3,baseline,diagnostic,timeline,2654435769,10000,100000,full,3,64.764729818,57.744384766,109.591796875,109.591796875,,109.591796875
3,slack,timed,timeline,2654435769,10000,100000,all,89909,0.004068529,0.001220703,0.001708984,0.003173828,0.510253906,27.113037109
3,slack,diagnostic,timeline,2654435769,10000,100000,all,89909,0.010096944,0.001220703,0.001708984,0.003662109,1.645996094,73.431396484
3,slack,diagnostic,timeline,2654435769,10000,100000,direct,89622,0.001329319,0.001220703,0.001708984,0.003417969,0.011962891,0.130126953
3,slack,diagnostic,timeline,2654435769,10000,100000,local,37,0.058699324,0.017333984,0.127441406,0.235839844,,0.235839844
3,slack,diagnostic,timeline,2654435769,10000,100000,large,250,3.145992188,0.858886719,15.255371094,35.225830078,,73.431396484
4,baseline,timed,timeline,826366246,10000,100000,all,90119,0.002647289,0.000976562,0.001464844,0.002197266,0.016601562,86.237304688
4,baseline,diagnostic,timeline,826366246,10000,100000,all,90119,0.003063438,0.000976562,0.001464844,0.002441406,0.010009766,105.418701172
4,baseline,diagnostic,timeline,826366246,10000,100000,direct,90115,0.00100065,0.000976562,0.001464844,0.002441406,0.009765625,0.039550781
4,baseline,diagnostic,timeline,826366246,10000,100000,local,1,0.008789062,0.008789062,0.008789062,0.008789062,,0.008789062
4,baseline,diagnostic,timeline,826366246,10000,100000,full,3,61.963867188,53.506835938,105.418701172,105.418701172,,105.418701172
4,slack,timed,timeline,826366246,10000,100000,all,90119,0.004104913,0.001220703,0.001708984,0.004150391,0.557373047,14.963134766
4,slack,diagnostic,timeline,826366246,10000,100000,all,90119,0.009600953,0.001464844,0.001953125,0.00390625,1.720214844,35.813720703
4,slack,diagnostic,timeline,826366246,10000,100000,direct,89697,0.001358278,0.001464844,0.001708984,0.003417969,0.013427734,0.156982422
4,slack,diagnostic,timeline,826366246,10000,100000,local,122,0.037671699,0.015136719,0.127197266,0.149169922,,0.266357422
4,slack,diagnostic,timeline,826366246,10000,100000,large,300,2.46266276,0.859863281,7.08203125,16.996582031,,35.813720703
5,baseline,timed,timeline,12648430,10000,100000,all,89934,0.002579178,0.000976562,0.001464844,0.001953125,0.006591797,87.333496094
5,baseline,diagnostic,timeline,12648430,10000,100000,all,89934,0.003268312,0.000976562,0.001464844,0.002685547,0.025634766,115.309814453
5,baseline,diagnostic,timeline,12648430,10000,100000,direct,89931,0.00104836,0.000976562,0.001464844,0.002685547,0.024902344,0.167480469
5,baseline,diagnostic,timeline,12648430,10000,100000,full,3,66.55078125,55.801025391,115.309814453,115.309814453,,115.309814453
5,slack,timed,timeline,12648430,10000,100000,all,89934,0.004057017,0.001220703,0.001708984,0.002929688,0.520263672,26.844482422
5,slack,diagnostic,timeline,12648430,10000,100000,all,89934,0.010686341,0.001220703,0.001708984,0.003662109,1.724609375,82.156738281
5,slack,diagnostic,timeline,12648430,10000,100000,direct,89583,0.001326581,0.001220703,0.001708984,0.003173828,0.005859375,0.048583984
5,slack,diagnostic,timeline,12648430,10000,100000,local,97,0.031715629,0.015136719,0.125976562,0.130615234,,0.130615234
5,slack,diagnostic,timeline,12648430,10000,100000,large,254,3.303739773,0.92578125,15.614746094,35.998779297,,82.156738281
6,baseline,timed,timeline,3512641005,10000,100000,all,89891,0.002504213,0.000976562,0.001464844,0.001953125,0.006103516,80.638671875
6,baseline,diagnostic,timeline,3512641005,10000,100000,all,89891,0.003042503,0.000976562,0.001464844,0.002441406,0.009277344,105.050292969
6,baseline,diagnostic,timeline,3512641005,10000,100000,direct,89885,0.001002874,0.000976562,0.001464844,0.002441406,0.009033203,0.041992188
6,baseline,diagnostic,timeline,3512641005,10000,100000,local,3,0.017008464,0.012451172,0.032470703,0.032470703,,0.032470703
6,baseline,diagnostic,timeline,3512641005,10000,100000,full,3,61.099772135,51.267333984,105.050292969,105.050292969,,105.050292969
6,slack,timed,timeline,3512641005,10000,100000,all,89891,0.003374038,0.001220703,0.001708984,0.003173828,0.501953125,10.281005859
6,slack,diagnostic,timeline,3512641005,10000,100000,all,89891,0.008788666,0.001464844,0.001708984,0.004150391,1.777587891,35.817382812
6,slack,diagnostic,timeline,3512641005,10000,100000,direct,89337,0.00137233,0.001464844,0.001708984,0.003173828,0.022949219,0.133056641
6,slack,diagnostic,timeline,3512641005,10000,100000,local,263,0.022060844,0.014648438,0.114990234,0.135986328,,0.235839844
6,slack,diagnostic,timeline,3512641005,10000,100000,large,291,2.27360865,0.926025391,7.563476562,16.193603516,,35.817382812
7,baseline,timed,timeline,17,100000,100000,all,89943,0.008536917,0.000976562,0.001953125,0.003662109,0.007080078,211.176513672
7,baseline,diagnostic,timeline,17,100000,100000,all,89943,0.010245185,0.000976562,0.002197266,0.00390625,0.008544922,252.025634766
7,baseline,diagnostic,timeline,17,100000,100000,direct,89938,0.001178628,0.000976562,0.002197266,0.00390625,0.008300781,0.046386719
7,baseline,diagnostic,timeline,17,100000,100000,local,1,0.059082031,0.059082031,0.059082031,0.059082031,,0.059082031
7,baseline,diagnostic,timeline,17,100000,100000,full,4,203.855041504,221.796630859,252.025634766,252.025634766,,252.025634766
7,slack,timed,timeline,17,100000,100000,all,89943,0.004327988,0.001464844,0.002197266,0.00390625,0.497802734,25.930664062
7,slack,diagnostic,timeline,17,100000,100000,all,89943,0.010845522,0.001464844,0.002685547,0.004638672,1.692382812,65.244384766
7,slack,diagnostic,timeline,17,100000,100000,direct,89561,0.001531167,0.001464844,0.002441406,0.004150391,0.008300781,0.089355469
7,slack,diagnostic,timeline,17,100000,100000,local,52,0.078632061,0.113525391,0.133300781,0.146240234,,0.146240234
7,slack,diagnostic,timeline,17,100000,100000,large,330,2.528051758,0.847900391,7.616455078,31.807128906,,65.244384766
8,baseline,timed,priority,17,10000,100000,all,75234,0.001053325,0.000488281,0.000976562,0.003173828,0.100341797,8.713623047
8,baseline,diagnostic,priority,17,10000,100000,all,75234,0.001121725,0.000488281,0.000976562,0.003417969,0.109619141,9.739257812
8,baseline,diagnostic,priority,17,10000,100000,direct,72765,0.000617356,0.000488281,0.000976562,0.000976562,0.001220703,0.033935547
8,baseline,diagnostic,priority,17,10000,100000,local,2385,0.007041794,0.003173828,0.031738281,0.068359375,,0.081542969
8,baseline,diagnostic,priority,17,10000,100000,large,83,0.155855845,0.127685547,0.237548828,0.418212891,,0.418212891
8,baseline,diagnostic,priority,17,10000,100000,full,1,9.739257812,9.739257812,9.739257812,9.739257812,,9.739257812
8,slack,timed,priority,17,10000,100000,all,75234,0.000821451,0.000732422,0.001220703,0.00390625,0.005615234,0.033203125
8,slack,diagnostic,priority,17,10000,100000,all,75234,0.000928302,0.000732422,0.001220703,0.007568359,0.009765625,0.040039062
8,slack,diagnostic,priority,17,10000,100000,direct,73329,0.000772514,0.000732422,0.000976562,0.001220703,0.001708984,0.032958984
8,slack,diagnostic,priority,17,10000,100000,local,1905,0.006925007,0.006591797,0.009765625,0.010253906,,0.040039062
9,baseline,timed,priority,305419896,10000,100000,all,74985,0.001074154,0.000488281,0.000976562,0.002685547,0.052734375,16.092529297
9,baseline,diagnostic,priority,305419896,10000,100000,all,74985,0.001165738,0.000488281,0.000976562,0.003173828,0.057861328,19.125244141
9,baseline,diagnostic,priority,305419896,10000,100000,direct,73179,0.000597906,0.000488281,0.000976562,0.000976562,0.001220703,0.033447266
9,baseline,diagnostic,priority,305419896,10000,100000,local,1767,0.005912017,0.002929688,0.01953125,0.067626953,,0.088378906
9,baseline,diagnostic,priority,305419896,10000,100000,large,37,0.166517103,0.133544922,0.270263672,0.476318359,,0.476318359
9,baseline,diagnostic,priority,305419896,10000,100000,full,2,13.525512695,7.92578125,19.125244141,19.125244141,,19.125244141
9,slack,timed,priority,305419896,10000,100000,all,74985,0.000728743,0.000732422,0.000976562,0.003173828,0.004394531,0.133056641
9,slack,diagnostic,priority,305419896,10000,100000,all,74985,0.00080379,0.000732422,0.000976562,0.006103516,0.008056641,0.150390625
9,slack,diagnostic,priority,305419896,10000,100000,direct,73368,0.000689532,0.000732422,0.000976562,0.000976562,0.001464844,0.150390625
9,slack,diagnostic,priority,305419896,10000,100000,local,1617,0.005988013,0.006103516,0.008056641,0.008789062,,0.040039062
10,baseline,timed,priority,2654435769,10000,100000,all,74854,0.001031865,0.000488281,0.000976562,0.003173828,0.066894531,7.836914062
10,baseline,diagnostic,priority,2654435769,10000,100000,all,74854,0.001108153,0.000488281,0.000976562,0.003417969,0.072753906,9.002441406
10,baseline,diagnostic,priority,2654435769,10000,100000,direct,72494,0.000632673,0.000488281,0.000976562,0.000976562,0.001220703,0.033447266
10,baseline,diagnostic,priority,2654435769,10000,100000,local,2292,0.00760383,0.003173828,0.036376953,0.068115234,,0.092041016
10,baseline,diagnostic,priority,2654435769,10000,100000,large,67,0.159019356,0.126464844,0.255126953,0.494628906,,0.494628906
10,baseline,diagnostic,priority,2654435769,10000,100000,full,1,9.002441406,9.002441406,9.002441406,9.002441406,,9.002441406
10,slack,timed,priority,2654435769,10000,100000,all,74854,0.000754966,0.000732422,0.000976562,0.003417969,0.004882812,0.034179688
10,slack,diagnostic,priority,2654435769,10000,100000,all,74854,0.000855171,0.000732422,0.000976562,0.006347656,0.009277344,0.040527344
10,slack,diagnostic,priority,2654435769,10000,100000,direct,73061,0.000716763,0.000732422,0.000976562,0.001220703,0.001464844,0.033935547
10,slack,diagnostic,priority,2654435769,10000,100000,local,1793,0.006494985,0.006347656,0.008300781,0.010253906,,0.040527344
11,baseline,timed,priority,826366246,10000,100000,all,75099,0.001104444,0.000732422,0.002197266,0.005126953,0.037109375,1.909423828
11,baseline,diagnostic,priority,826366246,10000,100000,all,75099,0.000984436,0.000732422,0.001220703,0.003417969,0.036621094,1.895263672
11,baseline,diagnostic,priority,826366246,10000,100000,direct,71690,0.000688848,0.000732422,0.000976562,0.001220703,0.004638672,0.123779297
11,baseline,diagnostic,priority,826366246,10000,100000,local,3389,0.005068746,0.002929688,0.018066406,0.043945312,,0.163085938
11,baseline,diagnostic,priority,826366246,10000,100000,large,20,0.368432617,0.229003906,1.228271484,1.895263672,,1.895263672
11,slack,timed,priority,826366246,10000,100000,all,75099,0.000787154,0.000732422,0.000976562,0.003662109,0.005371094,0.037597656
11,slack,diagnostic,priority,826366246,10000,100000,all,75099,0.000886658,0.000732422,0.000976562,0.006591797,0.009765625,0.044433594
11,slack,diagnostic,priority,826366246,10000,100000,direct,73343,0.000745407,0.000732422,0.000976562,0.001220703,0.001464844,0.039306641
11,slack,diagnostic,priority,826366246,10000,100000,local,1756,0.006786303,0.006347656,0.008544922,0.010742188,,0.044433594
12,baseline,timed,priority,12648430,10000,100000,all,74961,0.000792287,0.000488281,0.000976562,0.002929688,0.024902344,1.523193359
12,baseline,diagnostic,priority,12648430,10000,100000,all,74961,0.0008453,0.000732422,0.000976562,0.003173828,0.03125,1.763916016
12,baseline,diagnostic,priority,12648430,10000,100000,direct,72274,0.000649043,0.000488281,0.000976562,0.000976562,0.003417969,0.107910156
12,baseline,diagnostic,priority,12648430,10000,100000,local,2671,0.004434749,0.002929688,0.016601562,0.036865234,,0.097412109
12,baseline,diagnostic,priority,12648430,10000,100000,large,16,0.288146973,0.135253906,1.763916016,1.763916016,,1.763916016
12,slack,timed,priority,12648430,10000,100000,all,74961,0.000742254,0.000732422,0.000976562,0.003417969,0.005371094,0.033203125
12,slack,diagnostic,priority,12648430,10000,100000,all,74961,0.00089029,0.000732422,0.000976562,0.006591797,0.011230469,0.154785156
12,slack,diagnostic,priority,12648430,10000,100000,direct,73259,0.000751084,0.000732422,0.000976562,0.001220703,0.005126953,0.154785156
12,slack,diagnostic,priority,12648430,10000,100000,local,1702,0.006882126,0.006347656,0.009277344,0.014404297,,0.119628906
13,baseline,timed,priority,3512641005,10000,100000,all,74968,0.001023731,0.000488281,0.000976562,0.003173828,0.068359375,7.206054688
13,baseline,diagnostic,priority,3512641005,10000,100000,all,74968,0.00106919,0.000488281,0.000976562,0.003417969,0.072998047,8.369873047
13,baseline,diagnostic,priority,3512641005,10000,100000,direct,72614,0.000619134,0.000488281,0.000976562,0.000976562,0.001220703,0.040039062
13,baseline,diagnostic,priority,3512641005,10000,100000,local,2292,0.007060692,0.003173828,0.021484375,0.070556641,,0.083984375
13,baseline,diagnostic,priority,3512641005,10000,100000,large,61,0.17449651,0.135253906,0.270019531,0.430175781,,0.430175781
13,baseline,diagnostic,priority,3512641005,10000,100000,full,1,8.369873047,8.369873047,8.369873047,8.369873047,,8.369873047
13,slack,timed,priority,3512641005,10000,100000,all,74968,0.000802051,0.000732422,0.000976562,0.00390625,0.005615234,0.032958984
13,slack,diagnostic,priority,3512641005,10000,100000,all,74968,0.000947217,0.000732422,0.001220703,0.007568359,0.011474609,0.145263672
13,slack,diagnostic,priority,3512641005,10000,100000,direct,73071,0.000779766,0.000732422,0.000976562,0.001220703,0.003662109,0.116699219
13,slack,diagnostic,priority,3512641005,10000,100000,local,1897,0.007397319,0.006591797,0.010009766,0.020019531,,0.145263672
14,baseline,timed,random,17,10000,100000,all,100000,0.00104647,0.000976562,0.001464844,0.001708984,0.020996094,0.054199219
14,baseline,diagnostic,random,17,10000,100000,all,100000,0.001328738,0.001220703,0.001953125,0.002685547,0.034912109,0.237304688
14,baseline,diagnostic,random,17,10000,100000,direct,99992,0.001327941,0.001220703,0.001953125,0.002685547,0.034912109,0.237304688
14,baseline,diagnostic,random,17,10000,100000,local,8,0.011291504,0.010009766,0.018798828,0.018798828,,0.018798828
14,slack,timed,random,17,10000,100000,all,100000,0.001050107,0.000976562,0.001464844,0.002197266,0.01953125,0.084228516
14,slack,diagnostic,random,17,10000,100000,all,100000,0.001378547,0.001220703,0.002197266,0.002929688,0.033935547,0.275390625
14,slack,diagnostic,random,17,10000,100000,direct,99550,0.001335151,0.001220703,0.002197266,0.002685547,0.033691406,0.275390625
14,slack,diagnostic,random,17,10000,100000,local,450,0.010978733,0.009033203,0.015625,0.041259766,,0.176757812
15,baseline,timed,duplicates,17,10000,100000,all,100000,0.001289829,0.000732422,0.002441406,0.007568359,0.034423828,3.948974609
15,baseline,diagnostic,duplicates,17,10000,100000,all,100000,0.001439038,0.000976562,0.002685547,0.008300781,0.042236328,5.100585938
15,baseline,diagnostic,duplicates,17,10000,100000,direct,93085,0.000966444,0.000976562,0.001220703,0.001464844,0.024902344,0.127197266
15,baseline,diagnostic,duplicates,17,10000,100000,local,6877,0.004667037,0.002929688,0.011474609,0.034179688,,0.126708984
15,baseline,diagnostic,duplicates,17,10000,100000,large,38,0.574925473,0.159912109,2.172119141,5.100585938,,5.100585938
15,slack,timed,duplicates,17,10000,100000,all,100000,0.001577109,0.001220703,0.005126953,0.006347656,0.028808594,0.126464844
15,slack,diagnostic,duplicates,17,10000,100000,all,100000,0.002017534,0.001220703,0.009277344,0.010986328,0.033935547,0.083251953
15,slack,diagnostic,duplicates,17,10000,100000,direct,89447,0.001162705,0.001220703,0.001464844,0.001708984,0.024902344,0.08203125
15,slack,diagnostic,duplicates,17,10000,100000,local,10553,0.009263046,0.009277344,0.011474609,0.020263672,0.056884766,0.083251953
16,baseline,timed,alternating,17,10000,100000,all,100000,0.019447144,0.001220703,0.024414062,0.051513672,3.132568359,27.602539062
16,baseline,diagnostic,alternating,17,10000,100000,all,100000,0.022211877,0.001464844,0.025878906,0.054931641,3.572021484,39.337890625
16,baseline,diagnostic,alternating,17,10000,100000,direct,64336,0.001271815,0.001220703,0.001464844,0.001708984,0.00390625,0.052001953
16,baseline,diagnostic,alternating,17,10000,100000,local,34834,0.013162855,0.004394531,0.053222656,0.053955078,0.061523438,0.191650391
16,baseline,diagnostic,alternating,17,10000,100000,large,829,1.989879797,0.910400391,7.425292969,16.525634766,,39.337890625
16,baseline,diagnostic,alternating,17,10000,100000,full,1,31.239013672,31.239013672,31.239013672,31.239013672,,31.239013672
16,slack,timed,alternating,17,10000,100000,all,100000,0.028962957,0.001464844,0.154052734,0.488037109,1.857910156,6.348632812
16,slack,diagnostic,alternating,17,10000,100000,all,100000,0.080506704,0.001464844,0.4296875,1.618408203,6.586914062,17.945068359
16,slack,diagnostic,alternating,17,10000,100000,direct,80188,0.001561291,0.001464844,0.001708984,0.001953125,0.004638672,0.105712891
16,slack,diagnostic,alternating,17,10000,100000,local,10210,0.092771596,0.077880859,0.135986328,0.142089844,0.221679688,0.288818359
16,slack,diagnostic,alternating,17,10000,100000,large,9601,0.725371269,0.430908203,1.702636719,6.598144531,,17.945068359
16,slack,diagnostic,alternating,17,10000,100000,full,1,13.986083984,13.986083984,13.986083984,13.986083984,,13.986083984
17,baseline,timed,local,17,10000,100000,all,89947,0.000700146,0.000732422,0.000976562,0.001220703,0.005859375,0.121337891
17,baseline,diagnostic,local,17,10000,100000,all,89947,0.000699009,0.000732422,0.000976562,0.001220703,0.003417969,0.031005859
17,baseline,diagnostic,local,17,10000,100000,direct,89281,0.000682432,0.000732422,0.000976562,0.001220703,0.001708984,0.031005859
17,baseline,diagnostic,local,17,10000,100000,local,666,0.002921256,0.002685547,0.003662109,0.007324219,,0.013671875
17,slack,timed,local,17,10000,100000,all,89947,0.000669402,0.000732422,0.000976562,0.001220703,0.002929688,0.035644531
17,slack,diagnostic,local,17,10000,100000,all,89947,0.000737139,0.000732422,0.000976562,0.001220703,0.005371094,0.025390625
17,slack,diagnostic,local,17,10000,100000,direct,89304,0.000706073,0.000732422,0.000976562,0.001220703,0.001708984,0.025390625
17,slack,diagnostic,local,17,10000,100000,local,643,0.005051775,0.005126953,0.005371094,0.005859375,,0.010986328
18,baseline,timed,churn,17,10000,100000,all,70171,0.000646395,0.000732422,0.000976562,0.000976562,0.003173828,0.132324219
18,baseline,diagnostic,churn,17,10000,100000,all,70171,0.000687943,0.000732422,0.000976562,0.001220703,0.003417969,0.108154297
18,baseline,diagnostic,churn,17,10000,100000,direct,70083,0.000684986,0.000732422,0.000976562,0.001220703,0.002929688,0.108154297
18,baseline,diagnostic,churn,17,10000,100000,local,88,0.003043435,0.002929688,0.00390625,0.006347656,,0.006347656
18,slack,timed,churn,17,10000,100000,all,70171,0.000646301,0.000732422,0.000976562,0.001220703,0.002929688,0.017089844
18,slack,diagnostic,churn,17,10000,100000,all,70171,0.000679614,0.000732422,0.000976562,0.001220703,0.005371094,0.096435547
18,slack,diagnostic,churn,17,10000,100000,direct,70083,0.000673814,0.000732422,0.000976562,0.001220703,0.002929688,0.096435547
18,slack,diagnostic,churn,17,10000,100000,local,88,0.005298961,0.005126953,0.005615234,0.010498047,,0.010498047
19,baseline,timed,churn,17,50000,500000,all,349902,0.000913758,0.000976562,0.001220703,0.001464844,0.00390625,0.038085938
19,baseline,diagnostic,churn,17,50000,500000,all,349902,0.001022618,0.000976562,0.001464844,0.001708984,0.004394531,0.050292969
19,baseline,diagnostic,churn,17,50000,500000,direct,349125,0.001015249,0.000976562,0.001464844,0.001708984,0.003173828,0.050292969
19,baseline,diagnostic,churn,17,50000,500000,local,777,0.004333889,0.004150391,0.005371094,0.010498047,,0.020019531
19,slack,timed,churn,17,50000,500000,all,349902,0.000978339,0.000976562,0.001220703,0.001708984,0.005615234,0.213867188
19,slack,diagnostic,churn,17,50000,500000,all,349902,0.001114687,0.000976562,0.001464844,0.001953125,0.009277344,0.141357422
19,slack,diagnostic,churn,17,50000,500000,direct,349137,0.0010998,0.000976562,0.001464844,0.001953125,0.004638672,0.141357422
19,slack,diagnostic,churn,17,50000,500000,local,765,0.00790888,0.0078125,0.009277344,0.01171875,,0.130615234
20,baseline,timed,churn,3512641005,50000,500000,all,349756,0.000944855,0.000976562,0.001220703,0.001464844,0.004882812,0.224121094
20,baseline,diagnostic,churn,3512641005,50000,500000,all,349756,0.001077176,0.000976562,0.001464844,0.001953125,0.004638672,0.027832031
20,baseline,diagnostic,churn,3512641005,50000,500000,direct,348939,0.00106914,0.000976562,0.001464844,0.001708984,0.003173828,0.027832031
20,baseline,diagnostic,churn,3512641005,50000,500000,local,817,0.00450928,0.004394531,0.005615234,0.010742188,,0.017822266
20,slack,timed,churn,3512641005,50000,500000,all,349756,0.000999349,0.000976562,0.001464844,0.001708984,0.005615234,0.131347656
20,slack,diagnostic,churn,3512641005,50000,500000,all,349756,0.001077958,0.000976562,0.001708984,0.002197266,0.008056641,0.049560547
20,slack,diagnostic,churn,3512641005,50000,500000,direct,348964,0.001062387,0.000976562,0.001708984,0.001953125,0.003173828,0.049560547
20,slack,diagnostic,churn,3512641005,50000,500000,local,792,0.007938578,0.008056641,0.009765625,0.011474609,,0.034179688
