run,strategy,build,workload,seed,initial,operations,checkpoint,diagnostic,insertions,new_items,remove_only,updates,final_resident,trace_digest,verified,relabelled_total,max_region,attempts,attempted_nodes_sum,full_nodes,count,mean_ms,p50_ms,p95_ms,p99_ms,p999_ms,max_ms,process_wall_ms,bin_direct,bin_1_8,bin_9_32,bin_33_128,bin_129_512,bin_513_4096,bin_4097_plus,bin_full_range,final_depth_mean,final_depth_p95,final_depth_p99,final_depth_max,final_display_mean,final_display_max,final_lk1_mean,final_lk1_max,final_resident_path_bytes,final_lk1_payload_bytes,coordinate_bytes_rewritten,capacity_checks,capacity_rejections,slack_preparations,generated_paths,occupied_family_nodes,final_alloc_calls,final_requested_bytes,final_live_bytes,final_peak_live_bytes,final_path_object_bytes,final_path_step_bytes,final_tree_node_bytes,measured_alloc_calls,measured_requested_bytes
1,baseline,timed,timeline,17,10000,100000,10000,0,89943,89943,10057,0,89886,935d39e85c78737d,True,,,,,,89943,0.002505841,0.000976562,0.001464844,0.002197266,0.006835938,80.885742188,441.222,,,,,,,,,3.662027,4,5,5,14.648143,20,35.29622,46,7770544,3172636,,,,,,,,,,,,,,,
1,baseline,diagnostic,timeline,17,10000,100000,10000,1,89943,89943,10057,0,89886,935d39e85c78737d,True,156296,74084,3,385648,156296,89943,0.003204737,0.000976562,0.001464844,0.002685547,0.022949219,109.436523438,606.988,89940,0,0,0,0,0,0,3,3.662027,4,5,5,14.648143,20,35.29622,46,7770544,3172636,12734368,0,0,0,385690,0,1071267,78079192,12085128,17717360,2876352,4894192,4314528,1041266,77119152
1,slack,timed,timeline,17,10000,100000,10000,0,89943,89943,10057,0,89886,935d39e85c78737d,True,,,,,,89943,0.003462534,0.001220703,0.001708984,0.003173828,0.495605469,11.110107422,561.718,,,,,,,,,4.975602,6,6,6,19.902443,24,45.804819,54,8845592,4117212,,,,,,,,,,,,,,,
1,slack,diagnostic,timeline,17,10000,100000,10000,1,89943,89943,10057,0,89886,935d39e85c78737d,True,759664,32768,481,1515480,0,89943,0.008921031,0.001220703,0.001708984,0.00390625,1.739746094,36.602783203,1149.787,89462,138,1,35,111,166,30,0,4.975602,6,6,6,19.902443,24,45.804819,54,8845592,4117212,85096112,2846,2365,481,760145,748249,1822794,190199304,13160176,16820832,2876352,5969240,4314528,1792793,189239264
2,baseline,timed,timeline,305419896,10000,100000,10000,0,89880,89880,10120,0,89760,9aa0c768cffc00c3,True,,,,,,89880,0.002682502,0.000976562,0.001464844,0.002197266,0.015625,86.372802734,467.407,,,,,,,,,3.658612,4,5,5,14.634481,20,35.268895,46,7755200,3165736,,,,,,,,,,,,,,,
2,baseline,diagnostic,timeline,305419896,10000,100000,10000,1,89880,89880,10120,0,89760,9aa0c768cffc00c3,True,156561,74247,4,385969,156497,89880,0.00326088,0.000976562,0.001464844,0.002685547,0.023193359,111.014160156,596.58,89876,0,0,1,0,0,0,3,3.658612,4,5,5,14.634481,20,35.268895,46,7755200,3165736,12759360,0,0,0,386015,0,1071728,81046816,12063736,17755464,2872320,4882880,4308480,1041727,80086776
2,slack,timed,timeline,305419896,10000,100000,10000,0,89880,89880,10120,0,89760,9aa0c768cffc00c3,True,,,,,,89880,0.003587914,0.001220703,0.001708984,0.003173828,0.533935547,11.127929688,577.712,,,,,,,,,4.968516,6,6,6,19.874098,24,45.748128,54,8831568,4106352,,,,,,,,,,,,,,,
2,slack,diagnostic,timeline,305419896,10000,100000,10000,1,89880,89880,10120,0,89760,9aa0c768cffc00c3,True,761320,32768,433,1519176,0,89880,0.008731597,0.001220703,0.001708984,0.003662109,1.702636719,36.639648438,1148.984,89447,77,0,20,110,200,26,0,4.968516,6,6,6,19.874098,24,45.748128,54,8831568,4106352,85282064,2968,2535,433,761753,750317,1826081,190531768,13140104,15059504,2872320,5959248,4308480,1796080,189571728
3,baseline,timed,timeline,2654435769,10000,100000,10000,0,89909,89909,10091,0,89818,5ccf85f9a20e20d7,True,,,,,,89909,0.002628998,0.000976562,0.001464844,0.002685547,0.008544922,85.086669922,480.008,,,,,,,,,3.659033,4,5,5,14.636164,20,35.272262,46,7763984,3168084,,,,,,,,,,,,,,,
3,baseline,diagnostic,timeline,2654435769,10000,100000,10000,1,89909,89909,10091,0,89818,5ccf85f9a20e20d7,True,156708,74359,5,386092,156660,89909,0.003166817,0.000976562,0.001464844,0.002685547,0.014648438,109.591796875,583.703,89904,0,2,0,0,0,0,3,3.659033,4,5,5,14.636164,20,35.272262,46,7763984,3168084,12773600,0,0,0,386139,0,1072063,82549984,12075304,18633592,2874176,4889808,4311264,1042062,81589944
3,slack,timed,timeline,2654435769,10000,100000,10000,0,89909,89909,10091,0,89818,5ccf85f9a20e20d7,True,,,,,,89909,0.004068529,0.001220703,0.001708984,0.003173828,0.510253906,27.113037109,623.115,,,,,,,,,4.264457,5,5,6,17.057861,24,40.115656,54,8853016,3603108,,,,,,,,,,,,,,,
3,slack,diagnostic,timeline,2654435769,10000,100000,10000,1,89909,89909,10091,0,89818,5ccf85f9a20e20d7,True,869024,65536,287,1735752,0,89909,0.010096944,0.001220703,0.001708984,0.003662109,1.645996094,73.431396484,1249.222,89622,20,0,17,74,141,35,0,4.264457,5,5,6,17.057861,24,40.115656,54,8853016,3603108,97333672,2251,1964,287,869311,798489,2040676,214832528,13164336,21197696,2874176,5978840,4311264,2010675,213872488
4,baseline,timed,timeline,826366246,10000,100000,10000,0,90119,90119,9881,0,90238,fe94c2b11fc46027,True,,,,,,90119,0.002647289,0.000976562,0.001464844,0.002197266,0.016601562,86.237304688,463.818,,,,,,,,,3.66697,4,5,5,14.667912,20,35.335757,46,7812968,3188628,,,,,,,,,,,,,,,
4,baseline,diagnostic,timeline,826366246,10000,100000,10000,1,90119,90119,9881,0,90238,fe94c2b11fc46027,True,156700,74360,4,386052,156692,90119,0.003063438,0.000976562,0.001464844,0.002441406,0.010009766,105.418701172,570.732,90115,1,0,0,0,0,0,3,3.66697,4,5,5,14.667912,20,35.335757,46,7812968,3188628,12765264,0,0,0,386095,0,1072605,79652400,12144448,17784256,2887616,4925352,4331424,1042604,78692360
4,slack,timed,timeline,826366246,10000,100000,10000,0,90119,90119,9881,0,90238,fe94c2b11fc46027,True,,,,,,90119,0.004104913,0.001220703,0.001708984,0.004150391,0.557373047,14.963134766,676.636,,,,,,,,,4.969979,6,6,6,19.879918,24,45.759835,54,8881288,4129276,,,,,,,,,,,,,,,
4,slack,diagnostic,timeline,826366246,10000,100000,10000,1,90119,90119,9881,0,90238,fe94c2b11fc46027,True,841744,32768,422,1680112,0,90119,0.009600953,0.001464844,0.001953125,0.00390625,1.720214844,35.813720703,1227.49,89697,94,1,27,93,173,34,0,4.969979,6,6,6,19.879918,24,45.759835,54,8881288,4129276,94288432,2765,2343,422,842166,831330,1987410,208662328,13212768,17280136,2887616,5993672,4331424,1957409,207702288
5,baseline,timed,timeline,12648430,10000,100000,10000,0,89934,89934,10066,0,89868,3a74536e367d7f10,True,,,,,,89934,0.002579178,0.000976562,0.001464844,0.001953125,0.006591797,87.333496094,446.344,,,,,,,,,3.664007,4,5,5,14.656062,20,35.312058,46,7774904,3173424,,,,,,,,,,,,,,,
5,baseline,diagnostic,timeline,12648430,10000,100000,10000,1,89934,89934,10066,0,89868,3a74536e367d7f10,True,155902,74022,3,385254,155902,89934,0.003268312,0.000976562,0.001464844,0.002685547,0.025634766,115.309814453,604.793,89931,0,0,0,0,0,0,3,3.664007,4,5,5,14.656062,20,35.312058,46,7774904,3173424,12698168,0,0,0,385296,0,1070452,82451176,12088624,18590168,2875776,4899128,4313664,1040451,81491136
5,slack,timed,timeline,12648430,10000,100000,10000,0,89934,89934,10066,0,89868,3a74536e367d7f10,True,,,,,,89934,0.004057017,0.001220703,0.001708984,0.002929688,0.520263672,26.844482422,614.149,,,,,,,,,5.012719,6,6,6,20.050875,24,46.101749,54,8853408,4143072,,,,,,,,,,,,,,,
5,slack,diagnostic,timeline,12648430,10000,100000,10000,1,89934,89934,10066,0,89868,3a74536e367d7f10,True,896288,65536,351,1789768,0,89934,0.010686341,0.001220703,0.001708984,0.003662109,1.724609375,82.156738281,1305.47,89583,80,1,16,66,151,37,0,5.012719,6,6,6,20.050875,24,46.101749,54,8853408,4143072,100395144,2365,2014,351,896639,884678,2095485,220946240,13167128,21269536,2875776,5977632,4313664,2065484,219986200
6,baseline,timed,timeline,3512641005,10000,100000,10000,0,89891,89891,10109,0,89782,0a7b6a3ea2365fad,True,,,,,,89891,0.002504213,0.000976562,0.001464844,0.001953125,0.006103516,80.638671875,436.164,,,,,,,,,3.65913,4,5,5,14.636553,20,35.273039,46,7760224,3166884,,,,,,,,,,,,,,,
6,baseline,diagnostic,timeline,3512641005,10000,100000,10000,1,89891,89891,10109,0,89782,0a7b6a3ea2365fad,True,156421,74198,6,385797,156373,89891,0.003042503,0.000976562,0.001464844,0.002441406,0.009277344,105.050292969,568.4,89885,2,1,0,0,0,0,3,3.65913,4,5,5,14.636553,20,35.273039,46,7760224,3166884,12747912,0,0,0,385844,0,1071419,79554424,12069816,17741984,2873024,4887200,4309536,1041418,78594384
6,slack,timed,timeline,3512641005,10000,100000,10000,0,89891,89891,10109,0,89782,0a7b6a3ea2365fad,True,,,,,,89891,0.003374038,0.001220703,0.001708984,0.003173828,0.501953125,10.281005859,552.593,,,,,,,,,4.981566,6,6,6,19.926299,24,45.852532,54,8845064,4116732,,,,,,,,,,,,,,,
6,slack,diagnostic,timeline,3512641005,10000,100000,10000,1,89891,89891,10109,0,89782,0a7b6a3ea2365fad,True,749416,32768,554,1494400,0,89891,0.008788666,0.001464844,0.001708984,0.004150391,1.777587891,35.817382812,1140.532,89337,241,1,21,86,175,30,0,4.981566,6,6,6,19.926299,24,45.852532,54,8845064,4116732,83947120,2802,2248,554,749970,739653,1802234,187950056,13154656,15247224,2873024,5972040,4309536,1772233,186990016
7,baseline,timed,timeline,17,100000,100000,10000,0,89943,89943,10057,0,179886,319f68d997b42759,True,,,,,,89943,0.008536917,0.000976562,0.001953125,0.003662109,0.007080078,211.176513672,1491.609,,,,,,,,,3.830793,4,4,4,15.323188,16,36.646343,38,16555368,6592164,,,,,,,,,,,,,,,
7,baseline,diagnostic,timeline,17,100000,100000,10000,1,89943,89943,10057,0,179886,319f68d997b42759,True,568153,172867,5,1485681,568089,89943,0.010245185,0.000976562,0.002197266,0.00390625,0.008544922,252.025634766,1784.167,89938,0,0,1,0,0,0,4,3.830793,4,4,4,15.323188,16,36.646343,38,16555368,6592164,48667656,0,0,0,1485748,0,3541416,286459120,25189952,43054208,5756352,10799016,8634528,3241415,273830728
7,slack,timed,timeline,17,100000,100000,10000,0,89943,89943,10057,0,179886,319f68d997b42759,True,,,,,,89943,0.004327988,0.001464844,0.002197266,0.00390625,0.497802734,25.930664062,1071.094,,,,,,,,,3.522737,6,6,6,14.090963,24,34.181893,54,15124240,6148844,,,,,,,,,,,,,,,
7,slack,diagnostic,timeline,17,100000,100000,10000,1,89943,89943,10057,0,179886,319f68d997b42759,True,910744,65536,382,1818432,0,89943,0.010845522,0.001464844,0.002685547,0.004638672,1.692382812,65.244384766,1793.984,89561,19,0,33,119,178,33,0,3.522737,6,6,6,14.090963,24,34.181893,54,15124240,6148844,101821720,2909,2527,382,911126,837268,2394958,236860288,23758824,28994504,5756352,9367888,8634528,2094957,224231896
8,baseline,timed,priority,17,10000,100000,10000,0,75234,35305,24766,39929,20539,e292722702199306,True,,,,,,75234,0.001053325,0.000488281,0.000976562,0.003173828,0.100341797,8.713623047,161.56,,,,,,,,,1.388042,3,5,6,5.552169,24,17.104338,54,1073488,351306,,,,,,,,,,,,,,,
8,baseline,diagnostic,priority,17,10000,100000,10000,1,75234,35305,24766,39929,20539,e292722702199306,True,81127,15967,2469,142919,15967,75234,0.001121725,0.000488281,0.000976562,0.003417969,0.109619141,9.739257812,173.201,72765,1965,288,132,81,2,0,1,1.388042,3,5,6,5.552169,24,17.104338,54,1073488,351306,6073760,0,0,0,157350,0,570957,28889776,2059416,3051792,657248,416240,985872,519841,26257560
8,slack,timed,priority,17,10000,100000,10000,0,75234,35305,24766,39929,20539,e292722702199306,True,,,,,,75234,0.000821451,0.000732422,0.001220703,0.00390625,0.005615234,0.033203125,149.74,,,,,,,,,2.694776,4,5,6,10.779249,24,27.558206,54,1364368,566018,,,,,,,,,,,,,,,
8,slack,diagnostic,priority,17,10000,100000,10000,1,75234,35305,24766,39929,20539,e292722702199306,True,15240,8,1905,15240,0,75234,0.000928302,0.000732422,0.001220703,0.007568359,0.009765625,0.040039062,168.085,73329,1905,0,0,0,0,0,0,2.694776,4,5,6,10.779249,24,27.558206,54,1364368,566018,1955456,2761,0,2761,24849,12612,305396,15787016,2350296,2350712,657248,707120,985872,259987,13219024
9,baseline,timed,priority,305419896,10000,100000,10000,0,74985,35001,25015,39984,19986,2503fc29f8417e6c,True,,,,,,74985,0.001074154,0.000488281,0.000976562,0.002685547,0.052734375,16.092529297,161.285,,,,,,,,,2.933103,4,4,6,11.732413,24,29.464825,54,1426400,588884,,,,,,,,,,,,,,,
9,baseline,diagnostic,priority,305419896,10000,100000,10000,1,74985,35001,25015,39984,19986,2503fc29f8417e6c,True,67001,19589,1806,138945,29761,74985,0.001165738,0.000488281,0.000976562,0.003173828,0.057861328,19.125244141,176.53,73179,1541,151,75,36,1,0,2,2.933103,4,4,6,11.732413,24,29.464825,54,1426400,588884,4928808,0,0,0,151510,0,558275,29800840,2385784,4224664,639552,786848,959328,508249,27326136
9,slack,timed,priority,305419896,10000,100000,10000,0,74985,35001,25015,39984,19986,2503fc29f8417e6c,True,,,,,,74985,0.000728743,0.000732422,0.000976562,0.003173828,0.004394531,0.133056641,140.726,,,,,,,,,2.172221,3,5,6,8.689032,24,23.377764,54,1215808,467228,,,,,,,,,,,,,,,
9,slack,diagnostic,priority,305419896,10000,100000,10000,1,74985,35001,25015,39984,19986,2503fc29f8417e6c,True,12936,8,1617,12936,0,74985,0.00080379,0.000732422,0.000976562,0.006103516,0.008056641,0.150390625,153.526,73368,1617,0,0,0,0,0,0,2.172221,3,5,6,8.689032,24,23.377764,54,1215808,467228,1638776,2413,0,2413,21717,9683,298385,13888496,2175192,2176000,639552,576256,959328,254056,11609600
10,baseline,timed,priority,2654435769,10000,100000,10000,0,74854,34974,25146,39880,19828,fa4b0a4ae2d9edb9,True,,,,,,74854,0.001031865,0.000488281,0.000976562,0.003173828,0.066894531,7.836914062,161.358,,,,,,,,,1.621646,4,5,6,6.486585,24,18.973169,54,1097912,376200,,,,,,,,,,,,,,,
10,baseline,diagnostic,priority,2654435769,10000,100000,10000,1,74854,34974,25146,39880,19828,fa4b0a4ae2d9edb9,True,74755,14059,2360,132955,14059,74854,0.001108153,0.000488281,0.000976562,0.003417969,0.072753906,9.002441406,173.84,72494,1879,259,154,66,1,0,1,1.621646,4,5,6,6.486585,24,18.973169,54,1097912,376200,5840376,0,0,0,154345,0,563788,28507880,2049712,2681000,634496,463416,951744,498435,24979976
10,slack,timed,priority,2654435769,10000,100000,10000,0,74854,34974,25146,39880,19828,fa4b0a4ae2d9edb9,True,,,,,,74854,0.000754966,0.000732422,0.000976562,0.003417969,0.004882812,0.034179688,139.613,,,,,,,,,2.40352,4,5,6,9.614232,24,25.228162,54,1252144,500224,,,,,,,,,,,,,,,
10,slack,diagnostic,priority,2654435769,10000,100000,10000,1,74854,34974,25146,39880,19828,fa4b0a4ae2d9edb9,True,14344,8,1793,14344,0,74854,0.000855171,0.000732422,0.000976562,0.006347656,0.009277344,0.040527344,157.051,73061,1793,0,0,0,0,0,0,2.40352,4,5,6,9.614232,24,25.228162,54,1252144,500224,1822352,2633,0,2633,23697,11429,301952,14775752,2203944,2205008,634496,617648,951744,256831,12363936
11,baseline,timed,priority,826366246,10000,100000,10000,0,75099,34986,24901,40113,20085,05924f36f256fd57,True,,,,,,75099,0.001104444,0.000732422,0.002197266,0.005126953,0.037109375,1.909423828,202.613,,,,,,,,,1.866368,4,6,6,7.465472,24,20.930943,54,1176728,420398,,,,,,,,,,,,,,,
11,baseline,diagnostic,priority,826366246,10000,100000,10000,1,75099,34986,24901,40113,20085,05924f36f256fd57,True,52536,4096,3409,77800,0,75099,0.000984436,0.000732422,0.001220703,0.003417969,0.036621094,1.895263672,178.015,71690,3015,287,87,16,4,0,0,1.866368,4,6,6,7.465472,24,20.930943,54,1176728,420398,4526056,0,0,0,90903,0,437298,21212760,2140864,2282520,642720,534008,964080,389565,18966592
11,slack,timed,priority,826366246,10000,100000,10000,0,75099,34986,24901,40113,20085,05924f36f256fd57,True,,,,,,75099,0.000787154,0.000732422,0.000976562,0.003662109,0.005371094,0.037597656,149.159,,,,,,,,,2.528255,4,5,6,10.113169,24,26.226039,54,1294840,526750,,,,,,,,,,,,,,,
11,slack,diagnostic,priority,826366246,10000,100000,10000,1,75099,34986,24901,40113,20085,05924f36f256fd57,True,14048,8,1756,14048,0,75099,0.000886658,0.000732422,0.000976562,0.006591797,0.009765625,0.044433594,164.658,73343,1756,0,0,0,0,0,0,2.528255,4,5,6,10.113169,24,26.226039,54,1294840,526750,1802144,2588,0,2588,23292,11448,301877,15050656,2258976,2259040,642720,652120,964080,256900,12606928
12,baseline,timed,priority,12648430,10000,100000,10000,0,74961,35097,25039,39864,20058,86716f16260ed59c,True,,,,,,74961,0.000792287,0.000488281,0.000976562,0.002929688,0.024902344,1.523193359,150.426,,,,,,,,,1.921228,4,6,6,7.684914,24,21.369828,54,1189968,428636,,,,,,,,,,,,,,,
12,baseline,diagnostic,priority,12648430,10000,100000,10000,1,74961,35097,25039,39864,20058,86716f16260ed59c,True,37216,4096,2687,52936,0,74961,0.0008453,0.000732422,0.000976562,0.003173828,0.03125,1.763916016,161.571,72274,2454,170,47,14,2,0,0,1.921228,4,6,6,7.684914,24,21.369828,54,1189968,428636,3795816,0,0,0,77749,0,410562,19315968,2152808,2153648,641856,548112,962784,337249,15564608
12,slack,timed,priority,12648430,10000,100000,10000,0,74961,35097,25039,39864,20058,86716f16260ed59c,True,,,,,,74961,0.000742254,0.000732422,0.000976562,0.003417969,0.005371094,0.033203125,140.471,,,,,,,,,2.356117,4,5,6,9.424619,24,24.848938,54,1261800,498420,,,,,,,,,,,,,,,
12,slack,diagnostic,priority,12648430,10000,100000,10000,1,74961,35097,25039,39864,20058,86716f16260ed59c,True,13616,8,1702,13616,0,74961,0.00089029,0.000732422,0.000976562,0.006591797,0.011230469,0.154785156,173.463,73259,1702,0,0,0,0,0,0,2.356117,4,5,6,9.424619,24,24.848938,54,1261800,498420,1743096,2523,0,2523,22707,10632,300293,14536128,2224640,2225016,641856,619944,962784,255514,12167000
13,baseline,timed,priority,3512641005,10000,100000,10000,0,74968,34921,25032,40047,19889,620e7fa99afb8bf0,True,,,,,,74968,0.001023731,0.000488281,0.000976562,0.003173828,0.068359375,7.206054688,161.427,,,,,,,,,1.43069,3,4,6,5.722761,24,17.445523,54,1042624,346974,,,,,,,,,,,,,,,
13,baseline,diagnostic,priority,3512641005,10000,100000,10000,1,74968,34921,25032,40047,19889,620e7fa99afb8bf0,True,74743,16199,2354,130839,16199,74968,0.00106919,0.000488281,0.000976562,0.003417969,0.072998047,8.369873047,170.582,72614,1852,327,113,58,3,0,1,1.43069,3,4,6,5.722761,24,17.445523,54,1042624,346974,5740776,0,0,0,148349,0,552083,27142752,1997352,3102456,636448,406176,954672,494325,24141400
13,slack,timed,priority,3512641005,10000,100000,10000,0,74968,34921,25032,40047,19889,620e7fa99afb8bf0,True,,,,,,74968,0.000802051,0.000732422,0.000976562,0.00390625,0.005615234,0.032958984,146.243,,,,,,,,,2.613756,4,5,6,10.455176,24,26.910051,54,1300680,535214,,,,,,,,,,,,,,,
13,slack,diagnostic,priority,3512641005,10000,100000,10000,1,74968,34921,25032,40047,19889,620e7fa99afb8bf0,True,15176,8,1897,15176,0,74968,0.000947217,0.000732422,0.001220703,0.007568359,0.011474609,0.145263672,173.485,73071,1897,0,0,0,0,0,0,2.613756,4,5,6,10.455176,24,26.910051,54,1300680,535214,1932728,2744,0,2744,24696,12575,304292,15478568,2255408,2255704,636448,664232,954672,259045,12979368
14,baseline,timed,random,17,10000,100000,10000,0,100000,100000,0,0,110000,f212164bc2c0b96d,True,,,,,,100000,0.00104647,0.000976562,0.001464844,0.001708984,0.020996094,0.054199219,382.24,,,,,,,,,2.716591,3,3,6,10.866391,24,27.732727,54,7433616,3050600,,,,,,,,,,,,,,,
14,baseline,diagnostic,random,17,10000,100000,10000,1,100000,100000,0,0,110000,f212164bc2c0b96d,True,72,16,8,80,0,100000,0.001328738,0.001220703,0.001953125,0.002685547,0.034912109,0.237304688,542.425,99992,7,1,0,0,0,0,0,2.716591,3,3,6,10.866391,24,27.732727,54,7433616,3050600,168664,0,0,0,7091,0,344197,17139304,12713672,12713672,3520000,3913616,5280000,300178,14864792
14,slack,timed,random,17,10000,100000,10000,0,100000,100000,0,0,110000,f212164bc2c0b96d,True,,,,,,100000,0.001050107,0.000976562,0.001464844,0.002197266,0.01953125,0.084228516,380.247,,,,,,,,,2.938309,5,6,6,11.753264,24,29.506473,54,7665896,3245712,,,,,,,,,,,,,,,
14,slack,diagnostic,random,17,10000,100000,10000,1,100000,100000,0,0,110000,f212164bc2c0b96d,True,3776,128,450,3952,0,100000,0.001378547,0.001220703,0.002197266,0.002929688,0.033935547,0.275390625,551.311,99550,448,0,2,0,0,0,0,2.938309,5,6,6,11.753264,24,29.506473,54,7665896,3245712,384832,487,7,480,4496,1671,338995,17150088,12945952,12945952,3520000,4145896,5280000,308454,15732024
15,baseline,timed,duplicates,17,10000,100000,10000,0,100000,100000,0,0,110000,69c75b52f43cdf53,True,,,,,,100000,0.001289829,0.000732422,0.002441406,0.007568359,0.034423828,3.948974609,413.021,,,,,,,,,2.345836,4,5,6,9.383345,24,24.766691,54,6905760,2724336,,,,,,,,,,,,,,,
15,baseline,diagnostic,duplicates,17,10000,100000,10000,1,100000,100000,0,0,110000,69c75b52f43cdf53,True,106224,8192,6915,157128,0,100000,0.001439038,0.000976562,0.002685547,0.008300781,0.042236328,5.100585938,547.37,93085,5972,861,44,28,9,1,0,2.345836,4,5,6,9.383345,24,24.766691,54,6905760,2724336,8865528,0,0,0,176077,0,682457,36785416,12185816,12187968,3520000,3385760,5280000,631341,34153200
15,slack,timed,duplicates,17,10000,100000,10000,0,100000,100000,0,0,110000,69c75b52f43cdf53,True,,,,,,100000,0.001577109,0.001220703,0.005126953,0.006347656,0.028808594,0.126464844,516.722,,,,,,,,,4.192809,6,6,6,16.771264,24,39.542473,54,9640008,4349672,,,,,,,,,,,,,,,
15,slack,diagnostic,duplicates,17,10000,100000,10000,1,100000,100000,0,0,110000,69c75b52f43cdf53,True,85888,16,10553,87352,0,100000,0.002017534,0.001220703,0.009277344,0.010986328,0.033935547,0.083251953,664.571,89447,10370,183,0,0,0,0,0,4.192809,6,6,6,16.771264,24,39.542473,54,9640008,4349672,9365968,11592,183,11409,104145,68384,538291,38369616,14920064,14920992,3520000,6120008,5280000,492882,35801624
16,baseline,timed,alternating,17,10000,100000,10000,0,100000,100000,0,0,110000,a3996f26b58e9165,True,,,,,,100000,0.019447144,0.001220703,0.024414062,0.051513672,3.132568359,27.602539062,2211.377,,,,,,,,,2.368727,4,4,6,9.474936,24,24.949818,54,7184544,2744480,,,,,,,,,,,,,,,
16,baseline,diagnostic,alternating,17,10000,100000,10000,1,100000,100000,0,0,110000,a3996f26b58e9165,True,4280851,65536,35664,8291595,50331,100000,0.022211877,0.001464844,0.025878906,0.054931641,3.572021484,39.337890625,2588.068,64336,23223,8292,3319,276,363,190,1,2.368727,4,4,6,9.474936,24,24.949818,54,7184544,2744480,317240576,0,0,0,8576411,0,17491179,1006177216,12464600,17162256,3520000,3664544,5280000,17023387,971653104
16,slack,timed,alternating,17,10000,100000,10000,0,100000,100000,0,0,110000,a3996f26b58e9165,True,,,,,,100000,0.028962957,0.001464844,0.154052734,0.488037109,1.857910156,6.348632812,3257.823,,,,,,,,,2.8636,6,6,6,11.4544,24,28.9088,54,7496680,3179968,,,,,,,,,,,,,,,
16,slack,diagnostic,alternating,17,10000,100000,10000,1,100000,100000,0,0,110000,a3996f26b58e9165,True,9241859,32768,19812,18329275,28715,100000,0.080506704,0.001464844,0.4296875,1.618408203,6.586914062,17.945068359,8760.639,80188,135,2420,7655,6728,2747,126,1,2.8636,6,6,6,11.4544,24,28.9088,54,7496680,3179968,1082473992,119226,97472,21754,9690837,9581058,19784373,2145099928,12776736,14120768,3520000,3976680,5280000,18892026,2049897824
17,baseline,timed,local,17,10000,100000,10000,0,89947,9976,10053,79971,9923,89a53d1f4c313441,True,,,,,,89947,0.000700146,0.000732422,0.000976562,0.001220703,0.005859375,0.121337891,164.966,,,,,,,,,2.17011,5,6,6,8.680742,24,23.360879,54,617552,231810,,,,,,,,,,,,,,,
17,baseline,diagnostic,local,17,10000,100000,10000,1,89947,9976,10053,79971,9923,89a53d1f4c313441,True,5520,32,666,5712,0,89947,0.000699009,0.000732422,0.000976562,0.001220703,0.003417969,0.031005859,168.072,89281,644,22,0,0,0,0,0,2.17011,5,6,6,8.680742,24,23.360879,54,617552,231810,437904,0,0,0,6401,0,312639,12813048,1093912,1100552,317536,300016,476304,282638,11853008
17,slack,timed,local,17,10000,100000,10000,0,89947,9976,10053,79971,9923,89a53d1f4c313441,True,,,,,,89947,0.000669402,0.000732422,0.000976562,0.001220703,0.002929688,0.035644531,155.079,,,,,,,,,2.242366,5,6,6,8.969767,24,23.93893,54,626048,237546,,,,,,,,,,,,,,,
17,slack,diagnostic,local,17,10000,100000,10000,1,89947,9976,10053,79971,9923,89a53d1f4c313441,True,5144,8,643,5144,0,89947,0.000737139,0.000732422,0.000976562,0.001220703,0.005371094,0.025390625,175.328,89304,643,0,0,0,0,0,0,2.242366,5,6,6,8.969767,24,23.93893,54,626048,237546,409424,643,0,643,5787,1016,311411,12853744,1102408,1104648,317536,308512,476304,281410,11893704
18,baseline,timed,churn,17,10000,100000,10000,0,70171,29928,29829,40243,10099,cc4151421cdc8b77,True,,,,,,70171,0.000646395,0.000732422,0.000976562,0.000976562,0.003173828,0.132324219,130.038,,,,,,,,,1.924547,4,5,6,7.698188,24,21.396376,54,592944,216082,,,,,,,,,,,,,,,
18,baseline,diagnostic,churn,17,10000,100000,10000,1,70171,29928,29829,40243,10099,cc4151421cdc8b77,True,704,8,88,704,0,70171,0.000687943,0.000732422,0.000976562,0.001220703,0.003417969,0.108154297,140.209,70083,88,0,0,0,0,0,0,1.924547,4,5,6,7.698188,24,21.396376,54,592944,216082,53264,0,0,0,792,0,242093,9267904,1077752,1079136,323168,269776,484752,212092,8307864
18,slack,timed,churn,17,10000,100000,10000,0,70171,29928,29829,40243,10099,cc4151421cdc8b77,True,,,,,,70171,0.000646301,0.000732422,0.000976562,0.001220703,0.002929688,0.017089844,126.0,,,,,,,,,1.944054,4,5,6,7.776215,24,21.552431,54,594776,217658,,,,,,,,,,,,,,,
18,slack,diagnostic,churn,17,10000,100000,10000,1,70171,29928,29829,40243,10099,cc4151421cdc8b77,True,704,8,88,704,0,70171,0.000679614,0.000732422,0.000976562,0.001220703,0.005371094,0.096435547,138.283,70083,88,0,0,0,0,0,0,1.944054,4,5,6,7.776215,24,21.552431,54,594776,217658,53208,88,0,88,792,124,242093,9282248,1079584,1080904,323168,271608,484752,212092,8322208
19,baseline,timed,churn,17,50000,500000,50000,0,349902,150286,150098,199616,50188,b40dfdee1c478897,True,,,,,,349902,0.000913758,0.000976562,0.001220703,0.001464844,0.00390625,0.038085938,824.523,,,,,,,,,2.387463,5,6,6,9.588248,24,25.099705,54,3254776,1259704,,,,,,,,,,,,,,,
19,baseline,diagnostic,churn,17,50000,500000,50000,1,349902,150286,150098,199616,50188,b40dfdee1c478897,True,6296,32,777,6376,0,349902,0.001022618,0.000976562,0.001464844,0.001708984,0.004394531,0.050292969,986.87,349125,769,8,0,0,0,0,0,2.387463,5,6,6,9.588248,24,25.099705,54,3254776,1259704,509752,0,0,0,7162,0,1214028,51225768,5663856,5676288,1606016,1648760,2409024,1064027,45998576
19,slack,timed,churn,17,50000,500000,50000,0,349902,150286,150098,199616,50188,b40dfdee1c478897,True,,,,,,349902,0.000978339,0.000976562,0.001220703,0.001708984,0.005615234,0.213867188,876.204,,,,,,,,,2.424623,5,6,6,9.736889,24,25.396987,54,3281472,1274624,,,,,,,,,,,,,,,
19,slack,diagnostic,churn,17,50000,500000,50000,1,349902,150286,150098,199616,50188,b40dfdee1c478897,True,6120,8,765,6120,0,349902,0.001114687,0.000976562,0.001464844,0.001953125,0.009277344,0.141357422,1107.953,349137,765,0,0,0,0,0,0,2.424623,5,6,6,9.736889,24,25.396987,54,3281472,1274624,497904,765,0,765,6885,1287,1213474,51407000,5690552,5701888,1606016,1675456,2409024,1063473,46179808
20,baseline,timed,churn,3512641005,50000,500000,50000,0,349756,149772,150244,199984,49528,ffa020200c11757b,True,,,,,,349756,0.000944855,0.000976562,0.001220703,0.001464844,0.004882812,0.224121094,850.102,,,,,,,,,2.373445,5,6,6,9.532971,24,24.987563,54,3199816,1237584,,,,,,,,,,,,,,,
20,baseline,diagnostic,churn,3512641005,50000,500000,50000,1,349756,149772,150244,199984,49528,ffa020200c11757b,True,6616,16,817,6696,0,349756,0.001077176,0.000976562,0.001464844,0.001953125,0.004638672,0.027832031,1062.235,348939,807,10,0,0,0,0,0,2.373445,5,6,6,9.532971,24,24.987563,54,3199816,1237584,535608,0,0,0,7523,0,1214313,51229016,5577216,5608392,1584896,1614920,2377344,1064312,46001824
20,slack,timed,churn,3512641005,50000,500000,50000,0,349756,149772,150244,199984,49528,ffa020200c11757b,True,,,,,,349756,0.000999349,0.000976562,0.001464844,0.001708984,0.005615234,0.131347656,921.445,,,,,,,,,2.406194,5,6,6,9.663968,24,25.249556,54,3222688,1250560,,,,,,,,,,,,,,,
20,slack,diagnostic,churn,3512641005,50000,500000,50000,1,349756,149772,150244,199984,49528,ffa020200c11757b,True,6336,8,792,6336,0,349756,0.001077958,0.000976562,0.001708984,0.002197266,0.008056641,0.049560547,1060.85,348964,792,0,0,0,0,0,0,2.406194,5,6,6,9.663968,24,25.249556,54,3222688,1250560,514192,792,0,792,7128,1277,1213523,51394000,5600088,5628832,1584896,1637792,2377344,1063522,46166808
