variant,operation,distribution,n,warmups,repetitions,median_ms,min_ms,max_ms,output_bytes,seed
A8,tree,random,100000,1,3,99.179,97.130,99.871,0,0x91A30D47
B16,tree,random,100000,1,3,97.864,96.124,100.321,0,0x91A30D47
A8,tree,duplicates,100000,1,3,110.067,109.803,110.481,0,0x91A30D47
B16,tree,duplicates,100000,1,3,110.142,109.113,110.305,0,0x91A30D47
A8,tree,alternating,10000,1,3,72.623,72.494,72.830,0,0x91A30D47
B16,tree,alternating,10000,1,3,75.021,74.852,75.632,0,0x91A30D47
A8,tree,two,10000,1,3,6.326,6.310,6.327,0,0x91A30D47
B16,tree,two,10000,1,3,6.589,6.547,6.723,0,0x91A30D47
A8,tree,eight,10000,1,3,7.763,7.745,8.700,0,0x91A30D47
B16,tree,eight,10000,1,3,7.783,7.779,7.897,0,0x91A30D47
A8,tree,sixtyfour,10000,1,3,8.033,7.862,8.053,0,0x91A30D47
B16,tree,sixtyfour,10000,1,3,7.790,7.773,7.902,0,0x91A30D47
A8,tree,middle,10000,1,3,3.299,3.289,3.322,0,0x91A30D47
B16,tree,middle,10000,1,3,3.224,3.199,3.430,0,0x91A30D47
A8,tree,random,100000,1,3,92.800,90.023,92.940,0,0xDEADBEEF
B16,tree,random,100000,1,3,88.501,88.390,89.846,0,0xDEADBEEF
A8,tree,duplicates,100000,1,3,111.382,108.843,115.191,0,0xDEADBEEF
B16,tree,duplicates,100000,1,3,109.342,108.951,109.807,0,0xDEADBEEF
A8,tree,alternating,10000,1,3,76.399,75.159,77.523,0,0xDEADBEEF
B16,tree,alternating,10000,1,3,76.727,74.948,77.174,0,0xDEADBEEF
A8,tree,two,10000,1,3,4.322,4.283,4.822,0,0xDEADBEEF
B16,tree,two,10000,1,3,4.401,4.312,4.507,0,0xDEADBEEF
A8,tree,eight,10000,1,3,8.500,8.413,8.692,0,0xDEADBEEF
B16,tree,eight,10000,1,3,8.831,8.739,9.755,0,0xDEADBEEF
A8,tree,sixtyfour,10000,1,3,7.873,7.852,7.962,0,0xDEADBEEF
B16,tree,sixtyfour,10000,1,3,8.064,7.933,8.705,0,0xDEADBEEF
A8,tree,middle,10000,1,3,3.296,3.273,3.482,0,0xDEADBEEF
B16,tree,middle,10000,1,3,3.390,3.295,3.949,0,0xDEADBEEF
