version,operation,distribution,n,warmups,repetitions,median_ms,min_ms,max_ms,output_bytes,seed
v2.0.0,tree,ascending,100000,1,3,327.913,327.365,329.258,0,0x91A30D47
v3.0.0-preview.1,tree,ascending,100000,1,3,421.662,419.706,421.896,0,0x91A30D47
v2.0.0,tree,descending,10000,1,3,3.528,3.523,3.548,0,0x91A30D47
v3.0.0-preview.1,tree,descending,10000,1,3,3.517,3.472,3.525,0,0x91A30D47
v2.0.0,tree,random,100000,1,3,112.053,111.129,112.574,0,0x91A30D47
v3.0.0-preview.1,tree,random,100000,1,3,112.892,112.675,113.087,0,0x91A30D47
v2.0.0,tree,equal,100000,1,3,331.146,328.413,343.139,0,0x91A30D47
v3.0.0-preview.1,tree,equal,100000,1,3,419.852,419.511,422.570,0,0x91A30D47
v2.0.0,tree,duplicates,100000,1,3,477.263,470.999,477.698,0,0x91A30D47
v3.0.0-preview.1,tree,duplicates,100000,1,3,126.797,126.602,128.893,0,0x91A30D47
v2.0.0,tree,two,10000,1,3,16.918,16.790,17.153,0,0x91A30D47
v3.0.0-preview.1,tree,two,10000,1,3,7.562,7.539,7.588,0,0x91A30D47
v2.0.0,tree,eight,10000,1,3,14.393,14.341,14.407,0,0x91A30D47
v3.0.0-preview.1,tree,eight,10000,1,3,8.593,8.490,8.646,0,0x91A30D47
v2.0.0,tree,sixtyfour,10000,1,3,12.501,12.433,12.812,0,0x91A30D47
v3.0.0-preview.1,tree,sixtyfour,10000,1,3,9.041,9.038,9.146,0,0x91A30D47
v2.0.0,tree,alternating,10000,1,3,216.716,216.229,216.943,0,0x91A30D47
v3.0.0-preview.1,tree,alternating,10000,1,3,85.698,85.373,85.699,0,0x91A30D47
v2.0.0,tree,middle,10000,1,3,3.816,3.769,4.018,0,0x91A30D47
v3.0.0-preview.1,tree,middle,10000,1,3,3.733,3.728,3.775,0,0x91A30D47
v2.0.0,tree,ascending,4000,1,3,1.433,1.433,1.435,0,0x91A30D47
v3.0.0-preview.1,tree,ascending,4000,1,3,1.444,1.437,1.449,0,0x91A30D47
v2.0.0,tree,random,4000,1,3,4.980,4.969,4.991,0,0x91A30D47
v3.0.0-preview.1,tree,random,4000,1,3,3.609,3.578,3.628,0,0x91A30D47
