run,build,workload,seed,initial,operations,checkpoint,diagnostic,insertions,new_items,remove_only,updates,final_resident,trace_digest,verified,relabelled_total,max_region,attempts,attempted_nodes_sum,full_nodes,count,mean_ms,p50_ms,p95_ms,p99_ms,p999_ms,max_ms,process_wall_ms,bin_direct,bin_1_8,bin_9_32,bin_33_128,bin_129_512,bin_513_4096,bin_4097_plus,bin_full_range,final_depth_mean,final_depth_p95,final_depth_p99,final_depth_max,final_display_mean,final_display_max,final_lk1_mean,final_lk1_max,final_resident_path_bytes,final_lk1_payload_bytes,final_alloc_calls,final_requested_bytes,final_live_bytes,final_peak_live_bytes,final_path_object_bytes,final_path_step_bytes,final_tree_node_bytes,measured_alloc_calls,measured_requested_bytes
1,timed,timeline,17,1000,10000,1000,0,9010,9010,990,0,9020,be304bc7246e1dd5,True,,,,,,9010,0.000523724,0.000488281,0.000732422,0.001464844,,0.037841797,24.915,,,,,,,,,1.605211,3,3,3,6.421175,12,18.841685,30,482384,169952,,,,,,,,,
1,diagnostic,timeline,17,1000,10000,1000,1,9010,9010,990,0,9020,be304bc7246e1dd5,True,0,0,0,0,0,9010,0.000618914,0.000488281,0.000976562,0.001464844,,0.045410156,31.725,9010,0,0,0,0,0,0,0,1.605211,3,3,3,6.421175,12,18.841685,30,482384,169952,30031,1108264,915400,915400,288640,193744,432960,27030,1012224
2,timed,timeline,305419896,1000,10000,1000,0,8997,8997,1003,0,8994,bf13704efec5e78e,True,,,,,,8997,0.000507303,0.000488281,0.000732422,0.001464844,,0.032470703,25.477,,,,,,,,,1.602513,3,3,4,6.410385,16,18.820102,38,480360,169268,,,,,,,,,
2,diagnostic,timeline,305419896,1000,10000,1000,1,8997,8997,1003,0,8994,bf13704efec5e78e,True,0,0,0,0,0,8997,0.000572456,0.000488281,0.000732422,0.001464844,,0.052001953,28.922,8997,0,0,0,0,0,0,0,1.602513,3,3,4,6.410385,16,18.820102,38,480360,169268,29992,1104912,912128,912232,287808,192552,431712,26991,1008872
3,timed,priority,17,1000,10000,1000,0,7490,3493,2510,3997,1983,42bee3e8db7dc163,True,,,,,,7490,0.000707486,0.000488281,0.000976562,0.003173828,,0.172851562,22.624,,,,,,,,,1.658598,4,5,6,6.634392,24,19.268785,54,111384,38210,,,,,,,,,
3,diagnostic,priority,17,1000,10000,1000,1,7490,3493,2510,3997,1983,42bee3e8db7dc163,True,3456,256,231,5064,0,7490,0.000711887,0.000488281,0.000976562,0.003417969,,0.139160156,23.182,7259,188,32,10,1,0,0,0,1.658598,4,5,6,6.634392,24,19.268785,54,111384,38210,41510,1957256,206624,207464,63456,47928,95184,33258,1525152
4,timed,priority,305419896,1000,10000,1000,0,7527,3522,2473,4005,2049,5889c25dc6b79d7c,True,,,,,,7527,0.000610141,0.000488281,0.000976562,0.003173828,,0.115722656,21.643,,,,,,,,,1.471938,4,5,6,5.88775,24,17.7755,54,110648,36422,,,,,,,,,
4,diagnostic,priority,305419896,1000,10000,1000,1,7527,3522,2473,4005,2049,5889c25dc6b79d7c,True,1864,256,153,2504,0,7527,0.000646209,0.000488281,0.000976562,0.003417969,,0.161865234,24.43,7374,141,9,2,1,0,0,0,1.471938,4,5,6,5.88775,24,17.7755,54,110648,36422,32719,1364776,209056,209760,65568,45080,98352,27955,1147528
5,timed,local,17,1000,10000,1000,0,9024,981,976,8043,1005,0f7358ac75b805ca,True,,,,,,9024,0.000578725,0.000488281,0.000732422,0.001220703,,0.291503906,23.643,,,,,,,,,2.181095,5,6,6,8.727363,24,23.448756,54,63080,23566,,,,,,,,,
5,diagnostic,local,17,1000,10000,1000,1,9024,981,976,8043,1005,0f7358ac75b805ca,True,464,16,57,472,0,9024,0.000578914,0.000488281,0.000976562,0.001220703,,0.010498047,23.695,8967,56,1,0,0,0,0,0,2.181095,5,6,6,8.727363,24,23.448756,54,63080,23566,31127,1271168,111376,118736,32160,30920,48240,28126,1175128
6,timed,local,305419896,1000,10000,1000,0,8966,1001,1034,7965,967,e96cf64666eb5c6b,True,,,,,,8966,0.000546825,0.000488281,0.000732422,0.001220703,,0.03515625,24.411,,,,,,,,,2.015512,5,6,6,8.06515,24,22.124095,54,58136,21394,,,,,,,,,
6,diagnostic,local,305419896,1000,10000,1000,1,8966,1001,1034,7965,967,e96cf64666eb5c6b,True,456,16,56,464,0,8966,0.000576287,0.000488281,0.000976562,0.001220703,,0.042724609,25.193,8910,55,1,0,0,0,0,0,2.015512,5,6,6,8.06515,24,22.124095,54,58136,21394,30933,1259272,104608,113336,30944,27192,46416,27932,1163232
7,timed,churn,17,1000,10000,1000,0,7043,2970,2957,4073,1013,51140a3aa3006c95,True,,,,,,7043,0.000511194,0.000488281,0.000732422,0.000976562,,0.181884766,23.609,,,,,,,,,1.876604,4,5,6,7.506417,24,21.012833,54,59272,21286,,,,,,,,,
7,diagnostic,churn,17,1000,10000,1000,1,7043,2970,2957,4073,1013,51140a3aa3006c95,True,40,8,5,40,0,7043,0.000515839,0.000488281,0.000732422,0.000976562,,0.005615234,21.751,7038,5,0,0,0,0,0,0,1.876604,4,5,6,7.506417,24,21.012833,54,59272,21286,24216,912248,107952,108296,32416,26856,48624,21215,816208
8,timed,churn,305419896,1000,10000,1000,0,6971,2986,3029,3985,957,95c3a39093746ba4,True,,,,,,6971,0.000514303,0.000488281,0.000732422,0.001708984,,0.031005859,20.709,,,,,,,,,1.77534,4,5,6,7.101358,24,20.202717,54,54496,19334,,,,,,,,,
8,diagnostic,churn,305419896,1000,10000,1000,1,6971,2986,3029,3985,957,95c3a39093746ba4,True,88,8,11,88,0,6971,0.000543757,0.000488281,0.000732422,0.000976562,,0.164550781,20.345,6960,11,0,0,0,0,0,0,1.77534,4,5,6,7.101358,24,20.202717,54,54496,19334,24109,903960,100488,105528,30624,23872,45936,21108,807920
9,timed,timeline,17,10000,100000,10000,0,89943,89943,10057,0,89886,935d39e85c78737d,True,,,,,,89943,0.002768705,0.000976562,0.001708984,0.002685547,0.009033203,91.089111328,514.217,,,,,,,,,3.662027,4,5,5,14.648143,20,35.29622,46,7770544,3172636,,,,,,,,,
9,diagnostic,timeline,17,10000,100000,10000,1,89943,89943,10057,0,89886,935d39e85c78737d,True,156296,74084,3,385648,156296,89943,0.003690711,0.000976562,0.001953125,0.00390625,0.029541016,128.770263672,742.319,89940,0,0,0,0,0,0,3,3.662027,4,5,5,14.648143,20,35.29622,46,7770544,3172636,1071267,78079192,12085128,17717360,2876352,4894192,4314528,1041266,77119152
10,timed,timeline,305419896,10000,100000,10000,0,89880,89880,10120,0,89760,9aa0c768cffc00c3,True,,,,,,89880,0.002728231,0.000976562,0.001464844,0.002197266,0.016601562,87.616699219,466.958,,,,,,,,,3.658612,4,5,5,14.634481,20,35.268895,46,7755200,3165736,,,,,,,,,
10,diagnostic,timeline,305419896,10000,100000,10000,1,89880,89880,10120,0,89760,9aa0c768cffc00c3,True,156561,74247,4,385969,156497,89880,0.003213339,0.000976562,0.001464844,0.002685547,0.021972656,109.627929688,595.433,89876,0,0,1,0,0,0,3,3.658612,4,5,5,14.634481,20,35.268895,46,7755200,3165736,1071728,81046816,12063736,17755464,2872320,4882880,4308480,1041727,80086776
11,timed,timeline,2654435769,10000,100000,10000,0,89909,89909,10091,0,89818,5ccf85f9a20e20d7,True,,,,,,89909,0.002653698,0.000976562,0.001464844,0.002197266,0.008300781,87.355224609,452.081,,,,,,,,,3.659033,4,5,5,14.636164,20,35.272262,46,7763984,3168084,,,,,,,,,
11,diagnostic,timeline,2654435769,10000,100000,10000,1,89909,89909,10091,0,89818,5ccf85f9a20e20d7,True,156708,74359,5,386092,156660,89909,0.003218633,0.000976562,0.001464844,0.002685547,0.022216797,112.125244141,587.009,89904,0,2,0,0,0,0,3,3.659033,4,5,5,14.636164,20,35.272262,46,7763984,3168084,1072063,82549984,12075304,18633592,2874176,4889808,4311264,1042062,81589944
12,timed,timeline,826366246,10000,100000,10000,0,90119,90119,9881,0,90238,fe94c2b11fc46027,True,,,,,,90119,0.002658954,0.000976562,0.001464844,0.002197266,0.016601562,86.469482422,455.916,,,,,,,,,3.66697,4,5,5,14.667912,20,35.335757,46,7812968,3188628,,,,,,,,,
12,diagnostic,timeline,826366246,10000,100000,10000,1,90119,90119,9881,0,90238,fe94c2b11fc46027,True,156700,74360,4,386052,156692,90119,0.003118202,0.000976562,0.001464844,0.002441406,0.010498047,107.534179688,576.603,90115,1,0,0,0,0,0,3,3.66697,4,5,5,14.667912,20,35.335757,46,7812968,3188628,1072605,79652400,12144448,17784256,2887616,4925352,4331424,1042604,78692360
13,timed,timeline,12648430,10000,100000,10000,0,89934,89934,10066,0,89868,3a74536e367d7f10,True,,,,,,89934,0.002713766,0.000976562,0.001464844,0.002197266,0.017089844,92.263671875,462.266,,,,,,,,,3.664007,4,5,5,14.656062,20,35.312058,46,7774904,3173424,,,,,,,,,
13,diagnostic,timeline,12648430,10000,100000,10000,1,89934,89934,10066,0,89868,3a74536e367d7f10,True,155902,74022,3,385254,155902,89934,0.003375498,0.000976562,0.001708984,0.002929688,0.018798828,124.235351562,624.253,89931,0,0,0,0,0,0,3,3.664007,4,5,5,14.656062,20,35.312058,46,7774904,3173424,1070452,82451176,12088624,18590168,2875776,4899128,4313664,1040451,81491136
14,timed,priority,17,10000,100000,10000,0,75234,35305,24766,39929,20539,e292722702199306,True,,,,,,75234,0.001115179,0.000488281,0.001220703,0.003417969,0.102294922,9.754150391,178.552,,,,,,,,,1.388042,3,5,6,5.552169,24,17.104338,54,1073488,351306,,,,,,,,,
14,diagnostic,priority,17,10000,100000,10000,1,75234,35305,24766,39929,20539,e292722702199306,True,81127,15967,2469,142919,15967,75234,0.001210361,0.000732422,0.001220703,0.003662109,0.114501953,11.428710938,197.235,72765,1965,288,132,81,2,0,1,1.388042,3,5,6,5.552169,24,17.104338,54,1073488,351306,570957,28889776,2059416,3051792,657248,416240,985872,519841,26257560
15,timed,priority,305419896,10000,100000,10000,0,74985,35001,25015,39984,19986,2503fc29f8417e6c,True,,,,,,74985,0.001126361,0.000488281,0.000976562,0.002929688,0.054931641,17.434814453,175.058,,,,,,,,,2.933103,4,4,6,11.732413,24,29.464825,54,1426400,588884,,,,,,,,,
15,diagnostic,priority,305419896,10000,100000,10000,1,74985,35001,25015,39984,19986,2503fc29f8417e6c,True,67001,19589,1806,138945,29761,74985,0.001430322,0.000732422,0.001220703,0.003417969,0.060546875,31.593017578,244.152,73179,1541,151,75,36,1,0,2,2.933103,4,4,6,11.732413,24,29.464825,54,1426400,588884,558275,29800840,2385784,4224664,639552,786848,959328,508249,27326136
16,timed,priority,2654435769,10000,100000,10000,0,74854,34974,25146,39880,19828,fa4b0a4ae2d9edb9,True,,,,,,74854,0.001090469,0.000488281,0.000976562,0.003173828,0.101806641,8.146484375,172.731,,,,,,,,,1.621646,4,5,6,6.486585,24,18.973169,54,1097912,376200,,,,,,,,,
16,diagnostic,priority,2654435769,10000,100000,10000,1,74854,34974,25146,39880,19828,fa4b0a4ae2d9edb9,True,74755,14059,2360,132955,14059,74854,0.001196114,0.000732422,0.001220703,0.003662109,0.108642578,11.145751953,198.535,72494,1879,259,154,66,1,0,1,1.621646,4,5,6,6.486585,24,18.973169,54,1097912,376200,563788,28507880,2049712,2681000,634496,463416,951744,498435,24979976
17,timed,priority,826366246,10000,100000,10000,0,75099,34986,24901,40113,20085,05924f36f256fd57,True,,,,,,75099,0.000937064,0.000732422,0.001464844,0.003417969,0.033447266,1.757324219,161.464,,,,,,,,,1.866368,4,6,6,7.465472,24,20.930943,54,1176728,420398,,,,,,,,,
17,diagnostic,priority,826366246,10000,100000,10000,1,75099,34986,24901,40113,20085,05924f36f256fd57,True,52536,4096,3409,77800,0,75099,0.000984622,0.000732422,0.001464844,0.003662109,0.036376953,1.905761719,178.072,71690,3015,287,87,16,4,0,0,1.866368,4,6,6,7.465472,24,20.930943,54,1176728,420398,437298,21212760,2140864,2282520,642720,534008,964080,389565,18966592
18,timed,priority,12648430,10000,100000,10000,0,74961,35097,25039,39864,20058,86716f16260ed59c,True,,,,,,74961,0.000805266,0.000488281,0.000976562,0.002929688,0.021728516,1.576660156,152.919,,,,,,,,,1.921228,4,6,6,7.684914,24,21.369828,54,1189968,428636,,,,,,,,,
18,diagnostic,priority,12648430,10000,100000,10000,1,74961,35097,25039,39864,20058,86716f16260ed59c,True,37216,4096,2687,52936,0,74961,0.000854738,0.000732422,0.000976562,0.003417969,0.030761719,1.895751953,166.972,72274,2454,170,47,14,2,0,0,1.921228,4,6,6,7.684914,24,21.369828,54,1189968,428636,410562,19315968,2152808,2153648,641856,548112,962784,337249,15564608
19,timed,local,17,10000,100000,10000,0,89947,9976,10053,79971,9923,89a53d1f4c313441,True,,,,,,89947,0.000704096,0.000732422,0.000976562,0.001464844,0.003417969,0.227539062,168.93,,,,,,,,,2.17011,5,6,6,8.680742,24,23.360879,54,617552,231810,,,,,,,,,
19,diagnostic,local,17,10000,100000,10000,1,89947,9976,10053,79971,9923,89a53d1f4c313441,True,5520,32,666,5712,0,89947,0.000741838,0.000732422,0.000976562,0.001708984,0.00390625,0.025390625,178.861,89281,644,22,0,0,0,0,0,2.17011,5,6,6,8.680742,24,23.360879,54,617552,231810,312639,12813048,1093912,1100552,317536,300016,476304,282638,11853008
20,timed,local,305419896,10000,100000,10000,0,89747,10081,10253,79666,9828,a1d0731f5b705a01,True,,,,,,89747,0.000718146,0.000732422,0.000976562,0.001708984,0.004150391,0.207519531,168.555,,,,,,,,,2.155169,5,6,6,8.620676,24,23.241351,54,609744,228416,,,,,,,,,
20,diagnostic,local,305419896,10000,100000,10000,1,89747,10081,10253,79666,9828,a1d0731f5b705a01,True,5392,32,654,5552,0,89747,0.000752759,0.000732422,0.000976562,0.001953125,0.004150391,0.323486328,182.421,89093,636,18,0,0,0,0,0,2.155169,5,6,6,8.620676,24,23.241351,54,609744,228416,311689,12776384,1081544,1098880,314496,295248,471744,281688,11816344
21,timed,local,2654435769,10000,100000,10000,0,89988,10003,10012,79985,9991,9ab86eb6531ab00c,True,,,,,,89988,0.0006984,0.000732422,0.000976562,0.001708984,0.003417969,0.014892578,166.388,,,,,,,,,2.180062,5,6,6,8.720548,24,23.440496,54,624176,234194,,,,,,,,,
21,diagnostic,local,2654435769,10000,100000,10000,1,89988,10003,10012,79985,9991,9ab86eb6531ab00c,True,5400,32,651,5592,0,89988,0.000732549,0.000732422,0.000976562,0.001708984,0.00390625,0.0234375,178.842,89337,629,22,0,0,0,0,0,2.180062,5,6,6,8.720548,24,23.440496,54,624176,234194,312490,12823448,1103800,1111736,319712,304464,479568,282489,11863408
22,timed,local,826366246,10000,100000,10000,0,89974,9980,10026,79994,9954,180c2a0513c3efb3,True,,,,,,89974,0.000702305,0.000732422,0.000976562,0.001708984,0.003662109,0.009277344,166.696,,,,,,,,,2.140948,5,6,6,8.564095,24,23.127587,54,614968,230212,,,,,,,,,
22,diagnostic,local,826366246,10000,100000,10000,1,89974,9980,10026,79994,9954,180c2a0513c3efb3,True,5504,16,660,5728,0,89974,0.000751837,0.000732422,0.000976562,0.001708984,0.005126953,0.162109375,181.836,89314,632,28,0,0,0,0,0,2.140948,5,6,6,8.564095,24,23.127587,54,614968,230212,312749,12858752,1092816,1114768,318528,296440,477792,282748,11898712
23,timed,local,12648430,10000,100000,10000,0,89959,9869,10041,80090,9828,96d5e63720e21ec1,True,,,,,,89959,0.000717438,0.000732422,0.000976562,0.001464844,0.005126953,0.154785156,170.605,,,,,,,,,2.143671,5,6,6,8.57499,24,23.149369,54,608680,227512,,,,,,,,,
23,diagnostic,local,12648430,10000,100000,10000,1,89959,9869,10041,80090,9828,96d5e63720e21ec1,True,5304,32,647,5432,0,89959,0.000733966,0.000732422,0.000976562,0.001708984,0.00390625,0.0234375,178.43,89312,633,14,0,0,0,0,0,2.143671,5,6,6,8.57499,24,23.149369,54,608680,227512,312058,12777920,1080480,1099240,314496,294184,471744,282057,11817880
24,timed,churn,17,10000,100000,10000,0,70171,29928,29829,40243,10099,cc4151421cdc8b77,True,,,,,,70171,0.000658875,0.000732422,0.000976562,0.001220703,0.003173828,0.136474609,132.562,,,,,,,,,1.924547,4,5,6,7.698188,24,21.396376,54,592944,216082,,,,,,,,,
24,diagnostic,churn,17,10000,100000,10000,1,70171,29928,29829,40243,10099,cc4151421cdc8b77,True,704,8,88,704,0,70171,0.000697911,0.000732422,0.000976562,0.001464844,0.003417969,0.148193359,144.944,70083,88,0,0,0,0,0,0,1.924547,4,5,6,7.698188,24,21.396376,54,592944,216082,242093,9267904,1077752,1079136,323168,269776,484752,212092,8307864
25,timed,churn,305419896,10000,100000,10000,0,70057,30030,29943,40027,10087,f81eebaccd243dd8,True,,,,,,70057,0.0006699,0.000732422,0.000976562,0.001220703,0.002929688,0.013427734,135.04,,,,,,,,,1.920591,4,5,6,7.682661,24,21.364727,54,591968,215506,,,,,,,,,
25,diagnostic,churn,305419896,10000,100000,10000,1,70057,30030,29943,40027,10087,f81eebaccd243dd8,True,720,8,90,720,0,70057,0.000729557,0.000732422,0.000976562,0.001220703,0.003662109,0.181884766,147.917,69967,90,0,0,0,0,0,0,1.920591,4,5,6,7.682661,24,21.364727,54,591968,215506,241788,9249584,1076200,1085936,322784,269184,484176,211787,8289544
26,timed,churn,2654435769,10000,100000,10000,0,69952,30161,30048,39791,10113,3e661d9e311ce674,True,,,,,,69952,0.000671582,0.000732422,0.000976562,0.001464844,0.003173828,0.254882812,133.869,,,,,,,,,1.950559,4,5,6,7.802531,24,21.604469,54,599184,218486,,,,,,,,,
26,diagnostic,churn,2654435769,10000,100000,10000,1,69952,30161,30048,39791,10113,3e661d9e311ce674,True,576,8,72,576,0,69952,0.00070047,0.000732422,0.000976562,0.001220703,0.003417969,0.131591797,144.431,69880,72,0,0,0,0,0,0,1.950559,4,5,6,7.802531,24,21.604469,54,599184,218486,241149,9227744,1084664,1087016,323616,275568,485424,211148,8267704
27,timed,churn,826366246,10000,100000,10000,0,70084,29994,29916,40090,10078,fc6445063b9c555e,True,,,,,,70084,0.000661936,0.000732422,0.000976562,0.001220703,0.003173828,0.133300781,135.137,,,,,,,,,1.96924,4,6,6,7.87696,24,21.753919,54,599576,219236,,,,,,,,,
27,diagnostic,churn,826366246,10000,100000,10000,1,70084,29994,29916,40090,10078,fc6445063b9c555e,True,712,16,88,720,0,70084,0.000702564,0.000732422,0.000976562,0.001464844,0.003173828,0.259765625,144.277,69996,87,1,0,0,0,0,0,1.96924,4,6,6,7.87696,24,21.753919,54,599576,219236,241868,9277952,1083376,1084584,322496,277080,483744,211867,8317912
28,timed,churn,12648430,10000,100000,10000,0,70042,30073,29958,39969,10115,b7e1000fbb52cb3f,True,,,,,,70042,0.000665418,0.000732422,0.000976562,0.001220703,0.002929688,0.210205078,134.004,,,,,,,,,1.957687,4,5,6,7.830746,24,21.661493,54,600440,219106,,,,,,,,,
28,diagnostic,churn,12648430,10000,100000,10000,1,70042,30073,29958,39969,10115,b7e1000fbb52cb3f,True,872,8,109,872,0,70042,0.00071078,0.000732422,0.000976562,0.001464844,0.00390625,0.337646484,146.127,69933,109,0,0,0,0,0,0,1.957687,4,5,6,7.830746,24,21.661493,54,600440,219106,242084,9298472,1086016,1089848,323680,276760,485520,212083,8338432
29,timed,timeline,17,100000,100000,10000,0,89943,89943,10057,0,179886,319f68d997b42759,True,,,,,,89943,0.00910463,0.000976562,0.002197266,0.004150391,0.009521484,225.062255859,1613.057,,,,,,,,,3.830793,4,4,4,15.323188,16,36.646343,38,16555368,6592164,,,,,,,,,
29,diagnostic,timeline,17,100000,100000,10000,1,89943,89943,10057,0,179886,319f68d997b42759,True,568153,172867,5,1485681,568089,89943,0.011234372,0.000976562,0.002685547,0.004882812,0.018554688,281.805419922,1983.026,89938,0,0,1,0,0,0,4,3.830793,4,4,4,15.323188,16,36.646343,38,16555368,6592164,3541416,286459120,25189952,43054208,5756352,10799016,8634528,3241415,273830728
30,timed,priority,17,100000,100000,10000,0,75063,35120,24937,39943,110183,81e32d85fb317856,True,,,,,,75063,0.00184338,0.000732422,0.001953125,0.004394531,0.149414062,3.094482422,1100.041,,,,,,,,,2.067742,4,5,6,8.270967,24,22.541935,54,6616552,2483738,,,,,,,,,
30,diagnostic,priority,17,100000,100000,10000,1,75063,35120,24937,39943,110183,81e32d85fb317856,True,130712,4096,3276,235216,0,75063,0.002194774,0.000976562,0.002685547,0.005615234,0.181396484,3.625,1370.701,71787,2851,236,103,51,35,0,0,2.067742,4,5,6,8.270967,24,22.541935,54,6616552,2483738,1336402,69713544,11905392,12215664,3525856,3090696,5288784,705459,35639328
31,timed,local,17,100000,100000,10000,0,89947,9976,10053,79971,99923,5f930b01d0fdb94f,True,,,,,,89947,0.001834718,0.001708984,0.003173828,0.004882812,0.009277344,0.138671875,1168.849,,,,,,,,,2.671597,5,6,6,10.686419,24,27.372777,54,6939576,2735170,,,,,,,,,
31,diagnostic,local,17,100000,100000,10000,1,89947,9976,10053,79971,99923,5f930b01d0fdb94f,True,1840,32,220,1920,0,89947,0.001654588,0.001464844,0.002685547,0.00390625,0.007568359,0.048095703,1128.209,89727,212,8,0,0,0,0,0,2.671597,5,6,6,10.686419,24,27.372777,54,6939576,2735170,574140,26101736,11735936,11735960,3197536,3742040,4796304,274139,13473344
32,timed,churn,17,100000,100000,10000,0,70171,29928,29829,40243,100099,a5b1d7d90289432e,True,,,,,,70171,0.001616054,0.001464844,0.002685547,0.003417969,0.005615234,0.021484375,778.659,,,,,,,,,2.427077,4,5,6,9.708309,24,25.416618,54,6487624,2544178,,,,,,,,,
32,diagnostic,churn,17,100000,100000,10000,1,70171,29928,29829,40243,100099,a5b1d7d90289432e,True,64,8,8,64,0,70171,0.001827452,0.001708984,0.002929688,0.003662109,0.009033203,0.1796875,1000.918,70163,8,0,0,0,0,0,0,2.427077,4,5,6,9.708309,24,25.416618,54,6487624,2544178,510658,22656624,11292432,11292744,3203168,3284456,4804752,210657,10028232
33,timed,churn,17,50000,500000,50000,0,349902,150286,150098,199616,50188,b40dfdee1c478897,True,,,,,,349902,0.001001154,0.000976562,0.001464844,0.001953125,0.005126953,0.189697266,904.883,,,,,,,,,2.387463,5,6,6,9.588248,24,25.099705,54,3254776,1259704,,,,,,,,,
33,diagnostic,churn,17,50000,500000,50000,1,349902,150286,150098,199616,50188,b40dfdee1c478897,True,6296,32,777,6376,0,349902,0.001508339,0.001464844,0.002441406,0.003662109,0.016357422,0.336914062,1583.749,349125,769,8,0,0,0,0,0,2.387463,5,6,6,9.588248,24,25.099705,54,3254776,1259704,1214028,51225768,5663856,5676288,1606016,1648760,2409024,1064027,45998576
34,timed,ascending,17,1000,10000,1000,0,10000,10000,0,0,11000,12d4d68a92aa98d5,True,,,,,,10000,0.000367578,0.000244141,0.000488281,0.000732422,0.011474609,0.04296875,22.618,,,,,,,,,0.999909,1,1,1,3.999909,4,13.999273,14,527984,153992,,,,,,,,,
34,diagnostic,ascending,17,1000,10000,1000,1,10000,10000,0,0,11000,12d4d68a92aa98d5,True,0,0,0,0,0,10000,0.000495752,0.000244141,0.000976562,0.001220703,0.025634766,0.128417969,24.29,10000,0,0,0,0,0,0,0,0.999909,1,1,1,3.999909,4,13.999273,14,527984,153992,33001,1056040,1056040,1056040,352000,175984,528000,30000,960000
35,timed,descending,17,1000,10000,1000,0,10000,10000,0,0,11000,b58a397bcd3db1eb,True,,,,,,10000,0.000374097,0.000244141,0.000488281,0.000732422,0.013183594,0.072509766,21.703,,,,,,,,,0.999909,1,1,1,3.999909,4,13.999273,14,527984,153992,,,,,,,,,
35,diagnostic,descending,17,1000,10000,1000,1,10000,10000,0,0,11000,b58a397bcd3db1eb,True,0,0,0,0,0,10000,0.000419263,0.000244141,0.000488281,0.000976562,0.01953125,0.055175781,22.755,10000,0,0,0,0,0,0,0,0.999909,1,1,1,3.999909,4,13.999273,14,527984,153992,33001,1056040,1056040,1056040,352000,175984,528000,30000,960000
36,timed,random,17,1000,10000,1000,0,10000,10000,0,0,11000,9ccf01216b3e3221,True,,,,,,10000,0.00129563,0.000732422,0.001220703,0.002197266,0.038330078,4.171875,39.53,,,,,,,,,2.910091,3,3,3,11.640636,12,29.280727,30,776448,322088,,,,,,,,,
36,diagnostic,random,17,1000,10000,1000,1,10000,10000,0,0,11000,9ccf01216b3e3221,True,8509,7941,18,17125,7941,10000,0.001371973,0.000732422,0.001220703,0.001953125,0.029785156,4.468261719,42.937,9982,7,6,4,0,0,0,1,2.910091,3,3,3,11.640636,12,29.280727,30,776448,322088,67894,3556600,1304504,1575600,352000,424448,528000,64367,3402488
37,timed,equal,17,1000,10000,1000,0,10000,10000,0,0,11000,5e230cae8370cbed,True,,,,,,10000,0.000407275,0.000244141,0.000732422,0.000732422,0.017578125,0.182128906,22.403,,,,,,,,,0.999909,1,1,1,3.999909,4,13.999273,14,527984,153992,,,,,,,,,
37,diagnostic,equal,17,1000,10000,1000,1,10000,10000,0,0,11000,5e230cae8370cbed,True,0,0,0,0,0,10000,0.000419263,0.000244141,0.000488281,0.000732422,0.01953125,0.177246094,22.521,10000,0,0,0,0,0,0,0,0.999909,1,1,1,3.999909,4,13.999273,14,527984,153992,33001,1056040,1056040,1056040,352000,175984,528000,30000,960000
38,timed,duplicates,17,1000,10000,1000,0,10000,10000,0,0,11000,cf293018ea092e9a,True,,,,,,10000,0.000916895,0.000732422,0.002197266,0.003417969,0.019042969,0.114013672,35.972,,,,,,,,,2.415,4,5,6,9.660273,24,25.32,54,692928,278520,,,,,,,,,
38,diagnostic,duplicates,17,1000,10000,1000,1,10000,10000,0,0,11000,cf293018ea092e9a,True,6984,256,762,7872,0,10000,0.001095264,0.000732422,0.002685547,0.005859375,0.024658203,0.183837891,38.101,9238,719,41,0,2,0,0,0,2.415,4,5,6,9.660273,24,25.32,54,692928,278520,55638,2890368,1220984,1221424,352000,340928,528000,47386,2458264
39,timed,alternating,17,1000,10000,1000,0,10000,10000,0,0,11000,e40011cab76202a5,True,,,,,,10000,0.008474023,0.001220703,0.024902344,0.060546875,0.838867188,1.838867188,110.092,,,,,,,,,1.705455,3,4,6,6.822091,24,19.643636,54,610712,216080,,,,,,,,,
39,diagnostic,alternating,17,1000,10000,1000,1,10000,10000,0,0,11000,e40011cab76202a5,True,133880,4096,3506,239712,0,10000,0.009253003,0.001220703,0.026367188,0.071044922,0.954833984,2.151367188,119.951,6494,2279,817,328,51,31,0,0,1.705455,3,4,6,6.822091,24,19.643636,54,610712,216080,543776,39555872,1138768,1456960,352000,258712,528000,522704,37746432
40,timed,hotspot,17,1000,10000,1000,0,10000,10000,0,0,11000,044a7920c9abb355,True,,,,,,10000,0.000380127,0.000244141,0.000488281,0.000732422,0.016601562,0.046630859,23.461,,,,,,,,,0.999909,1,1,1,7.982091,9,16.924818,17,527984,186173,,,,,,,,,
40,diagnostic,hotspot,17,1000,10000,1000,1,10000,10000,0,0,11000,044a7920c9abb355,True,0,0,0,0,0,10000,0.000445288,0.000244141,0.000488281,0.000732422,0.023681641,0.074707031,25.725,10000,0,0,0,0,0,0,0,0.999909,1,1,1,7.982091,9,16.924818,17,527984,186173,33001,1056040,1056040,1056040,352000,175984,528000,30000,960000
41,timed,ascending,17,10000,100000,10000,0,100000,100000,0,0,110000,b0d46d6e8b5b8765,True,,,,,,100000,0.000650535,0.000732422,0.000976562,0.001220703,0.01953125,0.064453125,211.986,,,,,,,,,2.228082,4,4,4,8.912355,16,23.824655,38,6622872,2620712,,,,,,,,,
41,diagnostic,ascending,17,10000,100000,10000,1,100000,100000,0,0,110000,b0d46d6e8b5b8765,True,0,0,0,0,0,100000,0.000706497,0.000732422,0.000976562,0.001220703,0.033203125,0.20703125,280.466,100000,0,0,0,0,0,0,0,2.228082,4,4,4,8.912355,16,23.824655,38,6622872,2620712,330001,14228392,11902928,11902928,3520000,3102872,5280000,300000,13268352
42,timed,descending,17,10000,100000,10000,0,100000,100000,0,0,110000,0957d532c4b3d18b,True,,,,,,100000,0.000410222,0.000244141,0.000488281,0.000732422,0.020751953,0.182128906,164.684,,,,,,,,,0.999991,1,1,1,4.409355,5,13.999927,14,5279984,1539992,,,,,,,,,
42,diagnostic,descending,17,10000,100000,10000,1,100000,100000,0,0,110000,0957d532c4b3d18b,True,0,0,0,0,0,100000,0.000461377,0.000488281,0.000488281,0.000732422,0.032714844,0.185791016,225.254,100000,0,0,0,0,0,0,0,0.999991,1,1,1,4.409355,5,13.999927,14,5279984,1539992,330001,10560040,10560040,10560040,3520000,1759984,5280000,300000,9600000
43,timed,random,17,10000,100000,10000,0,100000,100000,0,0,110000,f212164bc2c0b96d,True,,,,,,100000,0.001214238,0.000976562,0.002197266,0.003173828,0.025878906,0.204589844,498.725,,,,,,,,,2.716591,3,3,6,10.866391,24,27.732727,54,7433616,3050600,,,,,,,,,
43,diagnostic,random,17,10000,100000,10000,1,100000,100000,0,0,110000,f212164bc2c0b96d,True,72,16,8,80,0,100000,0.001385771,0.001220703,0.002197266,0.003417969,0.034179688,0.320068359,589.374,99992,7,1,0,0,0,0,0,2.716591,3,3,6,10.866391,24,27.732727,54,7433616,3050600,344197,17139304,12713672,12713672,3520000,3913616,5280000,300178,14864792
44,timed,equal,17,10000,100000,10000,0,100000,100000,0,0,110000,ab8fe7c68b1b8a35,True,,,,,,100000,0.000635166,0.000488281,0.000976562,0.000976562,0.019287109,0.079345703,200.064,,,,,,,,,2.228082,4,4,4,8.912355,16,23.824655,38,6622872,2620712,,,,,,,,,
44,diagnostic,equal,17,10000,100000,10000,1,100000,100000,0,0,110000,ab8fe7c68b1b8a35,True,0,0,0,0,0,100000,0.000737751,0.000732422,0.000976562,0.001220703,0.034667969,0.232421875,306.464,100000,0,0,0,0,0,0,0,2.228082,4,4,4,8.912355,16,23.824655,38,6622872,2620712,330001,14228392,11902928,11902928,3520000,3102872,5280000,300000,13268352
45,timed,duplicates,17,10000,100000,10000,0,100000,100000,0,0,110000,69c75b52f43cdf53,True,,,,,,100000,0.001307578,0.000976562,0.002441406,0.007080078,0.032470703,4.368408203,479.095,,,,,,,,,2.345836,4,5,6,9.383345,24,24.766691,54,6905760,2724336,,,,,,,,,
45,diagnostic,duplicates,17,10000,100000,10000,1,100000,100000,0,0,110000,69c75b52f43cdf53,True,106224,8192,6915,157128,0,100000,0.001452126,0.000976562,0.002685547,0.008056641,0.038818359,5.389160156,590.633,93085,5972,861,44,28,9,1,0,2.345836,4,5,6,9.383345,24,24.766691,54,6905760,2724336,682457,36785416,12185816,12187968,3520000,3385760,5280000,631341,34153200
46,timed,alternating,17,10000,100000,10000,0,100000,100000,0,0,110000,a3996f26b58e9165,True,,,,,,100000,0.020426316,0.001220703,0.025146484,0.053466797,3.324951172,29.158935547,2326.29,,,,,,,,,2.368727,4,4,6,9.474936,24,24.949818,54,7184544,2744480,,,,,,,,,
46,diagnostic,alternating,17,10000,100000,10000,1,100000,100000,0,0,110000,a3996f26b58e9165,True,4280851,65536,35664,8291595,50331,100000,0.023430898,0.001464844,0.026123047,0.055664062,3.820068359,43.737792969,2748.595,64336,23223,8292,3319,276,363,190,1,2.368727,4,4,6,9.474936,24,24.949818,54,7184544,2744480,17491179,1006177216,12464600,17162256,3520000,3664544,5280000,17023387,971653104
47,timed,hotspot,17,10000,100000,10000,0,100000,100000,0,0,110000,804ae845468b851d,True,,,,,,100000,0.0004179,0.000488281,0.000488281,0.000732422,0.018310547,0.170166016,173.35,,,,,,,,,0.999991,1,1,1,8.988964,10,18.204673,20,5279984,2002514,,,,,,,,,
47,diagnostic,hotspot,17,10000,100000,10000,1,100000,100000,0,0,110000,804ae845468b851d,True,0,0,0,0,0,100000,0.000492212,0.000488281,0.000488281,0.000732422,0.032958984,0.224609375,237.94,100000,0,0,0,0,0,0,0,0.999991,1,1,1,8.988964,10,18.204673,20,5279984,2002514,330001,10560040,10560040,10560040,3520000,1759984,5280000,300000,9600000
48,timed,timeline,3512641005,10000,100000,10000,0,89891,89891,10109,0,89782,0a7b6a3ea2365fad,True,,,,,,89891,0.002643172,0.000976562,0.001464844,0.002197266,0.010009766,84.952148438,446.765,,,,,,,,,3.65913,4,5,5,14.636553,20,35.273039,46,7760224,3166884,,,,,,,,,
48,diagnostic,timeline,3512641005,10000,100000,10000,1,89891,89891,10109,0,89782,0a7b6a3ea2365fad,True,156421,74198,6,385797,156373,89891,0.003075719,0.000976562,0.001464844,0.002929688,0.018554688,103.627929688,602.906,89885,2,1,0,0,0,0,3,3.65913,4,5,5,14.636553,20,35.273039,46,7760224,3166884,1071419,79554424,12069816,17741984,2873024,4887200,4309536,1041418,78594384
49,timed,priority,3512641005,10000,100000,10000,0,74968,34921,25032,40047,19889,620e7fa99afb8bf0,True,,,,,,74968,0.001025197,0.000488281,0.000976562,0.003173828,0.069091797,7.233642578,163.109,,,,,,,,,1.43069,3,4,6,5.722761,24,17.445523,54,1042624,346974,,,,,,,,,
49,diagnostic,priority,3512641005,10000,100000,10000,1,74968,34921,25032,40047,19889,620e7fa99afb8bf0,True,74743,16199,2354,130839,16199,74968,0.001101362,0.000488281,0.000976562,0.003417969,0.075927734,8.708007812,176.072,72614,1852,327,113,58,3,0,1,1.43069,3,4,6,5.722761,24,17.445523,54,1042624,346974,552083,27142752,1997352,3102456,636448,406176,954672,494325,24141400
50,timed,local,3512641005,10000,100000,10000,0,89973,10032,10027,79941,10005,0428ab0b0691db70,True,,,,,,89973,0.000682906,0.000732422,0.000976562,0.001220703,0.003417969,0.17578125,161.14,,,,,,,,,2.149025,5,6,6,8.596402,24,23.192204,54,620488,232038,,,,,,,,,
50,diagnostic,local,3512641005,10000,100000,10000,1,89973,10032,10027,79941,10005,0428ab0b0691db70,True,5552,16,670,5744,0,89973,0.000717867,0.000732422,0.000976562,0.001220703,0.003662109,0.155029297,173.284,89303,646,24,0,0,0,0,0,2.149025,5,6,6,8.596402,24,23.192204,54,620488,232038,312789,12856688,1100784,1111560,320160,300328,480240,282788,11896648
51,timed,churn,3512641005,10000,100000,10000,0,69896,29948,30104,39948,9844,0d91a03571f89613,True,,,,,,69896,0.00064228,0.000732422,0.000976562,0.001220703,0.002685547,0.189941406,126.768,,,,,,,,,1.918123,4,6,6,7.672796,24,21.344982,54,578048,210120,,,,,,,,,
51,diagnostic,churn,3512641005,10000,100000,10000,1,69896,29948,30104,39948,9844,0d91a03571f89613,True,712,8,89,712,0,69896,0.000669326,0.000732422,0.000976562,0.001220703,0.002929688,0.022460938,135.346,69807,89,0,0,0,0,0,0,1.918123,4,6,6,7.672796,24,21.344982,54,578048,210120,241285,9235232,1050616,1051392,315008,263040,472512,211284,8275192
52,timed,churn,3512641005,50000,500000,50000,0,349756,149772,150244,199984,49528,ffa020200c11757b,True,,,,,,349756,0.000961364,0.000976562,0.001220703,0.001708984,0.004394531,0.188476562,865.918,,,,,,,,,2.373445,5,6,6,9.532971,24,24.987563,54,3199816,1237584,,,,,,,,,
52,diagnostic,churn,3512641005,50000,500000,50000,1,349756,149772,150244,199984,49528,ffa020200c11757b,True,6616,16,817,6696,0,349756,0.001100518,0.000976562,0.001708984,0.001953125,0.004882812,0.21484375,1084.439,348939,807,10,0,0,0,0,0,2.373445,5,6,6,9.532971,24,24.987563,54,3199816,1237584,1214313,51229016,5577216,5608392,1584896,1614920,2377344,1064312,46001824
