run,build,workload,seed,initial,operations,category,count,mean_ms,p50_ms,p95_ms,p99_ms,p999_ms,max_ms
1,timed,timeline,17,1000,10000,all,9010,0.000523724,0.000488281,0.000732422,0.001464844,,0.037841797
1,diagnostic,timeline,17,1000,10000,all,9010,0.000618914,0.000488281,0.000976562,0.001464844,,0.045410156
1,diagnostic,timeline,17,1000,10000,direct,9010,0.000618914,0.000488281,0.000976562,0.001464844,,0.045410156
2,timed,timeline,305419896,1000,10000,all,8997,0.000507303,0.000488281,0.000732422,0.001464844,,0.032470703
2,diagnostic,timeline,305419896,1000,10000,all,8997,0.000572456,0.000488281,0.000732422,0.001464844,,0.052001953
2,diagnostic,timeline,305419896,1000,10000,direct,8997,0.000572456,0.000488281,0.000732422,0.001464844,,0.052001953
3,timed,priority,17,1000,10000,all,7490,0.000707486,0.000488281,0.000976562,0.003173828,,0.172851562
3,diagnostic,priority,17,1000,10000,all,7490,0.000711887,0.000488281,0.000976562,0.003417969,,0.139160156
3,diagnostic,priority,17,1000,10000,direct,7259,0.0005166,0.000488281,0.000732422,0.000976562,,0.025634766
3,diagnostic,priority,17,1000,10000,local,230,0.006273353,0.002929688,0.021728516,0.047851562,,0.086425781
3,diagnostic,priority,17,1000,10000,large,1,0.139160156,0.139160156,0.139160156,0.139160156,,0.139160156
4,timed,priority,305419896,1000,10000,all,7527,0.000610141,0.000488281,0.000976562,0.003173828,,0.115722656
4,diagnostic,priority,305419896,1000,10000,all,7527,0.000646209,0.000488281,0.000976562,0.003417969,,0.161865234
4,diagnostic,priority,305419896,1000,10000,direct,7374,0.000532382,0.000488281,0.000732422,0.001220703,,0.159912109
4,diagnostic,priority,305419896,1000,10000,local,152,0.005107679,0.003173828,0.017089844,0.078125,,0.08203125
4,diagnostic,priority,305419896,1000,10000,large,1,0.161865234,0.161865234,0.161865234,0.161865234,,0.161865234
5,timed,local,17,1000,10000,all,9024,0.000578725,0.000488281,0.000732422,0.001220703,,0.291503906
5,diagnostic,local,17,1000,10000,all,9024,0.000578914,0.000488281,0.000976562,0.001220703,,0.010498047
5,diagnostic,local,17,1000,10000,direct,8967,0.000564325,0.000488281,0.000732422,0.000976562,,0.010498047
5,diagnostic,local,17,1000,10000,local,57,0.002874006,0.002685547,0.004394531,0.006347656,,0.006347656
6,timed,local,305419896,1000,10000,all,8966,0.000546825,0.000488281,0.000732422,0.001220703,,0.03515625
6,diagnostic,local,305419896,1000,10000,all,8966,0.000576287,0.000488281,0.000976562,0.001220703,,0.042724609
6,diagnostic,local,305419896,1000,10000,direct,8910,0.000559523,0.000488281,0.000732422,0.000976562,,0.042724609
6,diagnostic,local,305419896,1000,10000,local,56,0.003243583,0.002441406,0.006103516,0.026855469,,0.026855469
7,timed,churn,17,1000,10000,all,7043,0.000511194,0.000488281,0.000732422,0.000976562,,0.181884766
7,diagnostic,churn,17,1000,10000,all,7043,0.000515839,0.000488281,0.000732422,0.000976562,,0.005615234
7,diagnostic,churn,17,1000,10000,direct,7038,0.000513986,0.000488281,0.000732422,0.000976562,,0.005615234
7,diagnostic,churn,17,1000,10000,local,5,0.003125,0.002685547,0.004394531,0.004394531,,0.004394531
8,timed,churn,305419896,1000,10000,all,6971,0.000514303,0.000488281,0.000732422,0.001708984,,0.031005859
8,diagnostic,churn,305419896,1000,10000,all,6971,0.000543757,0.000488281,0.000732422,0.000976562,,0.164550781
8,diagnostic,churn,305419896,1000,10000,direct,6960,0.000540126,0.000488281,0.000732422,0.000976562,,0.164550781
8,diagnostic,churn,305419896,1000,10000,local,11,0.002840909,0.002685547,0.00390625,0.00390625,,0.00390625
9,timed,timeline,17,10000,100000,all,89943,0.002768705,0.000976562,0.001708984,0.002685547,0.009033203,91.089111328
9,diagnostic,timeline,17,10000,100000,all,89943,0.003690711,0.000976562,0.001953125,0.00390625,0.029541016,128.770263672
9,diagnostic,timeline,17,10000,100000,direct,89940,0.001177109,0.000976562,0.001953125,0.003662109,0.027832031,0.27734375
9,diagnostic,timeline,17,10000,100000,full,3,75.361490885,64.310302734,128.770263672,128.770263672,,128.770263672
10,timed,timeline,305419896,10000,100000,all,89880,0.002728231,0.000976562,0.001464844,0.002197266,0.016601562,87.616699219
10,diagnostic,timeline,305419896,10000,100000,all,89880,0.003213339,0.000976562,0.001464844,0.002685547,0.021972656,109.627929688
10,diagnostic,timeline,305419896,10000,100000,direct,89876,0.001055607,0.000976562,0.001464844,0.002685547,0.020263672,0.157714844
10,diagnostic,timeline,305419896,10000,100000,local,1,0.068603516,0.068603516,0.068603516,0.068603516,,0.068603516
10,diagnostic,timeline,305419896,10000,100000,full,3,64.624186198,56.936035156,109.627929688,109.627929688,,109.627929688
11,timed,timeline,2654435769,10000,100000,all,89909,0.002653698,0.000976562,0.001464844,0.002197266,0.008300781,87.355224609
11,diagnostic,timeline,2654435769,10000,100000,all,89909,0.003218633,0.000976562,0.001464844,0.002685547,0.022216797,112.125244141
11,diagnostic,timeline,2654435769,10000,100000,direct,89904,0.001038396,0.000976562,0.001464844,0.002685547,0.020019531,0.129638672
11,diagnostic,timeline,2654435769,10000,100000,local,2,0.022827148,0.013916016,0.031738281,0.031738281,,0.031738281
11,diagnostic,timeline,2654435769,10000,100000,full,3,65.327473958,55.617675781,112.125244141,112.125244141,,112.125244141
12,timed,timeline,826366246,10000,100000,all,90119,0.002658954,0.000976562,0.001464844,0.002197266,0.016601562,86.469482422
12,diagnostic,timeline,826366246,10000,100000,all,90119,0.003118202,0.000976562,0.001464844,0.002441406,0.010498047,107.534179688
12,diagnostic,timeline,826366246,10000,100000,direct,90115,0.001026342,0.000976562,0.001464844,0.002441406,0.010009766,0.1640625
12,diagnostic,timeline,826366246,10000,100000,local,1,0.0078125,0.0078125,0.0078125,0.0078125,,0.0078125
12,diagnostic,timeline,826366246,10000,100000,full,3,62.837565104,54.592285156,107.534179688,107.534179688,,107.534179688
13,timed,timeline,12648430,10000,100000,all,89934,0.002713766,0.000976562,0.001464844,0.002197266,0.017089844,92.263671875
13,diagnostic,timeline,12648430,10000,100000,all,89934,0.003375498,0.000976562,0.001708984,0.002929688,0.018798828,124.235351562
13,diagnostic,timeline,12648430,10000,100000,direct,89931,0.001067998,0.000976562,0.001708984,0.002929688,0.017333984,0.091552734
13,diagnostic,timeline,12648430,10000,100000,full,3,69.175292969,56.517822266,124.235351562,124.235351562,,124.235351562
14,timed,priority,17,10000,100000,all,75234,0.001115179,0.000488281,0.001220703,0.003417969,0.102294922,9.754150391
14,diagnostic,priority,17,10000,100000,all,75234,0.001210361,0.000732422,0.001220703,0.003662109,0.114501953,11.428710938
14,diagnostic,priority,17,10000,100000,direct,72765,0.000655615,0.000732422,0.000976562,0.001220703,0.001953125,0.218017578
14,diagnostic,priority,17,10000,100000,local,2385,0.00755106,0.003173828,0.034667969,0.071777344,,0.109863281
14,diagnostic,priority,17,10000,100000,large,83,0.167668722,0.134765625,0.275390625,0.458007812,,0.458007812
14,diagnostic,priority,17,10000,100000,full,1,11.428710938,11.428710938,11.428710938,11.428710938,,11.428710938
15,timed,priority,305419896,10000,100000,all,74985,0.001126361,0.000488281,0.000976562,0.002929688,0.054931641,17.434814453
15,diagnostic,priority,305419896,10000,100000,all,74985,0.001430322,0.000732422,0.001220703,0.003417969,0.060546875,31.593017578
15,diagnostic,priority,305419896,10000,100000,direct,73179,0.000667629,0.000732422,0.000976562,0.001464844,0.002929688,0.053955078
15,diagnostic,priority,305419896,10000,100000,local,1767,0.00674157,0.003173828,0.0234375,0.072509766,,0.126464844
15,diagnostic,priority,305419896,10000,100000,large,37,0.176540065,0.138427734,0.277099609,0.508789062,,0.508789062
15,diagnostic,priority,305419896,10000,100000,full,2,19.975952148,8.358886719,31.593017578,31.593017578,,31.593017578
16,timed,priority,2654435769,10000,100000,all,74854,0.001090469,0.000488281,0.000976562,0.003173828,0.101806641,8.146484375
16,diagnostic,priority,2654435769,10000,100000,all,74854,0.001196114,0.000732422,0.001220703,0.003662109,0.108642578,11.145751953
16,diagnostic,priority,2654435769,10000,100000,direct,72494,0.000661161,0.000732422,0.000976562,0.001220703,0.002929688,0.111083984
16,diagnostic,priority,2654435769,10000,100000,local,2292,0.008307918,0.003173828,0.038330078,0.07421875,,0.153808594
16,diagnostic,priority,2654435769,10000,100000,large,67,0.170391937,0.139404297,0.278564453,0.555664062,,0.555664062
16,diagnostic,priority,2654435769,10000,100000,full,1,11.145751953,11.145751953,11.145751953,11.145751953,,11.145751953
17,timed,priority,826366246,10000,100000,all,75099,0.000937064,0.000732422,0.001464844,0.003417969,0.033447266,1.757324219
17,diagnostic,priority,826366246,10000,100000,all,75099,0.000984622,0.000732422,0.001464844,0.003662109,0.036376953,1.905761719
17,diagnostic,priority,826366246,10000,100000,direct,71690,0.00068721,0.000732422,0.000976562,0.001220703,0.001953125,0.046142578
17,diagnostic,priority,826366246,10000,100000,local,3389,0.005095904,0.003173828,0.018310547,0.045410156,,0.235839844
17,diagnostic,priority,826366246,10000,100000,large,20,0.370397949,0.228027344,1.112548828,1.905761719,,1.905761719
18,timed,priority,12648430,10000,100000,all,74961,0.000805266,0.000488281,0.000976562,0.002929688,0.021728516,1.576660156
18,diagnostic,priority,12648430,10000,100000,all,74961,0.000854738,0.000732422,0.000976562,0.003417969,0.030761719,1.895751953
18,diagnostic,priority,12648430,10000,100000,direct,72274,0.000656924,0.000732422,0.000976562,0.000976562,0.002685547,0.154052734
18,diagnostic,priority,12648430,10000,100000,local,2671,0.004481274,0.002929688,0.016357422,0.038330078,,0.186035156
18,diagnostic,priority,12648430,10000,100000,large,16,0.289001465,0.127441406,1.895751953,1.895751953,,1.895751953
19,timed,local,17,10000,100000,all,89947,0.000704096,0.000732422,0.000976562,0.001464844,0.003417969,0.227539062
19,diagnostic,local,17,10000,100000,all,89947,0.000741838,0.000732422,0.000976562,0.001708984,0.00390625,0.025390625
19,diagnostic,local,17,10000,100000,direct,89281,0.0007238,0.000732422,0.000976562,0.001220703,0.002197266,0.025390625
19,diagnostic,local,17,10000,100000,local,666,0.003159898,0.002929688,0.004638672,0.008300781,,0.015380859
20,timed,local,305419896,10000,100000,all,89747,0.000718146,0.000732422,0.000976562,0.001708984,0.004150391,0.207519531
20,diagnostic,local,305419896,10000,100000,all,89747,0.000752759,0.000732422,0.000976562,0.001953125,0.004150391,0.323486328
20,diagnostic,local,305419896,10000,100000,direct,89093,0.00073565,0.000732422,0.000976562,0.001464844,0.003173828,0.323486328
20,diagnostic,local,305419896,10000,100000,local,654,0.003083489,0.002929688,0.00390625,0.009277344,,0.024414062
21,timed,local,2654435769,10000,100000,all,89988,0.0006984,0.000732422,0.000976562,0.001708984,0.003417969,0.014892578
21,diagnostic,local,2654435769,10000,100000,all,89988,0.000732549,0.000732422,0.000976562,0.001708984,0.00390625,0.0234375
21,diagnostic,local,2654435769,10000,100000,direct,89337,0.000714697,0.000732422,0.000976562,0.001220703,0.001953125,0.022949219
21,diagnostic,local,2654435769,10000,100000,local,651,0.003182454,0.002929688,0.004882812,0.0078125,,0.0234375
22,timed,local,826366246,10000,100000,all,89974,0.000702305,0.000732422,0.000976562,0.001708984,0.003662109,0.009277344
22,diagnostic,local,826366246,10000,100000,all,89974,0.000751837,0.000732422,0.000976562,0.001708984,0.005126953,0.162109375
22,diagnostic,local,826366246,10000,100000,direct,89314,0.000734303,0.000732422,0.000976562,0.001220703,0.003173828,0.162109375
22,diagnostic,local,826366246,10000,100000,local,660,0.00312463,0.002929688,0.005126953,0.008300781,,0.011230469
23,timed,local,12648430,10000,100000,all,89959,0.000717438,0.000732422,0.000976562,0.001464844,0.005126953,0.154785156
23,diagnostic,local,12648430,10000,100000,all,89959,0.000733966,0.000732422,0.000976562,0.001708984,0.00390625,0.0234375
23,diagnostic,local,12648430,10000,100000,direct,89312,0.000716728,0.000732422,0.000976562,0.001464844,0.002441406,0.0234375
23,diagnostic,local,12648430,10000,100000,local,647,0.003113453,0.002929688,0.004638672,0.008056641,,0.013671875
24,timed,churn,17,10000,100000,all,70171,0.000658875,0.000732422,0.000976562,0.001220703,0.003173828,0.136474609
24,diagnostic,churn,17,10000,100000,all,70171,0.000697911,0.000732422,0.000976562,0.001464844,0.003417969,0.148193359
24,diagnostic,churn,17,10000,100000,direct,70083,0.000694876,0.000732422,0.000976562,0.001220703,0.003173828,0.148193359
24,diagnostic,churn,17,10000,100000,local,88,0.003115567,0.002929688,0.00390625,0.006347656,,0.006347656
25,timed,churn,305419896,10000,100000,all,70057,0.0006699,0.000732422,0.000976562,0.001220703,0.002929688,0.013427734
25,diagnostic,churn,305419896,10000,100000,all,70057,0.000729557,0.000732422,0.000976562,0.001220703,0.003662109,0.181884766
25,diagnostic,churn,305419896,10000,100000,direct,69967,0.000726462,0.000732422,0.000976562,0.001220703,0.003417969,0.181884766
25,diagnostic,churn,305419896,10000,100000,local,90,0.003135851,0.002929688,0.003662109,0.007568359,,0.007568359
26,timed,churn,2654435769,10000,100000,all,69952,0.000671582,0.000732422,0.000976562,0.001464844,0.003173828,0.254882812
26,diagnostic,churn,2654435769,10000,100000,all,69952,0.00070047,0.000732422,0.000976562,0.001220703,0.003417969,0.131591797
26,diagnostic,churn,2654435769,10000,100000,direct,69880,0.000697827,0.000732422,0.000976562,0.001220703,0.002929688,0.131591797
26,diagnostic,churn,2654435769,10000,100000,local,72,0.003265381,0.003173828,0.005126953,0.0078125,,0.0078125
27,timed,churn,826366246,10000,100000,all,70084,0.000661936,0.000732422,0.000976562,0.001220703,0.003173828,0.133300781
27,diagnostic,churn,826366246,10000,100000,all,70084,0.000702564,0.000732422,0.000976562,0.001464844,0.003173828,0.259765625
27,diagnostic,churn,826366246,10000,100000,direct,69996,0.000699416,0.000732422,0.000976562,0.001220703,0.002197266,0.259765625
27,diagnostic,churn,826366246,10000,100000,local,88,0.00320712,0.003173828,0.004394531,0.007324219,,0.007324219
28,timed,churn,12648430,10000,100000,all,70042,0.000665418,0.000732422,0.000976562,0.001220703,0.002929688,0.210205078
28,diagnostic,churn,12648430,10000,100000,all,70042,0.00071078,0.000732422,0.000976562,0.001464844,0.00390625,0.337646484
28,diagnostic,churn,12648430,10000,100000,direct,69933,0.000707049,0.000732422,0.000976562,0.001464844,0.003417969,0.337646484
28,diagnostic,churn,12648430,10000,100000,local,109,0.003104394,0.002929688,0.004394531,0.004638672,,0.005126953
29,timed,timeline,17,100000,100000,all,89943,0.00910463,0.000976562,0.002197266,0.004150391,0.009521484,225.062255859
29,diagnostic,timeline,17,100000,100000,all,89943,0.011234372,0.000976562,0.002685547,0.004882812,0.018554688,281.805419922
29,diagnostic,timeline,17,100000,100000,direct,89938,0.001311116,0.000976562,0.002685547,0.004882812,0.017578125,0.188476562
29,diagnostic,timeline,17,100000,100000,local,1,0.061035156,0.061035156,0.061035156,0.061035156,,0.061035156
29,diagnostic,timeline,17,100000,100000,full,4,223.118225098,243.283447266,281.805419922,281.805419922,,281.805419922
30,timed,priority,17,100000,100000,all,75063,0.00184338,0.000732422,0.001953125,0.004394531,0.149414062,3.094482422
30,diagnostic,priority,17,100000,100000,all,75063,0.002194774,0.000976562,0.002685547,0.005615234,0.181396484,3.625
30,diagnostic,priority,17,100000,100000,direct,71787,0.000955582,0.000976562,0.001464844,0.002197266,0.006591797,0.260986328
30,diagnostic,priority,17,100000,100000,local,3190,0.007631117,0.004150391,0.024658203,0.091064453,,0.144042969
30,diagnostic,priority,17,100000,100000,large,86,0.834938227,0.399658203,3.258300781,3.625,,3.625
31,timed,local,17,100000,100000,all,89947,0.001834718,0.001708984,0.003173828,0.004882812,0.009277344,0.138671875
31,diagnostic,local,17,100000,100000,all,89947,0.001654588,0.001464844,0.002685547,0.00390625,0.007568359,0.048095703
31,diagnostic,local,17,100000,100000,direct,89727,0.00164052,0.001464844,0.002685547,0.003662109,0.006103516,0.048095703
31,diagnostic,local,17,100000,100000,local,220,0.007391912,0.006591797,0.012695312,0.018310547,,0.037597656
32,timed,churn,17,100000,100000,all,70171,0.001616054,0.001464844,0.002685547,0.003417969,0.005615234,0.021484375
32,diagnostic,churn,17,100000,100000,all,70171,0.001827452,0.001708984,0.002929688,0.003662109,0.009033203,0.1796875
32,diagnostic,churn,17,100000,100000,direct,70163,0.001826655,0.001708984,0.002929688,0.003662109,0.009033203,0.1796875
32,diagnostic,churn,17,100000,100000,local,8,0.00881958,0.008056641,0.010986328,0.010986328,,0.010986328
33,timed,churn,17,50000,500000,all,349902,0.001001154,0.000976562,0.001464844,0.001953125,0.005126953,0.189697266
33,diagnostic,churn,17,50000,500000,all,349902,0.001508339,0.001464844,0.002441406,0.003662109,0.016357422,0.336914062
33,diagnostic,churn,17,50000,500000,direct,349125,0.00149761,0.001464844,0.002441406,0.003417969,0.016113281,0.336914062
33,diagnostic,churn,17,50000,500000,local,777,0.006329432,0.005615234,0.009033203,0.015625,,0.189453125
34,timed,ascending,17,1000,10000,all,10000,0.000367578,0.000244141,0.000488281,0.000732422,0.011474609,0.04296875
34,diagnostic,ascending,17,1000,10000,all,10000,0.000495752,0.000244141,0.000976562,0.001220703,0.025634766,0.128417969
34,diagnostic,ascending,17,1000,10000,direct,10000,0.000495752,0.000244141,0.000976562,0.001220703,0.025634766,0.128417969
35,timed,descending,17,1000,10000,all,10000,0.000374097,0.000244141,0.000488281,0.000732422,0.013183594,0.072509766
35,diagnostic,descending,17,1000,10000,all,10000,0.000419263,0.000244141,0.000488281,0.000976562,0.01953125,0.055175781
35,diagnostic,descending,17,1000,10000,direct,10000,0.000419263,0.000244141,0.000488281,0.000976562,0.01953125,0.055175781
36,timed,random,17,1000,10000,all,10000,0.00129563,0.000732422,0.001220703,0.002197266,0.038330078,4.171875
36,diagnostic,random,17,1000,10000,all,10000,0.001371973,0.000732422,0.001220703,0.001953125,0.029785156,4.468261719
36,diagnostic,random,17,1000,10000,direct,9982,0.000885334,0.000732422,0.001220703,0.001708984,,0.084716797
36,diagnostic,random,17,1000,10000,local,17,0.024356618,0.011474609,0.089599609,0.089599609,,0.089599609
36,diagnostic,random,17,1000,10000,full,1,4.468261719,4.468261719,4.468261719,4.468261719,,4.468261719
37,timed,equal,17,1000,10000,all,10000,0.000407275,0.000244141,0.000732422,0.000732422,0.017578125,0.182128906
37,diagnostic,equal,17,1000,10000,all,10000,0.000419263,0.000244141,0.000488281,0.000732422,0.01953125,0.177246094
37,diagnostic,equal,17,1000,10000,direct,10000,0.000419263,0.000244141,0.000488281,0.000732422,0.01953125,0.177246094
38,timed,duplicates,17,1000,10000,all,10000,0.000916895,0.000732422,0.002197266,0.003417969,0.019042969,0.114013672
38,diagnostic,duplicates,17,1000,10000,all,10000,0.001095264,0.000732422,0.002685547,0.005859375,0.024658203,0.183837891
38,diagnostic,duplicates,17,1000,10000,direct,9238,0.000836495,0.000732422,0.001220703,0.001708984,,0.036621094
38,diagnostic,duplicates,17,1000,10000,local,760,0.003858707,0.002685547,0.008544922,0.019287109,,0.183837891
38,diagnostic,duplicates,17,1000,10000,large,2,0.146240234,0.123046875,0.169433594,0.169433594,,0.169433594
39,timed,alternating,17,1000,10000,all,10000,0.008474023,0.001220703,0.024902344,0.060546875,0.838867188,1.838867188
39,diagnostic,alternating,17,1000,10000,all,10000,0.009253003,0.001220703,0.026367188,0.071044922,0.954833984,2.151367188
39,diagnostic,alternating,17,1000,10000,direct,6494,0.001225027,0.001220703,0.001464844,0.001708984,,0.047851562
39,diagnostic,alternating,17,1000,10000,local,3424,0.013944965,0.004394531,0.053466797,0.061279297,,0.254882812
39,diagnostic,alternating,17,1000,10000,large,82,0.449111566,0.255615234,1.039794922,2.151367188,,2.151367188
40,timed,hotspot,17,1000,10000,all,10000,0.000380127,0.000244141,0.000488281,0.000732422,0.016601562,0.046630859
40,diagnostic,hotspot,17,1000,10000,all,10000,0.000445288,0.000244141,0.000488281,0.000732422,0.023681641,0.074707031
40,diagnostic,hotspot,17,1000,10000,direct,10000,0.000445288,0.000244141,0.000488281,0.000732422,0.023681641,0.074707031
41,timed,ascending,17,10000,100000,all,100000,0.000650535,0.000732422,0.000976562,0.001220703,0.01953125,0.064453125
41,diagnostic,ascending,17,10000,100000,all,100000,0.000706497,0.000732422,0.000976562,0.001220703,0.033203125,0.20703125
41,diagnostic,ascending,17,10000,100000,direct,100000,0.000706497,0.000732422,0.000976562,0.001220703,0.033203125,0.20703125
42,timed,descending,17,10000,100000,all,100000,0.000410222,0.000244141,0.000488281,0.000732422,0.020751953,0.182128906
42,diagnostic,descending,17,10000,100000,all,100000,0.000461377,0.000488281,0.000488281,0.000732422,0.032714844,0.185791016
42,diagnostic,descending,17,10000,100000,direct,100000,0.000461377,0.000488281,0.000488281,0.000732422,0.032714844,0.185791016
43,timed,random,17,10000,100000,all,100000,0.001214238,0.000976562,0.002197266,0.003173828,0.025878906,0.204589844
43,diagnostic,random,17,10000,100000,all,100000,0.001385771,0.001220703,0.002197266,0.003417969,0.034179688,0.320068359
43,diagnostic,random,17,10000,100000,direct,99992,0.00138492,0.001220703,0.002197266,0.003417969,0.034179688,0.320068359
43,diagnostic,random,17,10000,100000,local,8,0.012023926,0.010742188,0.01953125,0.01953125,,0.01953125
44,timed,equal,17,10000,100000,all,100000,0.000635166,0.000488281,0.000976562,0.000976562,0.019287109,0.079345703
44,diagnostic,equal,17,10000,100000,all,100000,0.000737751,0.000732422,0.000976562,0.001220703,0.034667969,0.232421875
44,diagnostic,equal,17,10000,100000,direct,100000,0.000737751,0.000732422,0.000976562,0.001220703,0.034667969,0.232421875
45,timed,duplicates,17,10000,100000,all,100000,0.001307578,0.000976562,0.002441406,0.007080078,0.032470703,4.368408203
45,diagnostic,duplicates,17,10000,100000,all,100000,0.001452126,0.000976562,0.002685547,0.008056641,0.038818359,5.389160156
45,diagnostic,duplicates,17,10000,100000,direct,93085,0.000957364,0.000976562,0.001220703,0.001464844,0.022705078,0.189941406
45,diagnostic,duplicates,17,10000,100000,local,6877,0.004751281,0.003173828,0.011962891,0.034423828,,0.129150391
45,diagnostic,duplicates,17,10000,100000,large,38,0.616365132,0.181152344,2.395263672,5.389160156,,5.389160156
46,timed,alternating,17,10000,100000,all,100000,0.020426316,0.001220703,0.025146484,0.053466797,3.324951172,29.158935547
46,diagnostic,alternating,17,10000,100000,all,100000,0.023430898,0.001464844,0.026123047,0.055664062,3.820068359,43.737792969
46,diagnostic,alternating,17,10000,100000,direct,64336,0.001307782,0.001220703,0.001464844,0.001953125,0.004882812,0.171142578
46,diagnostic,alternating,17,10000,100000,local,34834,0.013261586,0.004394531,0.052978516,0.054443359,0.075927734,0.218261719
46,diagnostic,alternating,17,10000,100000,large,829,2.127004957,0.934082031,8.102539062,18.276855469,,43.737792969
46,diagnostic,alternating,17,10000,100000,full,1,33.711181641,33.711181641,33.711181641,33.711181641,,33.711181641
47,timed,hotspot,17,10000,100000,all,100000,0.0004179,0.000488281,0.000488281,0.000732422,0.018310547,0.170166016
47,diagnostic,hotspot,17,10000,100000,all,100000,0.000492212,0.000488281,0.000488281,0.000732422,0.032958984,0.224609375
47,diagnostic,hotspot,17,10000,100000,direct,100000,0.000492212,0.000488281,0.000488281,0.000732422,0.032958984,0.224609375
48,timed,timeline,3512641005,10000,100000,all,89891,0.002643172,0.000976562,0.001464844,0.002197266,0.010009766,84.952148438
48,diagnostic,timeline,3512641005,10000,100000,all,89891,0.003075719,0.000976562,0.001464844,0.002929688,0.018554688,103.627929688
48,diagnostic,timeline,3512641005,10000,100000,direct,89885,0.001059796,0.000976562,0.001464844,0.002929688,0.017333984,0.162109375
48,diagnostic,timeline,3512641005,10000,100000,local,3,0.014892578,0.007080078,0.031738281,0.031738281,,0.031738281
48,diagnostic,timeline,3512641005,10000,100000,full,3,60.391682943,52.127197266,103.627929688,103.627929688,,103.627929688
49,timed,priority,3512641005,10000,100000,all,74968,0.001025197,0.000488281,0.000976562,0.003173828,0.069091797,7.233642578
49,diagnostic,priority,3512641005,10000,100000,all,74968,0.001101362,0.000488281,0.000976562,0.003417969,0.075927734,8.708007812
49,diagnostic,priority,3512641005,10000,100000,direct,72614,0.000636523,0.000488281,0.000976562,0.001220703,0.001464844,0.185302734
49,diagnostic,priority,3512641005,10000,100000,local,2292,0.007203214,0.003173828,0.028076172,0.072021484,,0.107177734
49,diagnostic,priority,3512641005,10000,100000,large,61,0.182437084,0.145996094,0.33203125,0.438232422,,0.438232422
49,diagnostic,priority,3512641005,10000,100000,full,1,8.708007812,8.708007812,8.708007812,8.708007812,,8.708007812
50,timed,local,3512641005,10000,100000,all,89973,0.000682906,0.000732422,0.000976562,0.001220703,0.003417969,0.17578125
50,diagnostic,local,3512641005,10000,100000,all,89973,0.000717867,0.000732422,0.000976562,0.001220703,0.003662109,0.155029297
50,diagnostic,local,3512641005,10000,100000,direct,89303,0.000700597,0.000732422,0.000976562,0.001220703,0.001953125,0.155029297
50,diagnostic,local,3512641005,10000,100000,local,670,0.003019692,0.002685547,0.00390625,0.008056641,,0.025146484
51,timed,churn,3512641005,10000,100000,all,69896,0.00064228,0.000732422,0.000976562,0.001220703,0.002685547,0.189941406
51,diagnostic,churn,3512641005,10000,100000,all,69896,0.000669326,0.000732422,0.000976562,0.001220703,0.002929688,0.022460938
51,diagnostic,churn,3512641005,10000,100000,direct,69807,0.000666332,0.000732422,0.000976562,0.001220703,0.001708984,0.022460938
51,diagnostic,churn,3512641005,10000,100000,local,89,0.003017468,0.002929688,0.00390625,0.004882812,,0.004882812
52,timed,churn,3512641005,50000,500000,all,349756,0.000961364,0.000976562,0.001220703,0.001708984,0.004394531,0.188476562
52,diagnostic,churn,3512641005,50000,500000,all,349756,0.001100518,0.000976562,0.001708984,0.001953125,0.004882812,0.21484375
52,diagnostic,churn,3512641005,50000,500000,direct,348939,0.001092198,0.000976562,0.001708984,0.001953125,0.00390625,0.21484375
52,diagnostic,churn,3512641005,50000,500000,local,817,0.004653912,0.004394531,0.005859375,0.010498047,,0.026611328
