case,n,association_bytes,capture_ms,key_ms,serialize_ms,deserialize_ms,restore_ms,alloc_attempts,resident_delta_bytes,namespace_bytes,row_bytes,association_logical_bytes,association_capacity_bytes,wire_bytes,all_key_bytes
capture,10000,0,0.052400,0.108300,0.021100,0.088300,0.307900,NA,NA,16,160000,0,0,80040,530000
capture,10000,16,0.073900,0.114200,0.044700,0.124100,0.291800,NA,NA,16,160000,160000,262144,240040,530000
capture,10000,64,0.298600,0.106900,0.100700,0.166100,0.382400,NA,NA,16,160000,640000,1048576,720040,530000
capture,100000,0,0.645700,1.134100,0.111300,0.648000,3.259000,NA,NA,16,1600000,0,0,800040,5300000
capture,100000,16,0.978300,1.114300,0.423700,1.110000,3.102300,NA,NA,16,1600000,1600000,2097152,2400040,5300000
capture,100000,64,2.588300,1.110300,0.968300,1.537500,3.217800,NA,NA,16,1600000,6400000,8388608,7200040,5300000
capture,1000000,0,16.175900,11.423800,1.358800,7.423700,37.680000,NA,NA,16,16000000,0,0,8000040,53000000
capture,1000000,16,19.854800,11.031600,4.578200,11.475600,35.381100,NA,NA,16,16000000,16000000,16777216,24000040,53000000
capture,1000000,64,34.098700,11.219500,11.764200,17.942300,32.492200,NA,NA,16,16000000,64000000,67108864,72000040,53000000
frequency,20000,0,0,1.334400,0.000000
frequency,20000,10000,2,1.321400,0.098600
frequency,20000,1000,20,1.802700,0.647700
frequency,20000,100,200,5.270200,4.008700
import,10000,2.232400
import,100000,27.801700
