# diagnostic: counters enabled; timing includes instrumentation
workload,N,operations,total_ms,p50_us,p99_us,max_us,comparator_calls,assignments,local_arrays,index_blocks,splits,repairs,max_assignments,max_index_blocks,allocations
move_local,20000,20000,0.964,0.000,0.100,2.400,0,420009,20000,0,0,0,30,0,0
move_distant,20000,20000,2.435,0.100,0.200,27.800,0,4480000,40001,9,0,1,224,9,0
move_random,20000,20000,4.178,0.200,0.400,4.200,0,3502310,40764,4252,207,639,318,20,207
insert_remove_mix,20000,20000,2.142,0.100,0.200,17.000,0,2550000,20001,9,0,1,128,9,10000
managed_ascending,20000,20000,2.470,0.100,0.300,42.100,147351,1945296,20311,2757,311,0,129,11,20312
managed_random,20000,20000,5.812,0.300,0.500,34.900,260752,1864877,20232,1647,232,0,129,10,20233
managed_equal,20000,20000,2.420,0.100,0.200,32.100,147351,1945296,20311,2757,311,0,129,11,20312
managed_duplicates,20000,20000,3.640,0.200,0.300,34.100,267489,1937912,20303,2544,303,0,129,12,20304
managed_alternating,20000,20000,2.655,0.100,0.300,34.000,211742,1940181,20308,2711,308,0,129,11,20309
