family,initial,steps,seed,run,capacity,diagnostic,cadence,target,allocations,allocation_bytes,frees,peak_requested,built_requested,churn_requested,small_requested,empty_container_requested,cleanup_live_bytes,cleanup_live_blocks
ascending,0,1024,7,0,64,1,0,layerkeysort_v4_trace_diagnostics,1057,55248,1057,55248,0,55248,5472,4376,0,0
descending,0,1024,7,0,64,1,0,layerkeysort_v4_trace_diagnostics,1057,55248,1057,55248,0,55248,5472,4376,0,0
random,0,1024,7,0,64,1,0,layerkeysort_v4_trace_diagnostics,1049,50576,1049,50576,0,50576,5472,4376,0,0
equal,0,1024,7,0,64,1,0,layerkeysort_v4_trace_diagnostics,1057,55248,1057,55248,0,55248,5472,4376,0,0
duplicates,0,1024,7,0,64,1,0,layerkeysort_v4_trace_diagnostics,1049,50576,1049,50576,0,50576,5472,4376,0,0
alternating,0,1024,7,0,64,1,0,layerkeysort_v4_trace_diagnostics,1057,55248,1057,55248,0,55248,5472,4376,0,0
hotspot,0,1024,7,0,64,1,0,layerkeysort_v4_trace_diagnostics,1056,55216,1056,55216,0,55216,5440,4344,0,0
timeline,1024,1024,7,0,64,1,0,layerkeysort_v4_trace_diagnostics,1865,86624,1865,74752,55216,74752,5440,4344,0,0
priority,0,1024,7,0,64,1,0,layerkeysort_v4_trace_diagnostics,1049,50576,1049,50576,0,50576,5472,4376,0,0
local,1024,1024,7,0,64,1,0,layerkeysort_v4_trace_diagnostics,1880,95384,1880,75336,55216,75336,5440,4344,0,0
churn,1024,1024,7,0,64,1,0,layerkeysort_v4_trace_diagnostics,1584,80944,1584,55216,55216,51128,5440,4344,0,0
large_timeline,1024,1024,7,0,64,1,0,layerkeysort_v4_trace_diagnostics,1865,86624,1865,74752,55216,74752,5440,4344,0,0
local_drag,1024,1024,7,0,64,1,0,layerkeysort_v4_trace_diagnostics,1065,60472,1065,55216,55216,51128,5440,4344,0,0
front_back,1024,1024,7,0,64,1,0,layerkeysort_v4_trace_diagnostics,1082,70400,1082,55216,55216,51712,5440,4344,0,0
distant_drag,1024,1024,7,0,64,1,0,layerkeysort_v4_trace_diagnostics,1078,68064,1078,55216,55216,51128,5440,4344,0,0
hotspot_drag,1024,1024,7,0,64,1,0,layerkeysort_v4_trace_diagnostics,1085,72152,1085,55216,55216,51712,5440,4344,0,0
large_moves,1024,1024,7,0,64,1,0,layerkeysort_v4_trace_diagnostics,1078,68064,1078,55216,55216,51128,5440,4344,0,0
delete_reinsert,1024,1024,7,0,64,1,0,layerkeysort_v4_trace_diagnostics,1584,80944,1584,55216,55216,51128,5440,4344,0,0
managed_churn,1024,1024,7,0,64,1,0,layerkeysort_v4_trace_diagnostics,1575,75136,1575,52328,50576,51744,5472,4376,0,0
ascending,0,10000,7,0,64,1,0,layerkeysort_v4_trace_diagnostics,10314,506584,10314,506584,0,506584,5472,4376,0,0
descending,0,10000,7,0,64,1,0,layerkeysort_v4_trace_diagnostics,10305,501328,10305,501328,0,501328,5472,4376,0,0
random,0,10000,7,0,64,1,0,layerkeysort_v4_trace_diagnostics,10234,459864,10234,459864,0,459864,5472,4376,0,0
equal,0,10000,7,0,64,1,0,layerkeysort_v4_trace_diagnostics,10314,506584,10314,506584,0,506584,5472,4376,0,0
duplicates,0,10000,7,0,64,1,0,layerkeysort_v4_trace_diagnostics,10306,501912,10306,501912,0,501912,5472,4376,0,0
alternating,0,10000,7,0,64,1,0,layerkeysort_v4_trace_diagnostics,10309,503664,10309,503664,0,503664,5472,4376,0,0
hotspot,0,10000,7,0,64,1,0,layerkeysort_v4_trace_diagnostics,10308,503632,10308,503632,0,503632,5440,4344,0,0
timeline,10000,10000,7,0,64,1,0,layerkeysort_v4_trace_diagnostics,18383,800120,18383,706528,506552,706528,5440,4344,0,0
priority,0,10000,7,0,64,1,0,layerkeysort_v4_trace_diagnostics,10234,459864,10234,459864,0,459864,5472,4376,0,0
local,10000,10000,7,0,64,1,0,layerkeysort_v4_trace_diagnostics,18569,908744,18569,724048,506552,724048,5440,4344,0,0
churn,10000,10000,7,0,64,1,0,layerkeysort_v4_trace_diagnostics,15462,753568,15462,506552,506552,462168,5440,4344,0,0
large_timeline,10000,10000,7,0,64,1,0,layerkeysort_v4_trace_diagnostics,18383,800120,18383,706528,506552,706528,5440,4344,0,0
local_drag,10000,10000,7,0,64,1,0,layerkeysort_v4_trace_diagnostics,10398,556192,10398,506552,506552,462168,5440,4344,0,0
front_back,10000,10000,7,0,64,1,0,layerkeysort_v4_trace_diagnostics,10614,682336,10614,506552,506552,468008,5440,4344,0,0
distant_drag,10000,10000,7,0,64,1,0,layerkeysort_v4_trace_diagnostics,10477,602328,10477,506552,506552,466256,5440,4344,0,0
hotspot_drag,10000,10000,7,0,64,1,0,layerkeysort_v4_trace_diagnostics,10597,672408,10597,506552,506552,466256,5440,4344,0,0
large_moves,10000,10000,7,0,64,1,0,layerkeysort_v4_trace_diagnostics,10477,602328,10477,506552,506552,466256,5440,4344,0,0
delete_reinsert,10000,10000,7,0,64,1,0,layerkeysort_v4_trace_diagnostics,15462,753568,15462,506552,506552,462168,5440,4344,0,0
managed_churn,10000,10000,7,0,64,1,0,layerkeysort_v4_trace_diagnostics,15407,720896,15407,501912,501912,484976,5472,4376,0,0
ascending,0,100000,7,0,64,1,0,layerkeysort_v4_trace_diagnostics,103126,5028792,103126,5028792,0,5028792,5472,4376,0,0
descending,0,100000,7,0,64,1,0,layerkeysort_v4_trace_diagnostics,103032,4973896,103032,4973896,0,4973896,5472,4376,0,0
random,0,100000,7,0,64,1,0,layerkeysort_v4_trace_diagnostics,102240,4511368,102240,4511368,0,4511368,5472,4376,0,0
equal,0,100000,7,0,64,1,0,layerkeysort_v4_trace_diagnostics,103126,5028792,103126,5028792,0,5028792,5472,4376,0,0
duplicates,0,100000,7,0,64,1,0,layerkeysort_v4_trace_diagnostics,103122,5026456,103122,5026456,0,5026456,5472,4376,0,0
alternating,0,100000,7,0,64,1,0,layerkeysort_v4_trace_diagnostics,103079,5001344,103079,5001344,0,5001344,5472,4376,0,0
hotspot,0,100000,7,0,64,1,0,layerkeysort_v4_trace_diagnostics,103078,5001312,103078,5001312,0,5001312,5440,4344,0,0
timeline,100000,100000,7,0,64,1,0,layerkeysort_v4_trace_diagnostics,183877,8032896,183877,7032896,5028760,7032864,5440,4344,0,0
priority,0,100000,7,0,64,1,0,layerkeysort_v4_trace_diagnostics,102240,4511368,102240,4511368,0,4511368,5472,4376,0,0
local,100000,100000,7,0,64,1,0,layerkeysort_v4_trace_diagnostics,185614,9047304,185614,7224448,5028760,7224416,5440,4344,0,0
churn,100000,100000,7,0,64,1,0,layerkeysort_v4_trace_diagnostics,154441,7397304,154441,5028760,5028760,4603024,5440,4344,0,0
large_timeline,100000,100000,7,0,64,1,0,layerkeysort_v4_trace_diagnostics,183877,8032896,183877,7032896,5028760,7032864,5440,4344,0,0
local_drag,100000,100000,7,0,64,1,0,layerkeysort_v4_trace_diagnostics,103972,5523408,103972,5028760,5028760,4582584,5440,4344,0,0
front_back,100000,100000,7,0,64,1,0,layerkeysort_v4_trace_diagnostics,106197,6822808,106197,5028760,5028760,4594848,5440,4344,0,0
distant_drag,100000,100000,7,0,64,1,0,layerkeysort_v4_trace_diagnostics,104904,6067696,104904,5028760,5028760,4591928,5440,4344,0,0
hotspot_drag,100000,100000,7,0,64,1,0,layerkeysort_v4_trace_diagnostics,106040,6731120,106040,5028760,5028760,4604776,5440,4344,0,0
large_moves,100000,100000,7,0,64,1,0,layerkeysort_v4_trace_diagnostics,104904,6067696,104904,5028760,5028760,4591928,5440,4344,0,0
delete_reinsert,100000,100000,7,0,64,1,0,layerkeysort_v4_trace_diagnostics,154441,7397304,154441,5028760,5028760,4603024,5440,4344,0,0
managed_churn,100000,100000,7,0,64,1,0,layerkeysort_v4_trace_diagnostics,154163,7234400,154163,5026456,5026456,4881040,5472,4376,0,0
endpoint,0,1000000,19,0,64,1,0,layerkeysort_v4_trace_diagnostics,1031250,50253760,1031250,50253760,0,50253760,5440,4344,0,0
equal,0,1000000,19,0,64,1,0,layerkeysort_v4_trace_diagnostics,1031251,50253792,1031251,50253792,0,50253792,5472,4376,0,0
long_churn,10000,1000000,19,0,64,1,0,layerkeysort_v4_trace_diagnostics,521176,22850544,521176,918240,506552,461584,5440,4344,0,0
distant_drag,100001,100000,19,0,64,1,0,layerkeysort_v4_trace_diagnostics,104933,6084080,104933,5029376,5029376,4590208,5440,4344,0,0
retained,100000,10000,19,0,64,1,0,layerkeysort_v4_trace_diagnostics,216110,43055538,215998,27258552,5028760,27258552,21914648,21913552,0,0
timeline,10000,10000,7,0,64,1,0,layerkeysort_v4_trace_diagnostics,18383,800120,18383,706528,506552,706528,5440,4344,0,0
timeline,10000,10000,7,0,64,1,10000,layerkeysort_v4_trace_diagnostics,34668,2494244,34657,2269644,506552,706536,5448,4352,0,0
timeline,10000,10000,7,0,64,1,1000,layerkeysort_v4_trace_diagnostics,29324,6331798,29214,1599524,506552,706536,5448,4352,0,0
timeline,10000,10000,7,0,64,1,100,layerkeysort_v4_trace_diagnostics,30118,48617146,29018,1535812,506552,706536,5448,4352,0,0
churn,10000,10000,7,0,64,1,0,layerkeysort_v4_trace_diagnostics,15462,753568,15462,506552,506552,462168,5440,4344,0,0
churn,10000,10000,7,0,64,1,10000,layerkeysort_v4_trace_diagnostics,25641,1911836,25630,1489428,506552,462176,5448,4352,0,0
churn,10000,10000,7,0,64,1,1000,layerkeysort_v4_trace_diagnostics,25776,5711222,25666,1489428,506552,462176,5448,4352,0,0
churn,10000,10000,7,0,64,1,100,layerkeysort_v4_trace_diagnostics,27126,43705082,26026,1513372,506552,462176,5448,4352,0,0
distant_drag,10000,10000,7,0,64,1,0,layerkeysort_v4_trace_diagnostics,10477,602328,10477,506552,506552,466256,5440,4344,0,0
distant_drag,10000,10000,7,0,64,1,10000,layerkeysort_v4_trace_diagnostics,20656,1760596,20645,1493516,506552,466264,5448,4352,0,0
distant_drag,10000,10000,7,0,64,1,1000,layerkeysort_v4_trace_diagnostics,20791,5559982,20681,1490012,506552,466264,5448,4352,0,0
distant_drag,10000,10000,7,0,64,1,100,layerkeysort_v4_trace_diagnostics,22141,43553842,21041,1502276,506552,466264,5448,4352,0,0
V3_ascending,0,10000,7,0,64,1,0,layerkeysort_v4_trace_diagnostics,30001,960040,30001,960040,0,960040,0,0,0,0
V3_ascending,0,100000,7,0,64,1,0,layerkeysort_v4_trace_diagnostics,402827,12628392,300001,10702928,0,10702928,0,0,0,0
V3_descending,0,10000,7,0,64,1,0,layerkeysort_v4_trace_diagnostics,30001,960040,30001,960040,0,960040,0,0,0,0
V3_descending,0,100000,7,0,64,1,0,layerkeysort_v4_trace_diagnostics,300001,9600040,300001,9600040,0,9600040,0,0,0,0
V3_random,0,10000,7,0,64,1,0,layerkeysort_v4_trace_diagnostics,55860,1863160,43284,1014480,0,1014480,0,0,0,0
V3_random,0,100000,7,0,64,1,0,layerkeysort_v4_trace_diagnostics,589598,19151200,367379,11899096,0,11899096,0,0,0,0
V3_equal,0,10000,7,0,64,1,0,layerkeysort_v4_trace_diagnostics,30001,960040,30001,960040,0,960040,0,0,0,0
V3_equal,0,100000,7,0,64,1,0,layerkeysort_v4_trace_diagnostics,402827,12628392,300001,10702928,0,10702928,0,0,0,0
V3_duplicates,0,10000,7,0,64,1,0,layerkeysort_v4_trace_diagnostics,93250,3198656,64834,1022120,0,1022120,0,0,0,0
V3_duplicates,0,100000,7,0,64,1,0,layerkeysort_v4_trace_diagnostics,956716,33138568,638000,10733992,0,10733184,0,0,0,0
V3_alternating,0,10000,7,0,64,1,0,layerkeysort_v4_trace_diagnostics,915927,34524112,467792,1296136,0,1023800,0,0,0,0
V3_alternating,0,100000,7,0,64,1,0,layerkeysort_v4_trace_diagnostics,23868496,838440584,14366069,13622408,0,11463920,0,0,0,0
V3_priority,0,10000,7,0,64,1,0,layerkeysort_v4_trace_diagnostics,55860,1863160,43284,1014480,0,1014480,0,0,0,0
V3_priority,0,100000,7,0,64,1,0,layerkeysort_v4_trace_diagnostics,589598,19151200,367379,11899096,0,11899096,0,0,0,0
V3_managed_churn,10000,10000,7,0,64,1,0,layerkeysort_v4_trace_diagnostics,110102,3761256,80680,1036736,0,1033688,0,0,0,0
V3_managed_churn,100000,100000,7,0,64,1,0,layerkeysort_v4_trace_diagnostics,1610035,55400880,1069070,11637176,0,10989760,0,0,0,0
endpoint,0,10000,7,0,64,1,0,lks_capacity_64_diagnostic_trace,10313,506552,10313,506552,0,506552,5440,4344,0,0
random,0,10000,7,0,64,1,0,lks_capacity_64_diagnostic_trace,10234,459864,10234,459864,0,459864,5472,4376,0,0
local_drag,10000,10000,7,0,64,1,0,lks_capacity_64_diagnostic_trace,10398,556192,10398,506552,506552,462168,5440,4344,0,0
distant_drag,10000,10000,7,0,64,1,0,lks_capacity_64_diagnostic_trace,10477,602328,10477,506552,506552,466256,5440,4344,0,0
churn,10000,10000,7,0,64,1,0,lks_capacity_64_diagnostic_trace,15462,753568,15462,506552,506552,462168,5440,4344,0,0
equal,0,10000,7,0,64,1,0,lks_capacity_64_diagnostic_trace,10314,506584,10314,506584,0,506584,5472,4376,0,0
duplicates,0,10000,7,0,64,1,0,lks_capacity_64_diagnostic_trace,10306,501912,10306,501912,0,501912,5472,4376,0,0
timeline,10000,10000,7,0,64,1,0,lks_capacity_64_diagnostic_trace,18383,800120,18383,706528,506552,706528,5440,4344,0,0
endpoint,0,10000,7,0,128,1,0,lks_capacity_128_diagnostic_trace,10157,495320,10157,495320,0,495320,5952,4344,0,0
random,0,10000,7,0,128,1,0,lks_capacity_128_diagnostic_trace,10125,459184,10125,459184,0,459184,5984,4376,0,0
local_drag,10000,10000,7,0,128,1,0,lks_capacity_128_diagnostic_trace,10198,540256,10198,495320,495320,448192,5952,4344,0,0
distant_drag,10000,10000,7,0,128,1,0,lks_capacity_128_diagnostic_trace,10259,607112,10259,495320,495320,460248,5952,4344,0,0
churn,10000,10000,7,0,128,1,0,lks_capacity_128_diagnostic_trace,15229,734232,15229,495320,495320,460248,5952,4344,0,0
equal,0,10000,7,0,128,1,0,lks_capacity_128_diagnostic_trace,10158,495352,10158,495352,0,495352,5984,4376,0,0
duplicates,0,10000,7,0,128,1,0,lks_capacity_128_diagnostic_trace,10147,483296,10147,483296,0,483296,5984,4376,0,0
timeline,10000,10000,7,0,128,1,0,lks_capacity_128_diagnostic_trace,18195,786584,18195,690992,495320,690992,5952,4344,0,0
endpoint,0,10000,7,0,256,1,0,lks_capacity_256_diagnostic_trace,10079,489704,10079,489704,0,489704,6976,4344,0,0
random,0,10000,7,0,256,1,0,lks_capacity_256_diagnostic_trace,10066,460056,10066,460056,0,460056,7008,4376,0,0
local_drag,10000,10000,7,0,256,1,0,lks_capacity_256_diagnostic_trace,10100,534224,10100,489704,489704,449424,6976,4344,0,0
distant_drag,10000,10000,7,0,256,1,0,lks_capacity_256_diagnostic_trace,10141,621144,10141,489704,489704,451544,6976,4344,0,0
churn,10000,10000,7,0,256,1,0,lks_capacity_256_diagnostic_trace,15126,749344,15126,489704,489704,451544,6976,4344,0,0
equal,0,10000,7,0,256,1,0,lks_capacity_256_diagnostic_trace,10080,489736,10080,489736,0,489736,7008,4376,0,0
duplicates,0,10000,7,0,256,1,0,lks_capacity_256_diagnostic_trace,10068,464296,10068,464296,0,464296,7008,4376,0,0
timeline,10000,10000,7,0,256,1,0,lks_capacity_256_diagnostic_trace,18101,779816,18101,684208,489704,684208,6976,4344,0,0
