allocation_bytes,allocations,comparisons,equal,ms,n,operation,oracle,peak_requested,resident_bytes,run,target,version
0,0,10200,0,0.2995,1024,build,True,0,0,0,layerkeysort_v4_groups,V3
0,0,2046,0,0.2572,1024,merge,True,0,0,0,layerkeysort_v4_groups,V3
0,0,10200,0,0.3023,1024,batch_build,True,0,0,0,layerkeysort_v4_groups,V3
0,0,1023,0,0.2085,1024,batch_merge,True,0,0,0,layerkeysort_v4_groups,V3
0,0,1023,0,0.1143,1024,cleanup,True,0,0,0,layerkeysort_v4_groups,V3
0,0,9177,0,0.024,1024,build,True,0,0,0,layerkeysort_v4_groups,V4
0,0,0,0,0.0068,1024,capture,True,0,0,0,layerkeysort_v4_groups,V4
0,0,1023,0,0.0017,1024,merge,True,0,0,0,layerkeysort_v4_groups,V4
0,0,9177,0,0.0195,1024,batch_build,True,0,0,0,layerkeysort_v4_groups,V4
0,0,0,0,0.0003,1024,batch_merge,True,0,0,0,layerkeysort_v4_groups,V4
0,0,0,0,0.0003,1024,cleanup,True,0,0,0,layerkeysort_v4_groups,V4
0,0,10200,0,0.2693,1024,build,True,0,0,1,layerkeysort_v4_groups,V3
0,0,2046,0,0.2213,1024,merge,True,0,0,1,layerkeysort_v4_groups,V3
0,0,10200,0,0.2392,1024,batch_build,True,0,0,1,layerkeysort_v4_groups,V3
0,0,1023,0,0.1898,1024,batch_merge,True,0,0,1,layerkeysort_v4_groups,V3
0,0,1023,0,0.1017,1024,cleanup,True,0,0,1,layerkeysort_v4_groups,V3
0,0,9177,0,0.0223,1024,build,True,0,0,1,layerkeysort_v4_groups,V4
0,0,0,0,0.0081,1024,capture,True,0,0,1,layerkeysort_v4_groups,V4
0,0,1023,0,0.0018,1024,merge,True,0,0,1,layerkeysort_v4_groups,V4
0,0,9177,0,0.0199,1024,batch_build,True,0,0,1,layerkeysort_v4_groups,V4
0,0,0,0,0.0002,1024,batch_merge,True,0,0,1,layerkeysort_v4_groups,V4
0,0,0,0,0.0003,1024,cleanup,True,0,0,1,layerkeysort_v4_groups,V4
0,0,10200,0,0.2746,1024,build,True,0,0,2,layerkeysort_v4_groups,V3
0,0,2046,0,0.2314,1024,merge,True,0,0,2,layerkeysort_v4_groups,V3
0,0,10200,0,0.2754,1024,batch_build,True,0,0,2,layerkeysort_v4_groups,V3
0,0,1023,0,0.2463,1024,batch_merge,True,0,0,2,layerkeysort_v4_groups,V3
0,0,1023,0,0.1405,1024,cleanup,True,0,0,2,layerkeysort_v4_groups,V3
0,0,9177,0,0.0317,1024,build,True,0,0,2,layerkeysort_v4_groups,V4
0,0,0,0,0.0067,1024,capture,True,0,0,2,layerkeysort_v4_groups,V4
0,0,1023,0,0.0018,1024,merge,True,0,0,2,layerkeysort_v4_groups,V4
0,0,9177,0,0.021,1024,batch_build,True,0,0,2,layerkeysort_v4_groups,V4
0,0,0,0,0.0003,1024,batch_merge,True,0,0,2,layerkeysort_v4_groups,V4
0,0,0,0,0.0003,1024,cleanup,True,0,0,2,layerkeysort_v4_groups,V4
170920,4075,10200,0,0.3251,1024,build,True,135992,119632,0,layerkeysort_v4_groups_diagnostics,V3
162728,4074,2046,0,0.2418,1024,merge,True,250296,119632,0,layerkeysort_v4_groups_diagnostics,V3
170960,4077,10200,0,0.2488,1024,batch_build,True,136032,119672,0,layerkeysort_v4_groups_diagnostics,V3
170928,4076,1023,0,0.2291,1024,batch_merge,True,263864,119632,0,layerkeysort_v4_groups_diagnostics,V3
0,0,1023,0,0.165,1024,cleanup,True,263864,0,0,layerkeysort_v4_groups_diagnostics,V3
16416,3,9177,0,0.0278,1024,build,True,16416,8224,0,layerkeysort_v4_groups_diagnostics,V4
16466,4,0,0,0.0065,1024,capture,True,24690,16466,0,layerkeysort_v4_groups_diagnostics,V4
8224,2,1023,0,0.0027,1024,merge,True,24690,8224,0,layerkeysort_v4_groups_diagnostics,V4
16464,5,9177,0,0.0245,1024,batch_build,True,16464,8272,0,layerkeysort_v4_groups_diagnostics,V4
8224,2,0,0,0.0006,1024,batch_merge,True,16496,8224,0,layerkeysort_v4_groups_diagnostics,V4
0,0,0,0,0.0003,1024,cleanup,True,16496,0,0,layerkeysort_v4_groups_diagnostics,V4
0,0,6143,1,0.2285,1024,build,True,0,0,0,layerkeysort_v4_groups,V3
0,0,1535,1,0.2026,1024,merge,True,0,0,0,layerkeysort_v4_groups,V3
0,0,6143,1,0.1915,1024,batch_build,True,0,0,0,layerkeysort_v4_groups,V3
0,0,1023,1,0.1712,1024,batch_merge,True,0,0,0,layerkeysort_v4_groups,V3
0,0,1023,1,0.0931,1024,cleanup,True,0,0,0,layerkeysort_v4_groups,V3
0,0,5120,1,0.014,1024,build,True,0,0,0,layerkeysort_v4_groups,V4
0,0,0,1,0.0068,1024,capture,True,0,0,0,layerkeysort_v4_groups,V4
0,0,512,1,0.001,1024,merge,True,0,0,0,layerkeysort_v4_groups,V4
0,0,5120,1,0.0136,1024,batch_build,True,0,0,0,layerkeysort_v4_groups,V4
0,0,0,1,0.0002,1024,batch_merge,True,0,0,0,layerkeysort_v4_groups,V4
0,0,0,1,0.0003,1024,cleanup,True,0,0,0,layerkeysort_v4_groups,V4
0,0,6143,1,0.2313,1024,build,True,0,0,1,layerkeysort_v4_groups,V3
0,0,1535,1,0.1996,1024,merge,True,0,0,1,layerkeysort_v4_groups,V3
0,0,6143,1,0.1967,1024,batch_build,True,0,0,1,layerkeysort_v4_groups,V3
0,0,1023,1,0.172,1024,batch_merge,True,0,0,1,layerkeysort_v4_groups,V3
0,0,1023,1,0.0959,1024,cleanup,True,0,0,1,layerkeysort_v4_groups,V3
0,0,5120,1,0.0142,1024,build,True,0,0,1,layerkeysort_v4_groups,V4
0,0,0,1,0.0089,1024,capture,True,0,0,1,layerkeysort_v4_groups,V4
0,0,512,1,0.0009,1024,merge,True,0,0,1,layerkeysort_v4_groups,V4
0,0,5120,1,0.0138,1024,batch_build,True,0,0,1,layerkeysort_v4_groups,V4
0,0,0,1,0.0006,1024,batch_merge,True,0,0,1,layerkeysort_v4_groups,V4
0,0,0,1,0.0003,1024,cleanup,True,0,0,1,layerkeysort_v4_groups,V4
0,0,6143,1,0.2264,1024,build,True,0,0,2,layerkeysort_v4_groups,V3
0,0,1535,1,0.2222,1024,merge,True,0,0,2,layerkeysort_v4_groups,V3
0,0,6143,1,0.1952,1024,batch_build,True,0,0,2,layerkeysort_v4_groups,V3
0,0,1023,1,0.1753,1024,batch_merge,True,0,0,2,layerkeysort_v4_groups,V3
0,0,1023,1,0.0964,1024,cleanup,True,0,0,2,layerkeysort_v4_groups,V3
0,0,5120,1,0.0141,1024,build,True,0,0,2,layerkeysort_v4_groups,V4
0,0,0,1,0.0064,1024,capture,True,0,0,2,layerkeysort_v4_groups,V4
0,0,512,1,0.0009,1024,merge,True,0,0,2,layerkeysort_v4_groups,V4
0,0,5120,1,0.0137,1024,batch_build,True,0,0,2,layerkeysort_v4_groups,V4
0,0,0,1,0.0003,1024,batch_merge,True,0,0,2,layerkeysort_v4_groups,V4
0,0,0,1,0.0003,1024,cleanup,True,0,0,2,layerkeysort_v4_groups,V4
170920,4075,6143,1,0.3139,1024,build,True,135992,119632,0,layerkeysort_v4_groups_diagnostics,V3
162728,4074,1535,1,0.2578,1024,merge,True,250296,119632,0,layerkeysort_v4_groups_diagnostics,V3
170960,4077,6143,1,0.2616,1024,batch_build,True,136032,119672,0,layerkeysort_v4_groups_diagnostics,V3
170928,4076,1023,1,0.2867,1024,batch_merge,True,263864,119632,0,layerkeysort_v4_groups_diagnostics,V3
0,0,1023,1,0.2124,1024,cleanup,True,263864,0,0,layerkeysort_v4_groups_diagnostics,V3
16416,3,5120,1,0.018,1024,build,True,16416,8224,0,layerkeysort_v4_groups_diagnostics,V4
16466,4,0,1,0.0069,1024,capture,True,24690,16466,0,layerkeysort_v4_groups_diagnostics,V4
8224,2,512,1,0.0013,1024,merge,True,24690,8224,0,layerkeysort_v4_groups_diagnostics,V4
16464,5,5120,1,0.0196,1024,batch_build,True,16464,8272,0,layerkeysort_v4_groups_diagnostics,V4
8224,2,0,1,0.0005,1024,batch_merge,True,16496,8224,0,layerkeysort_v4_groups_diagnostics,V4
0,0,0,1,0.0021,1024,cleanup,True,16496,0,0,layerkeysort_v4_groups_diagnostics,V4
0,0,132498,0,2.6553,10000,build,True,0,0,0,layerkeysort_v4_groups,V3
0,0,19998,0,2.1367,10000,merge,True,0,0,0,layerkeysort_v4_groups,V3
0,0,99290,0,2.2591,10000,batch_build,True,0,0,0,layerkeysort_v4_groups,V3
0,0,46373,0,2.4991,10000,batch_merge,True,0,0,0,layerkeysort_v4_groups,V3
0,0,46373,0,2.066,10000,cleanup,True,0,0,0,layerkeysort_v4_groups,V3
0,0,122499,0,0.3562,10000,build,True,0,0,0,layerkeysort_v4_groups,V4
0,0,0,0,0.068,10000,capture,True,0,0,0,layerkeysort_v4_groups,V4
0,0,9999,0,0.0372,10000,merge,True,0,0,0,layerkeysort_v4_groups,V4
0,0,89300,0,0.2697,10000,batch_build,True,0,0,0,layerkeysort_v4_groups,V4
0,0,36374,0,0.1007,10000,batch_merge,True,0,0,0,layerkeysort_v4_groups,V4
0,0,36374,0,0.0095,10000,cleanup,True,0,0,0,layerkeysort_v4_groups,V4
0,0,132498,0,2.5053,10000,build,True,0,0,1,layerkeysort_v4_groups,V3
0,0,19998,0,1.9862,10000,merge,True,0,0,1,layerkeysort_v4_groups,V3
0,0,99290,0,2.2791,10000,batch_build,True,0,0,1,layerkeysort_v4_groups,V3
0,0,46373,0,2.0067,10000,batch_merge,True,0,0,1,layerkeysort_v4_groups,V3
0,0,46373,0,1.1851,10000,cleanup,True,0,0,1,layerkeysort_v4_groups,V3
0,0,122499,0,0.3284,10000,build,True,0,0,1,layerkeysort_v4_groups,V4
0,0,0,0,0.0494,10000,capture,True,0,0,1,layerkeysort_v4_groups,V4
0,0,9999,0,0.0338,10000,merge,True,0,0,1,layerkeysort_v4_groups,V4
0,0,89300,0,0.2601,10000,batch_build,True,0,0,1,layerkeysort_v4_groups,V4
0,0,36374,0,0.1006,10000,batch_merge,True,0,0,1,layerkeysort_v4_groups,V4
0,0,36374,0,0.0094,10000,cleanup,True,0,0,1,layerkeysort_v4_groups,V4
0,0,132498,0,2.6295,10000,build,True,0,0,2,layerkeysort_v4_groups,V3
0,0,19998,0,2.1167,10000,merge,True,0,0,2,layerkeysort_v4_groups,V3
0,0,99290,0,2.0812,10000,batch_build,True,0,0,2,layerkeysort_v4_groups,V3
0,0,46373,0,1.9911,10000,batch_merge,True,0,0,2,layerkeysort_v4_groups,V3
0,0,46373,0,1.1706,10000,cleanup,True,0,0,2,layerkeysort_v4_groups,V3
0,0,122499,0,0.321,10000,build,True,0,0,2,layerkeysort_v4_groups,V4
0,0,0,0,0.0461,10000,capture,True,0,0,2,layerkeysort_v4_groups,V4
0,0,9999,0,0.0336,10000,merge,True,0,0,2,layerkeysort_v4_groups,V4
0,0,89300,0,0.3099,10000,batch_build,True,0,0,2,layerkeysort_v4_groups,V4
0,0,36374,0,0.1002,10000,batch_merge,True,0,0,2,layerkeysort_v4_groups,V4
0,0,36374,0,0.0094,10000,cleanup,True,0,0,2,layerkeysort_v4_groups,V4
1822504,39979,132498,0,2.9728,10000,build,True,1428536,1268560,0,layerkeysort_v4_groups_diagnostics,V3
1742504,39978,19998,0,3.3551,10000,merge,True,2685656,1268560,0,layerkeysort_v4_groups_diagnostics,V3
1665152,39792,99290,0,2.595,10000,batch_build,True,1178232,1165712,0,layerkeysort_v4_groups_diagnostics,V3
1822584,39980,46373,0,2.6754,10000,batch_merge,True,2674328,1268560,0,layerkeysort_v4_groups_diagnostics,V3
0,0,46373,0,1.9577,10000,cleanup,True,2674328,0,0,layerkeysort_v4_groups_diagnostics,V3
160032,3,122499,0,0.3237,10000,build,True,160032,80032,0,layerkeysort_v4_groups_diagnostics,V4
160082,4,0,0,0.0513,10000,capture,True,240114,160082,0,layerkeysort_v4_groups_diagnostics,V4
80032,2,9999,0,0.0396,10000,merge,True,240114,80032,0,layerkeysort_v4_groups_diagnostics,V4
160440,32,89300,0,0.3019,10000,batch_build,True,86712,80440,0,layerkeysort_v4_groups_diagnostics,V4
160032,3,36374,0,0.105,10000,batch_merge,True,240472,80032,0,layerkeysort_v4_groups_diagnostics,V4
0,0,36374,0,0.0188,10000,cleanup,True,240472,0,0,layerkeysort_v4_groups_diagnostics,V4
0,0,74607,1,2.3441,10000,build,True,0,0,0,layerkeysort_v4_groups,V3
0,0,14999,1,1.9694,10000,merge,True,0,0,0,layerkeysort_v4_groups,V3
0,0,59718,1,1.8817,10000,batch_build,True,0,0,0,layerkeysort_v4_groups,V3
0,0,31503,1,2.0161,10000,batch_merge,True,0,0,0,layerkeysort_v4_groups,V3
0,0,31503,1,1.4924,10000,cleanup,True,0,0,0,layerkeysort_v4_groups,V3
0,0,64608,1,0.233,10000,build,True,0,0,0,layerkeysort_v4_groups,V4
0,0,0,1,0.052,10000,capture,True,0,0,0,layerkeysort_v4_groups,V4
0,0,5000,1,0.0291,10000,merge,True,0,0,0,layerkeysort_v4_groups,V4
0,0,49728,1,0.1704,10000,batch_build,True,0,0,0,layerkeysort_v4_groups,V4
0,0,21504,1,0.0796,10000,batch_merge,True,0,0,0,layerkeysort_v4_groups,V4
0,0,21504,1,0.0102,10000,cleanup,True,0,0,0,layerkeysort_v4_groups,V4
0,0,74607,1,2.3457,10000,build,True,0,0,1,layerkeysort_v4_groups,V3
0,0,14999,1,2.1547,10000,merge,True,0,0,1,layerkeysort_v4_groups,V3
0,0,59718,1,2.0113,10000,batch_build,True,0,0,1,layerkeysort_v4_groups,V3
0,0,31503,1,2.9831,10000,batch_merge,True,0,0,1,layerkeysort_v4_groups,V3
0,0,31503,1,1.9498,10000,cleanup,True,0,0,1,layerkeysort_v4_groups,V3
0,0,64608,1,0.2831,10000,build,True,0,0,1,layerkeysort_v4_groups,V4
0,0,0,1,0.0483,10000,capture,True,0,0,1,layerkeysort_v4_groups,V4
0,0,5000,1,0.0258,10000,merge,True,0,0,1,layerkeysort_v4_groups,V4
0,0,49728,1,0.1647,10000,batch_build,True,0,0,1,layerkeysort_v4_groups,V4
0,0,21504,1,0.0748,10000,batch_merge,True,0,0,1,layerkeysort_v4_groups,V4
0,0,21504,1,0.0057,10000,cleanup,True,0,0,1,layerkeysort_v4_groups,V4
0,0,74607,1,2.5298,10000,build,True,0,0,2,layerkeysort_v4_groups,V3
0,0,14999,1,2.0507,10000,merge,True,0,0,2,layerkeysort_v4_groups,V3
0,0,59718,1,2.5246,10000,batch_build,True,0,0,2,layerkeysort_v4_groups,V3
0,0,31503,1,2.109,10000,batch_merge,True,0,0,2,layerkeysort_v4_groups,V3
0,0,31503,1,1.1852,10000,cleanup,True,0,0,2,layerkeysort_v4_groups,V3
0,0,64608,1,0.2126,10000,build,True,0,0,2,layerkeysort_v4_groups,V4
0,0,0,1,0.0434,10000,capture,True,0,0,2,layerkeysort_v4_groups,V4
0,0,5000,1,0.0264,10000,merge,True,0,0,2,layerkeysort_v4_groups,V4
0,0,49728,1,0.1707,10000,batch_build,True,0,0,2,layerkeysort_v4_groups,V4
0,0,21504,1,0.0754,10000,batch_merge,True,0,0,2,layerkeysort_v4_groups,V4
0,0,21504,1,0.0043,10000,cleanup,True,0,0,2,layerkeysort_v4_groups,V4
1822504,39979,74607,1,3.1125,10000,build,True,1428536,1268560,0,layerkeysort_v4_groups_diagnostics,V3
1742504,39978,14999,1,2.7824,10000,merge,True,2685656,1268560,0,layerkeysort_v4_groups_diagnostics,V3
1665152,39792,59718,1,2.4206,10000,batch_build,True,1178232,1165712,0,layerkeysort_v4_groups_diagnostics,V3
1822584,39980,31503,1,2.7018,10000,batch_merge,True,2674328,1268560,0,layerkeysort_v4_groups_diagnostics,V3
0,0,31503,1,1.4096,10000,cleanup,True,2674328,0,0,layerkeysort_v4_groups_diagnostics,V3
160032,3,64608,1,0.2133,10000,build,True,160032,80032,0,layerkeysort_v4_groups_diagnostics,V4
160082,4,0,1,0.0459,10000,capture,True,240114,160082,0,layerkeysort_v4_groups_diagnostics,V4
80032,2,5000,1,0.0272,10000,merge,True,240114,80032,0,layerkeysort_v4_groups_diagnostics,V4
160440,32,49728,1,0.1626,10000,batch_build,True,86712,80440,0,layerkeysort_v4_groups_diagnostics,V4
160032,3,21504,1,0.0763,10000,batch_merge,True,240472,80032,0,layerkeysort_v4_groups_diagnostics,V4
0,0,21504,1,0.0095,10000,cleanup,True,240472,0,0,layerkeysort_v4_groups_diagnostics,V4
0,0,1654718,0,37.2672,100000,build,True,0,0,0,layerkeysort_v4_groups,V3
0,0,199998,0,56.5246,100000,merge,True,0,0,0,layerkeysort_v4_groups,V3
0,0,995818,0,20.9632,100000,batch_build,True,0,0,0,layerkeysort_v4_groups,V3
0,0,793099,0,37.4463,100000,batch_merge,True,0,0,0,layerkeysort_v4_groups,V3
0,0,793099,0,28.9387,100000,cleanup,True,0,0,0,layerkeysort_v4_groups,V3
0,0,1554719,0,3.8838,100000,build,True,0,0,0,layerkeysort_v4_groups,V4
0,0,0,0,0.3527,100000,capture,True,0,0,0,layerkeysort_v4_groups,V4
0,0,99999,0,0.3268,100000,merge,True,0,0,0,layerkeysort_v4_groups,V4
0,0,895916,0,2.2831,100000,batch_build,True,0,0,0,layerkeysort_v4_groups,V4
0,0,693100,0,1.587,100000,batch_merge,True,0,0,0,layerkeysort_v4_groups,V4
0,0,693100,0,0.1089,100000,cleanup,True,0,0,0,layerkeysort_v4_groups,V4
0,0,1654718,0,44.6672,100000,build,True,0,0,1,layerkeysort_v4_groups,V3
0,0,199998,0,33.4493,100000,merge,True,0,0,1,layerkeysort_v4_groups,V3
0,0,995818,0,22.114,100000,batch_build,True,0,0,1,layerkeysort_v4_groups,V3
0,0,793099,0,33.4785,100000,batch_merge,True,0,0,1,layerkeysort_v4_groups,V3
0,0,793099,0,26.2109,100000,cleanup,True,0,0,1,layerkeysort_v4_groups,V3
0,0,1554719,0,3.7366,100000,build,True,0,0,1,layerkeysort_v4_groups,V4
0,0,0,0,0.4277,100000,capture,True,0,0,1,layerkeysort_v4_groups,V4
0,0,99999,0,0.3869,100000,merge,True,0,0,1,layerkeysort_v4_groups,V4
0,0,895916,0,2.2048,100000,batch_build,True,0,0,1,layerkeysort_v4_groups,V4
0,0,693100,0,1.526,100000,batch_merge,True,0,0,1,layerkeysort_v4_groups,V4
0,0,693100,0,0.1159,100000,cleanup,True,0,0,1,layerkeysort_v4_groups,V4
0,0,1654718,0,60.0714,100000,build,True,0,0,2,layerkeysort_v4_groups,V3
0,0,199998,0,33.0523,100000,merge,True,0,0,2,layerkeysort_v4_groups,V3
0,0,995818,0,19.4649,100000,batch_build,True,0,0,2,layerkeysort_v4_groups,V3
0,0,793099,0,35.0998,100000,batch_merge,True,0,0,2,layerkeysort_v4_groups,V3
0,0,793099,0,24.2407,100000,cleanup,True,0,0,2,layerkeysort_v4_groups,V3
0,0,1554719,0,4.4503,100000,build,True,0,0,2,layerkeysort_v4_groups,V4
0,0,0,0,0.9063,100000,capture,True,0,0,2,layerkeysort_v4_groups,V4
0,0,99999,0,0.3245,100000,merge,True,0,0,2,layerkeysort_v4_groups,V4
0,0,895916,0,2.2393,100000,batch_build,True,0,0,2,layerkeysort_v4_groups,V4
0,0,693100,0,1.5524,100000,batch_merge,True,0,0,2,layerkeysort_v4_groups,V4
0,0,693100,0,0.1474,100000,cleanup,True,0,0,2,layerkeysort_v4_groups,V4
20997576,399979,1654718,0,49.6403,100000,build,True,16349840,14749864,0,layerkeysort_v4_groups_diagnostics,V3
20197576,399978,199998,0,47.0567,100000,merge,True,30649568,14749864,0,layerkeysort_v4_groups_diagnostics,V3
16686952,397944,995818,0,41.8573,100000,batch_build,True,11690920,11680192,0,layerkeysort_v4_groups_diagnostics,V3
20998360,399980,793099,0,57.1785,100000,batch_merge,True,28830816,14749864,0,layerkeysort_v4_groups_diagnostics,V3
0,0,793099,0,37.8045,100000,cleanup,True,28830816,0,0,layerkeysort_v4_groups_diagnostics,V3
1600032,3,1554719,0,3.7659,100000,build,True,1600032,800032,0,layerkeysort_v4_groups_diagnostics,V4
1600082,4,0,0,0.3664,100000,capture,True,2400114,1600082,0,layerkeysort_v4_groups_diagnostics,V4
800032,2,99999,0,0.316,100000,merge,True,2400114,800032,0,layerkeysort_v4_groups_diagnostics,V4
1603960,296,895916,0,2.1828,100000,batch_build,True,809336,803960,0,layerkeysort_v4_groups_diagnostics,V4
1600032,3,693100,0,1.4643,100000,batch_merge,True,2403992,800032,0,layerkeysort_v4_groups_diagnostics,V4
0,0,693100,0,0.1749,100000,cleanup,True,2403992,0,0,layerkeysort_v4_groups_diagnostics,V4
0,0,915023,1,30.7346,100000,build,True,0,0,0,layerkeysort_v4_groups,V3
0,0,149999,1,32.6336,100000,merge,True,0,0,0,layerkeysort_v4_groups,V3
0,0,599566,1,19.5966,100000,batch_build,True,0,0,0,layerkeysort_v4_groups,V3
0,0,477855,1,30.7227,100000,batch_merge,True,0,0,0,layerkeysort_v4_groups,V3
0,0,477855,1,26.0378,100000,cleanup,True,0,0,0,layerkeysort_v4_groups,V3
0,0,815024,1,2.686,100000,build,True,0,0,0,layerkeysort_v4_groups,V4
0,0,0,1,0.3877,100000,capture,True,0,0,0,layerkeysort_v4_groups,V4
0,0,50000,1,0.1978,100000,merge,True,0,0,0,layerkeysort_v4_groups,V4
0,0,499664,1,2.0464,100000,batch_build,True,0,0,0,layerkeysort_v4_groups,V4
0,0,377856,1,0.9181,100000,batch_merge,True,0,0,0,layerkeysort_v4_groups,V4
0,0,377856,1,0.144,100000,cleanup,True,0,0,0,layerkeysort_v4_groups,V4
0,0,915023,1,35.1502,100000,build,True,0,0,1,layerkeysort_v4_groups,V3
0,0,149999,1,42.1639,100000,merge,True,0,0,1,layerkeysort_v4_groups,V3
0,0,599566,1,19.3261,100000,batch_build,True,0,0,1,layerkeysort_v4_groups,V3
0,0,477855,1,32.055,100000,batch_merge,True,0,0,1,layerkeysort_v4_groups,V3
0,0,477855,1,28.3806,100000,cleanup,True,0,0,1,layerkeysort_v4_groups,V3
0,0,815024,1,2.525,100000,build,True,0,0,1,layerkeysort_v4_groups,V4
0,0,0,1,0.3783,100000,capture,True,0,0,1,layerkeysort_v4_groups,V4
0,0,50000,1,0.1565,100000,merge,True,0,0,1,layerkeysort_v4_groups,V4
0,0,499664,1,1.6211,100000,batch_build,True,0,0,1,layerkeysort_v4_groups,V4
0,0,377856,1,1.4666,100000,batch_merge,True,0,0,1,layerkeysort_v4_groups,V4
0,0,377856,1,0.1954,100000,cleanup,True,0,0,1,layerkeysort_v4_groups,V4
0,0,915023,1,34.5786,100000,build,True,0,0,2,layerkeysort_v4_groups,V3
0,0,149999,1,35.3679,100000,merge,True,0,0,2,layerkeysort_v4_groups,V3
0,0,599566,1,19.8602,100000,batch_build,True,0,0,2,layerkeysort_v4_groups,V3
0,0,477855,1,34.4574,100000,batch_merge,True,0,0,2,layerkeysort_v4_groups,V3
0,0,477855,1,26.7601,100000,cleanup,True,0,0,2,layerkeysort_v4_groups,V3
0,0,815024,1,2.2873,100000,build,True,0,0,2,layerkeysort_v4_groups,V4
0,0,0,1,0.3876,100000,capture,True,0,0,2,layerkeysort_v4_groups,V4
0,0,50000,1,0.1735,100000,merge,True,0,0,2,layerkeysort_v4_groups,V4
0,0,499664,1,1.603,100000,batch_build,True,0,0,2,layerkeysort_v4_groups,V4
0,0,377856,1,0.9196,100000,batch_merge,True,0,0,2,layerkeysort_v4_groups,V4
0,0,377856,1,0.1271,100000,cleanup,True,0,0,2,layerkeysort_v4_groups,V4
20997576,399979,915023,1,61.9576,100000,build,True,16349840,14749864,0,layerkeysort_v4_groups_diagnostics,V3
20197576,399978,149999,1,48.0794,100000,merge,True,30649568,14749864,0,layerkeysort_v4_groups_diagnostics,V3
16686952,397944,599566,1,28.3067,100000,batch_build,True,11690920,11680192,0,layerkeysort_v4_groups_diagnostics,V3
20998360,399980,477855,1,48.416,100000,batch_merge,True,28830816,14749864,0,layerkeysort_v4_groups_diagnostics,V3
0,0,477855,1,40.4482,100000,cleanup,True,28830816,0,0,layerkeysort_v4_groups_diagnostics,V3
1600032,3,815024,1,2.3209,100000,build,True,1600032,800032,0,layerkeysort_v4_groups_diagnostics,V4
1600082,4,0,1,0.4233,100000,capture,True,2400114,1600082,0,layerkeysort_v4_groups_diagnostics,V4
800032,2,50000,1,0.178,100000,merge,True,2400114,800032,0,layerkeysort_v4_groups_diagnostics,V4
1603960,296,499664,1,1.4568,100000,batch_build,True,809336,803960,0,layerkeysort_v4_groups_diagnostics,V4
1600032,3,377856,1,0.9569,100000,batch_merge,True,2403992,800032,0,layerkeysort_v4_groups_diagnostics,V4
0,0,377856,1,0.1434,100000,cleanup,True,2403992,0,0,layerkeysort_v4_groups_diagnostics,V4
