family,initial,steps,seed,run,capacity,diagnostic,cadence,target,mutation_ms,p50_us,p95_us,p99_us,p999_us,max_us,query_ms,cleanup_ms
ascending,0,1024,7,0,64,0,0,layerkeysort_v4_trace,0.0922,0.1,0.100001,1.1,3.4,4.2,0.0299,0.035
ascending,0,1024,7,1,64,0,0,layerkeysort_v4_trace,0.1085,0.1,0.2,1.6,4.0,5.7,0.0307,0.0352
ascending,0,1024,7,2,64,0,0,layerkeysort_v4_trace,0.101,0.1,0.100001,1.8,3.900001,4.6,0.0306,0.0369
ascending,0,1024,7,0,64,1,0,layerkeysort_v4_trace_diagnostics,0.1245,0.1,0.100001,2.600001,4.0,5.1,0.0311,0.0729
descending,0,1024,7,0,64,0,0,layerkeysort_v4_trace,0.1273,0.1,0.100001,1.699999,4.3,8.8,0.0289,0.0524
descending,0,1024,7,1,64,0,0,layerkeysort_v4_trace,0.1166,0.1,0.100001,1.699999,3.9,7.0,0.0287,0.0721
descending,0,1024,7,2,64,0,0,layerkeysort_v4_trace,0.1952,0.1,0.3,2.0,5.299999,7.4,0.0282,0.0491
descending,0,1024,7,0,64,1,0,layerkeysort_v4_trace_diagnostics,0.1642,0.1,0.100001,2.700001,7.000001,8.4,0.0283,0.0715
random,0,1024,7,0,64,0,0,layerkeysort_v4_trace,0.1579,0.1,0.200001,1.1,4.1,6.400001,0.0233,0.0371
random,0,1024,7,1,64,0,0,layerkeysort_v4_trace,0.1597,0.1,0.200001,1.4,4.1,7.8,0.024,0.0372
random,0,1024,7,2,64,0,0,layerkeysort_v4_trace,0.1533,0.1,0.200001,1.4,3.300001,4.7,0.024,0.0395
random,0,1024,7,0,64,1,0,layerkeysort_v4_trace_diagnostics,0.1886,0.1,0.200001,2.100001,4.2,5.3,0.0242,0.0765
equal,0,1024,7,0,64,0,0,layerkeysort_v4_trace,0.094,0.1,0.100001,1.3,3.7,5.1,0.0299,0.035
equal,0,1024,7,1,64,0,0,layerkeysort_v4_trace,0.1007,0.1,0.100001,1.500001,4.500001,7.6,0.0303,0.0355
equal,0,1024,7,2,64,0,0,layerkeysort_v4_trace,0.1108,0.1,0.2,1.7,3.900001,6.9,0.0301,0.0355
equal,0,1024,7,0,64,1,0,layerkeysort_v4_trace_diagnostics,0.1382,0.1,0.100001,2.899999,4.699999,5.8,0.0309,0.0815
duplicates,0,1024,7,0,64,0,0,layerkeysort_v4_trace,0.2302,0.2,0.3,1.2,5.899999,9.2,0.0237,0.0369
duplicates,0,1024,7,1,64,0,0,layerkeysort_v4_trace,0.1238,0.1,0.2,0.8,4.0,4.1,0.0242,0.0368
duplicates,0,1024,7,2,64,0,0,layerkeysort_v4_trace,0.1256,0.1,0.2,1.0,3.5,5.800001,0.0234,0.0382
duplicates,0,1024,7,0,64,1,0,layerkeysort_v4_trace_diagnostics,0.159,0.1,0.200001,2.2,4.3,5.800001,0.0243,0.0754
alternating,0,1024,7,0,64,0,0,layerkeysort_v4_trace,0.1412,0.1,0.2,1.7,6.2,8.399999,0.0286,0.0363
alternating,0,1024,7,1,64,0,0,layerkeysort_v4_trace,0.1286,0.1,0.2,1.2,3.900001,5.800001,0.028,0.0361
alternating,0,1024,7,2,64,0,0,layerkeysort_v4_trace,0.1376,0.1,0.2,1.8,4.7,5.5,0.0286,0.036
alternating,0,1024,7,0,64,1,0,layerkeysort_v4_trace_diagnostics,0.1584,0.1,0.200001,2.7,4.5,6.9,0.0276,0.0733
hotspot,0,1024,7,0,64,0,0,layerkeysort_v4_trace,0.1224,0.1,0.100001,1.500001,5.100001,12.9,0.028,0.0348
hotspot,0,1024,7,1,64,0,0,layerkeysort_v4_trace,0.2227,0.100001,0.3,2.2,7.1,10.4,0.0284,0.035
hotspot,0,1024,7,2,64,0,0,layerkeysort_v4_trace,0.1233,0.1,0.100001,1.500001,4.5,8.8,0.0292,0.0353
hotspot,0,1024,7,0,64,1,0,layerkeysort_v4_trace_diagnostics,0.3218,0.1,0.4,6.2,16.399999,59.7,0.0285,0.082
timeline,1024,1024,7,0,64,0,0,layerkeysort_v4_trace,0.2509,0.1,0.100001,0.4,4.6,62.300001,0.0268,0.0711
timeline,1024,1024,7,1,64,0,0,layerkeysort_v4_trace,0.1951,0.1,0.100001,0.5,4.500001,7.3,0.0283,0.0798
timeline,1024,1024,7,2,64,0,0,layerkeysort_v4_trace,0.2022,0.1,0.100001,0.4,4.500001,7.8,0.0305,0.0742
timeline,1024,1024,7,0,64,1,0,layerkeysort_v4_trace_diagnostics,0.2556,0.1,0.2,0.7,5.3,7.4,0.0565,0.1871
priority,0,1024,7,0,64,0,0,layerkeysort_v4_trace,0.2139,0.1,0.200001,2.100001,6.3,13.6,0.0263,0.0431
priority,0,1024,7,1,64,0,0,layerkeysort_v4_trace,0.1626,0.1,0.200001,1.500001,3.6,5.4,0.0238,0.0383
priority,0,1024,7,2,64,0,0,layerkeysort_v4_trace,0.1833,0.1,0.200001,1.8,5.800001,11.3,0.024,0.0389
priority,0,1024,7,0,64,1,0,layerkeysort_v4_trace_diagnostics,0.1943,0.1,0.200001,2.799999,4.8,7.1,0.0245,0.0696
local,1024,1024,7,0,64,0,0,layerkeysort_v4_trace,0.1893,0.1,0.100001,0.399999,4.6,7.4,0.027,0.0567
local,1024,1024,7,1,64,0,0,layerkeysort_v4_trace,0.1788,0.1,0.100001,0.399999,3.7,6.8,0.0274,0.057
local,1024,1024,7,2,64,0,0,layerkeysort_v4_trace,0.2096,0.1,0.2,0.5,4.3,12.7,0.0259,0.0671
local,1024,1024,7,0,64,1,0,layerkeysort_v4_trace_diagnostics,0.2427,0.1,0.2,0.5,5.0,6.5,0.027,0.092
churn,1024,1024,7,0,64,0,0,layerkeysort_v4_trace,0.1683,0.1,0.100001,0.4,3.300001,4.6,0.0245,0.0409
churn,1024,1024,7,1,64,0,0,layerkeysort_v4_trace,0.1609,0.1,0.100001,0.3,3.4,5.0,0.0245,0.0394
churn,1024,1024,7,2,64,0,0,layerkeysort_v4_trace,0.1748,0.1,0.100001,0.3,3.6,5.5,0.025,0.0415
churn,1024,1024,7,0,64,1,0,layerkeysort_v4_trace_diagnostics,0.2184,0.1,0.100001,0.5,4.3,5.5,0.0249,0.0677
large_timeline,1024,1024,7,0,64,0,0,layerkeysort_v4_trace,0.1838,0.1,0.100001,0.4,3.9,6.4,0.0267,0.0646
large_timeline,1024,1024,7,1,64,0,0,layerkeysort_v4_trace,0.1924,0.1,0.100001,0.5,4.3,7.6,0.0268,0.0673
large_timeline,1024,1024,7,2,64,0,0,layerkeysort_v4_trace,0.1901,0.1,0.100001,0.5,4.6,7.000001,0.0266,0.0647
large_timeline,1024,1024,7,0,64,1,0,layerkeysort_v4_trace_diagnostics,0.2493,0.1,0.2,0.6,5.899999,7.400001,0.0266,0.0991
local_drag,1024,1024,7,0,64,0,0,layerkeysort_v4_trace,0.1282,0.0,0.100001,0.4,3.5,5.0,0.0311,0.0426
local_drag,1024,1024,7,1,64,0,0,layerkeysort_v4_trace,0.124,0.0,0.100001,0.4,3.1,4.9,0.0244,0.0423
local_drag,1024,1024,7,2,64,0,0,layerkeysort_v4_trace,0.2593,0.1,0.2,0.9,7.5,22.7,0.0245,0.0491
local_drag,1024,1024,7,0,64,1,0,layerkeysort_v4_trace_diagnostics,0.3225,0.1,0.200001,1.1,7.2,10.8,0.0244,0.0679
front_back,1024,1024,7,0,64,0,0,layerkeysort_v4_trace,0.2037,0.1,0.100001,0.5,5.4,8.6,0.0256,0.0456
front_back,1024,1024,7,1,64,0,0,layerkeysort_v4_trace,0.1744,0.1,0.100001,0.4,3.3,5.1,0.0263,0.0444
front_back,1024,1024,7,2,64,0,0,layerkeysort_v4_trace,0.176,0.1,0.100001,0.399999,3.6,5.1,0.0249,0.045
front_back,1024,1024,7,0,64,1,0,layerkeysort_v4_trace_diagnostics,0.2418,0.1,0.2,0.7,5.0,7.2,0.0247,0.0678
distant_drag,1024,1024,7,0,64,0,0,layerkeysort_v4_trace,0.22,0.1,0.100001,0.4,3.8,39.9,0.0255,0.0421
distant_drag,1024,1024,7,1,64,0,0,layerkeysort_v4_trace,0.2412,0.1,0.100001,0.5,4.799999,43.9,0.025,0.0442
distant_drag,1024,1024,7,2,64,0,0,layerkeysort_v4_trace,0.1852,0.1,0.100001,0.4,3.300001,5.000001,0.0238,0.0439
distant_drag,1024,1024,7,0,64,1,0,layerkeysort_v4_trace_diagnostics,0.314,0.1,0.200001,1.1,5.5,8.7,0.0247,0.0666
hotspot_drag,1024,1024,7,0,64,0,0,layerkeysort_v4_trace,0.1846,0.1,0.2,0.3,3.300001,4.8,0.0253,0.0354
hotspot_drag,1024,1024,7,1,64,0,0,layerkeysort_v4_trace,0.1851,0.1,0.2,0.399999,3.1,4.8,0.0255,0.0365
hotspot_drag,1024,1024,7,2,64,0,0,layerkeysort_v4_trace,0.1867,0.1,0.2,0.4,3.4,7.5,0.0248,0.0361
hotspot_drag,1024,1024,7,0,64,1,0,layerkeysort_v4_trace_diagnostics,0.2488,0.1,0.2,0.7,4.6,7.3,0.0259,0.0681
large_moves,1024,1024,7,0,64,0,0,layerkeysort_v4_trace,0.1855,0.1,0.100001,0.399999,3.4,5.5,0.025,0.0423
large_moves,1024,1024,7,1,64,0,0,layerkeysort_v4_trace,0.1854,0.1,0.100001,0.4,3.8,5.4,0.0248,0.0434
large_moves,1024,1024,7,2,64,0,0,layerkeysort_v4_trace,0.1958,0.1,0.2,0.5,3.8,6.0,0.0287,0.0637
large_moves,1024,1024,7,0,64,1,0,layerkeysort_v4_trace_diagnostics,0.234,0.1,0.2,0.5,4.1,5.6,0.0247,0.0648
delete_reinsert,1024,1024,7,0,64,0,0,layerkeysort_v4_trace,0.168,0.1,0.100001,0.5,3.7,5.6,0.0246,0.0405
delete_reinsert,1024,1024,7,1,64,0,0,layerkeysort_v4_trace,0.3739,0.1,0.100001,3.0,16.200001,23.3,0.0241,0.059
delete_reinsert,1024,1024,7,2,64,0,0,layerkeysort_v4_trace,0.1771,0.1,0.100001,0.5,4.8,5.299999,0.0235,0.0412
delete_reinsert,1024,1024,7,0,64,1,0,layerkeysort_v4_trace_diagnostics,0.2669,0.1,0.2,0.700001,5.800001,8.000001,0.0251,0.0651
managed_churn,1024,1024,7,0,64,0,0,layerkeysort_v4_trace,0.2265,0.1,0.2,0.4,3.4,5.8,0.0271,0.0356
managed_churn,1024,1024,7,1,64,0,0,layerkeysort_v4_trace,0.2362,0.1,0.2,0.4,3.4,4.9,0.0291,0.043
managed_churn,1024,1024,7,2,64,0,0,layerkeysort_v4_trace,0.2439,0.1,0.200001,0.499999,3.6,6.200001,0.0478,0.0464
managed_churn,1024,1024,7,0,64,1,0,layerkeysort_v4_trace_diagnostics,0.3116,0.1,0.200001,0.7,5.9,6.5,0.0279,0.0767
ascending,0,10000,7,0,64,0,0,layerkeysort_v4_trace,0.8713,0.1,0.100001,0.3,7.099999,26.0,0.043,0.363
ascending,0,10000,7,1,64,0,0,layerkeysort_v4_trace,0.8911,0.1,0.100001,0.200001,10.0,27.900001,0.0413,0.3514
ascending,0,10000,7,2,64,0,0,layerkeysort_v4_trace,0.9775,0.1,0.100001,0.3,9.3,26.7,0.042,0.3477
ascending,0,10000,7,0,64,1,0,layerkeysort_v4_trace_diagnostics,1.0866,0.1,0.100001,0.3,9.5,29.9,0.045,0.5403
descending,0,10000,7,0,64,0,0,layerkeysort_v4_trace,1.1997,0.1,0.100001,0.3,7.899999,23.8,0.0415,0.3417
descending,0,10000,7,1,64,0,0,layerkeysort_v4_trace,1.2615,0.1,0.2,0.3,8.800001,33.2,0.0413,0.3449
descending,0,10000,7,2,64,0,0,layerkeysort_v4_trace,1.2373,0.1,0.100001,0.3,10.500001,34.2,0.0414,0.3676
descending,0,10000,7,0,64,1,0,layerkeysort_v4_trace_diagnostics,1.5139,0.1,0.200001,0.3,9.6,46.599999,0.0446,0.5374
random,0,10000,7,0,64,0,0,layerkeysort_v4_trace,2.053,0.2,0.3,0.4,6.6,88.0,0.0417,0.4001
random,0,10000,7,1,64,0,0,layerkeysort_v4_trace,1.9627,0.2,0.3,0.399999,7.0,30.9,0.041,0.3989
random,0,10000,7,2,64,0,0,layerkeysort_v4_trace,2.0336,0.2,0.3,0.4,7.4,28.1,0.0418,0.4074
random,0,10000,7,0,64,1,0,layerkeysort_v4_trace_diagnostics,2.4941,0.2,0.3,0.5,10.899999,46.7,0.0426,0.586
equal,0,10000,7,0,64,0,0,layerkeysort_v4_trace,0.9824,0.1,0.100001,0.3,11.9,46.900001,0.0436,0.3566
equal,0,10000,7,1,64,0,0,layerkeysort_v4_trace,0.8983,0.1,0.100001,0.3,6.5,42.8,0.0424,0.3543
equal,0,10000,7,2,64,0,0,layerkeysort_v4_trace,1.1246,0.1,0.2,0.3,11.6,43.800001,0.0409,0.3613
equal,0,10000,7,0,64,1,0,layerkeysort_v4_trace_diagnostics,1.1317,0.1,0.100001,0.3,10.100001,32.3,0.0457,0.551
duplicates,0,10000,7,0,64,0,0,layerkeysort_v4_trace,1.2678,0.1,0.2,0.3,10.000001,26.9,0.0451,0.3909
duplicates,0,10000,7,1,64,0,0,layerkeysort_v4_trace,1.2352,0.1,0.2,0.3,8.9,25.0,0.0452,0.3566
duplicates,0,10000,7,2,64,0,0,layerkeysort_v4_trace,1.3235,0.1,0.2,0.3,9.4,74.9,0.0451,0.3684
duplicates,0,10000,7,0,64,1,0,layerkeysort_v4_trace_diagnostics,1.7095,0.1,0.200001,0.6,13.700001,39.2,0.0457,0.5957
alternating,0,10000,7,0,64,0,0,layerkeysort_v4_trace,1.3091,0.1,0.2,0.3,9.1,24.800001,0.0415,0.35
alternating,0,10000,7,1,64,0,0,layerkeysort_v4_trace,1.2556,0.1,0.2,0.3,8.3,26.7,0.0413,0.352
alternating,0,10000,7,2,64,0,0,layerkeysort_v4_trace,1.2328,0.1,0.2,0.3,6.5,27.0,0.0414,0.405
alternating,0,10000,7,0,64,1,0,layerkeysort_v4_trace_diagnostics,1.583,0.1,0.200001,0.399999,9.6,34.0,0.0415,0.5787
hotspot,0,10000,7,0,64,0,0,layerkeysort_v4_trace,0.9562,0.1,0.100001,0.3,7.2,24.9,0.041,0.3382
hotspot,0,10000,7,1,64,0,0,layerkeysort_v4_trace,1.0167,0.1,0.100001,0.3,9.0,38.2,0.0411,0.3813
hotspot,0,10000,7,2,64,0,0,layerkeysort_v4_trace,1.2294,0.1,0.100001,0.4,13.3,93.4,0.0484,0.8382
hotspot,0,10000,7,0,64,1,0,layerkeysort_v4_trace_diagnostics,1.6267,0.1,0.3,0.6,12.1,50.8,0.0532,0.8072
timeline,10000,10000,7,0,64,0,0,layerkeysort_v4_trace,3.3346,0.1,0.3,0.6,8.3,49.5,0.0674,1.1832
timeline,10000,10000,7,1,64,0,0,layerkeysort_v4_trace,2.9583,0.1,0.200001,0.4,7.4,40.200001,0.0588,1.0716
timeline,10000,10000,7,2,64,0,0,layerkeysort_v4_trace,1.9972,0.1,0.2,0.3,7.7,35.8,0.0445,0.6787
timeline,10000,10000,7,0,64,1,0,layerkeysort_v4_trace_diagnostics,2.4205,0.1,0.200001,0.3,4.8,35.2,0.0456,0.9416
priority,0,10000,7,0,64,0,0,layerkeysort_v4_trace,1.9443,0.2,0.3,0.399999,5.5,24.9,0.0418,0.4146
priority,0,10000,7,1,64,0,0,layerkeysort_v4_trace,1.9499,0.2,0.3,0.3,6.400001,24.1,0.041,0.4088
priority,0,10000,7,2,64,0,0,layerkeysort_v4_trace,2.0373,0.2,0.3,0.5,8.7,39.4,0.0414,0.4191
priority,0,10000,7,0,64,1,0,layerkeysort_v4_trace_diagnostics,2.2719,0.2,0.3,0.5,8.3,28.8,0.0429,0.6969
local,10000,10000,7,0,64,0,0,layerkeysort_v4_trace,1.7741,0.1,0.2,0.3,4.799999,24.1,0.0454,0.5383
local,10000,10000,7,1,64,0,0,layerkeysort_v4_trace,1.628,0.1,0.100001,0.200001,5.0,29.0,0.0456,0.5419
local,10000,10000,7,2,64,0,0,layerkeysort_v4_trace,1.628,0.1,0.100001,0.200001,5.1,21.6,0.0455,0.5364
local,10000,10000,7,0,64,1,0,layerkeysort_v4_trace_diagnostics,2.2556,0.1,0.2,0.3,7.3,46.800001,0.0473,0.9676
churn,10000,10000,7,0,64,0,0,layerkeysort_v4_trace,1.648,0.1,0.100001,0.200001,4.3,30.800001,0.0419,0.4042
churn,10000,10000,7,1,64,0,0,layerkeysort_v4_trace,1.7523,0.1,0.100001,0.200001,5.2,31.9,0.0422,0.4536
churn,10000,10000,7,2,64,0,0,layerkeysort_v4_trace,1.939,0.1,0.200001,0.399999,4.8,40.4,0.1202,0.8801
churn,10000,10000,7,0,64,1,0,layerkeysort_v4_trace_diagnostics,2.3124,0.1,0.2,0.3,4.3,97.4,0.0443,0.6174
large_timeline,10000,10000,7,0,64,0,0,layerkeysort_v4_trace,1.7975,0.1,0.100001,0.200001,4.7,23.2,0.0449,0.6288
large_timeline,10000,10000,7,1,64,0,0,layerkeysort_v4_trace,1.769,0.1,0.100001,0.200001,4.9,23.199999,0.0446,0.6133
large_timeline,10000,10000,7,2,64,0,0,layerkeysort_v4_trace,2.0121,0.1,0.100001,0.200001,4.9,227.0,0.0447,0.7429
large_timeline,10000,10000,7,0,64,1,0,layerkeysort_v4_trace_diagnostics,2.6946,0.1,0.200001,0.3,5.1,214.1,0.0454,1.0282
local_drag,10000,10000,7,0,64,0,0,layerkeysort_v4_trace,1.244,0.0,0.100001,0.3,4.9,40.0,0.04,0.3936
local_drag,10000,10000,7,1,64,0,0,layerkeysort_v4_trace,1.2123,0.0,0.100001,0.200001,5.0,29.3,0.0402,0.6018
local_drag,10000,10000,7,2,64,0,0,layerkeysort_v4_trace,1.2083,0.0,0.100001,0.200001,5.4,31.8,0.0402,0.3866
local_drag,10000,10000,7,0,64,1,0,layerkeysort_v4_trace_diagnostics,1.8607,0.1,0.2,0.399999,6.9,54.3,0.0425,0.6244
front_back,10000,10000,7,0,64,0,0,layerkeysort_v4_trace,2.0417,0.1,0.2,0.3,4.2,27.7,0.0468,0.4837
front_back,10000,10000,7,1,64,0,0,layerkeysort_v4_trace,2.1147,0.1,0.200001,0.399999,5.1,29.4,0.0468,0.4992
front_back,10000,10000,7,2,64,0,0,layerkeysort_v4_trace,1.7942,0.1,0.2,0.3,4.699999,29.8,0.0432,0.4318
front_back,10000,10000,7,0,64,1,0,layerkeysort_v4_trace_diagnostics,2.3753,0.1,0.200001,0.3,5.2,40.8,0.0443,0.6174
distant_drag,10000,10000,7,0,64,0,0,layerkeysort_v4_trace,1.7782,0.1,0.100001,0.200001,4.6,22.9,0.0416,0.3739
distant_drag,10000,10000,7,1,64,0,0,layerkeysort_v4_trace,1.79,0.1,0.100001,0.3,3.900001,23.2,0.0412,0.3683
distant_drag,10000,10000,7,2,64,0,0,layerkeysort_v4_trace,1.888,0.1,0.2,0.200001,4.6,51.7,0.0419,0.3815
distant_drag,10000,10000,7,0,64,1,0,layerkeysort_v4_trace_diagnostics,2.5205,0.1,0.2,0.3,4.9,220.3,0.0426,0.5384
hotspot_drag,10000,10000,7,0,64,0,0,layerkeysort_v4_trace,1.8407,0.1,0.2,0.3,4.400001,28.7,0.0422,0.4888
hotspot_drag,10000,10000,7,1,64,0,0,layerkeysort_v4_trace,1.8076,0.1,0.2,0.3,4.6,22.9,0.0416,0.3765
hotspot_drag,10000,10000,7,2,64,0,0,layerkeysort_v4_trace,1.8427,0.1,0.2,0.200001,4.7,28.3,0.0421,0.5824
hotspot_drag,10000,10000,7,0,64,1,0,layerkeysort_v4_trace_diagnostics,2.5063,0.1,0.200001,0.5,5.299999,32.0,0.0424,0.6223
large_moves,10000,10000,7,0,64,0,0,layerkeysort_v4_trace,1.9662,0.1,0.100001,0.200001,5.4,54.6,0.0491,0.3746
large_moves,10000,10000,7,1,64,0,0,layerkeysort_v4_trace,2.0341,0.1,0.2,0.3,5.6,25.5,0.0485,0.5353
large_moves,10000,10000,7,2,64,0,0,layerkeysort_v4_trace,1.8084,0.1,0.100001,0.200001,4.799999,25.4,0.041,0.4932
large_moves,10000,10000,7,0,64,1,0,layerkeysort_v4_trace_diagnostics,2.309,0.1,0.2,0.3,5.2,43.7,0.0429,0.5375
delete_reinsert,10000,10000,7,0,64,0,0,layerkeysort_v4_trace,2.0602,0.1,0.2,0.200001,4.9,219.799999,0.0412,0.3606
delete_reinsert,10000,10000,7,1,64,0,0,layerkeysort_v4_trace,1.6824,0.1,0.100001,0.3,4.6,27.0,0.0492,0.5619
delete_reinsert,10000,10000,7,2,64,0,0,layerkeysort_v4_trace,1.6265,0.1,0.100001,0.200001,4.099999,22.8,0.0414,0.3637
delete_reinsert,10000,10000,7,0,64,1,0,layerkeysort_v4_trace_diagnostics,2.4498,0.1,0.2,0.3,5.3,183.5,0.0429,0.552
managed_churn,10000,10000,7,0,64,0,0,layerkeysort_v4_trace,2.3651,0.1,0.200001,0.3,4.7,23.6,0.0427,0.4183
managed_churn,10000,10000,7,1,64,0,0,layerkeysort_v4_trace,2.2679,0.1,0.2,0.3,4.2,27.4,0.0424,0.364
managed_churn,10000,10000,7,2,64,0,0,layerkeysort_v4_trace,2.3692,0.1,0.2,0.3,5.0,43.5,0.0427,0.3583
managed_churn,10000,10000,7,0,64,1,0,layerkeysort_v4_trace_diagnostics,3.9904,0.1,0.3,0.6,9.3,332.1,0.0447,0.6406
ascending,0,100000,7,0,64,0,0,layerkeysort_v4_trace,12.2609,0.1,0.2,0.3,5.6,294.1,0.0555,3.4758
ascending,0,100000,7,1,64,0,0,layerkeysort_v4_trace,9.5536,0.1,0.100001,0.3,5.6,52.900001,0.0551,3.3627
ascending,0,100000,7,2,64,0,0,layerkeysort_v4_trace,9.3967,0.1,0.100001,0.3,4.8,68.8,0.0554,3.3661
ascending,0,100000,7,0,64,1,0,layerkeysort_v4_trace_diagnostics,13.4837,0.1,0.200001,0.399999,3.9,237.9,0.0585,5.5071
descending,0,100000,7,0,64,0,0,layerkeysort_v4_trace,16.935,0.1,0.200001,0.4,7.099999,112.4,0.0565,3.7636
descending,0,100000,7,1,64,0,0,layerkeysort_v4_trace,17.5303,0.1,0.200001,0.5,8.9,89.4,0.0732,3.854
descending,0,100000,7,2,64,0,0,layerkeysort_v4_trace,17.709,0.1,0.3,0.5,7.2,139.700001,0.057,3.9984
descending,0,100000,7,0,64,1,0,layerkeysort_v4_trace_diagnostics,21.3953,0.2,0.3,0.6,8.3,190.7,0.0575,6.3451
random,0,100000,7,0,64,0,0,layerkeysort_v4_trace,39.6811,0.3,0.6,1.1,13.899999,201.8,0.0618,6.0226
random,0,100000,7,1,64,0,0,layerkeysort_v4_trace,44.9026,0.3,0.7,1.5,11.5,4278.300001,0.0633,5.1895
random,0,100000,7,2,64,0,0,layerkeysort_v4_trace,37.4285,0.3,0.6,1.0,9.3,203.099999,0.0643,5.8217
random,0,100000,7,0,64,1,0,layerkeysort_v4_trace_diagnostics,47.5073,0.399999,0.700001,1.400001,12.9,1264.6,0.0639,7.7337
equal,0,100000,7,0,64,0,0,layerkeysort_v4_trace,9.7137,0.1,0.100001,0.3,5.999999,119.1,0.061,3.7129
equal,0,100000,7,1,64,0,0,layerkeysort_v4_trace,9.5193,0.1,0.100001,0.3,4.5,57.1,0.0554,3.988
equal,0,100000,7,2,64,0,0,layerkeysort_v4_trace,13.7171,0.1,0.200001,0.499999,7.000001,166.0,0.0832,7.0005
equal,0,100000,7,0,64,1,0,layerkeysort_v4_trace_diagnostics,13.6142,0.1,0.200001,0.3,5.7,59.800001,0.058,5.5606
duplicates,0,100000,7,0,64,0,0,layerkeysort_v4_trace,16.969,0.1,0.3,0.4,7.000001,105.2,0.0615,4.148
duplicates,0,100000,7,1,64,0,0,layerkeysort_v4_trace,17.9057,0.1,0.3,0.5,8.0,97.7,0.0595,4.4087
duplicates,0,100000,7,2,64,0,0,layerkeysort_v4_trace,17.5448,0.1,0.3,0.5,9.400001,107.1,0.0602,3.9633
duplicates,0,100000,7,0,64,1,0,layerkeysort_v4_trace_diagnostics,22.5489,0.2,0.3,0.7,7.2,155.299999,0.062,6.5334
alternating,0,100000,7,0,64,0,0,layerkeysort_v4_trace,17.0213,0.1,0.200001,0.4,5.800001,216.7,0.0661,3.5149
alternating,0,100000,7,1,64,0,0,layerkeysort_v4_trace,15.4794,0.1,0.200001,0.3,4.2,77.7,0.0589,3.7775
alternating,0,100000,7,2,64,0,0,layerkeysort_v4_trace,17.5945,0.100001,0.200001,0.4,5.8,100.599999,0.0593,3.7805
alternating,0,100000,7,0,64,1,0,layerkeysort_v4_trace_diagnostics,20.5758,0.2,0.3,0.5,5.100001,138.8,0.0586,5.7423
hotspot,0,100000,7,0,64,0,0,layerkeysort_v4_trace,10.3475,0.1,0.100001,0.3,4.4,41.7,0.0603,4.0527
hotspot,0,100000,7,1,64,0,0,layerkeysort_v4_trace,11.5074,0.1,0.2,0.3,4.899999,77.1,0.0644,3.6768
hotspot,0,100000,7,2,64,0,0,layerkeysort_v4_trace,11.2861,0.1,0.2,0.3,4.699999,110.5,0.0597,3.3704
hotspot,0,100000,7,0,64,1,0,layerkeysort_v4_trace_diagnostics,14.6944,0.1,0.200001,0.4,5.5,100.8,0.0593,6.538
timeline,100000,100000,7,0,64,0,0,layerkeysort_v4_trace,42.5398,0.1,0.7,1.4,8.8,203.2,0.0664,8.1079
timeline,100000,100000,7,1,64,0,0,layerkeysort_v4_trace,33.5315,0.1,0.4,1.0,5.3,92.499999,0.0617,7.4248
timeline,100000,100000,7,2,64,0,0,layerkeysort_v4_trace,32.7259,0.1,0.399999,0.9,6.300001,136.7,0.0634,8.311
timeline,100000,100000,7,0,64,1,0,layerkeysort_v4_trace_diagnostics,61.3316,0.2,0.8,1.7,4.7,626.3,0.0913,14.1218
priority,0,100000,7,0,64,0,0,layerkeysort_v4_trace,38.5604,0.3,0.6,1.0,7.600001,127.8,0.0669,6.1458
priority,0,100000,7,1,64,0,0,layerkeysort_v4_trace,37.5853,0.3,0.6,0.999999,11.6,162.0,0.0653,5.3981
priority,0,100000,7,2,64,0,0,layerkeysort_v4_trace,38.2043,0.3,0.6,0.9,11.0,172.3,0.0671,6.4443
priority,0,100000,7,0,64,1,0,layerkeysort_v4_trace_diagnostics,47.4409,0.4,0.7,1.3,12.2,324.3,0.0673,7.9329
local,100000,100000,7,0,64,0,0,layerkeysort_v4_trace,20.3983,0.1,0.200001,0.4,2.1,154.400001,0.0609,5.6494
local,100000,100000,7,1,64,0,0,layerkeysort_v4_trace,20.6219,0.1,0.200001,0.4,2.1,79.4,0.0781,7.189
local,100000,100000,7,2,64,0,0,layerkeysort_v4_trace,20.0549,0.1,0.200001,0.399999,2.3,141.0,0.0611,5.7776
local,100000,100000,7,0,64,1,0,layerkeysort_v4_trace_diagnostics,35.0515,0.1,0.399999,0.9,4.1,180.8,0.0811,10.2921
churn,100000,100000,7,0,64,0,0,layerkeysort_v4_trace,24.944,0.1,0.3,0.5,1.7,149.099999,0.0696,4.4581
churn,100000,100000,7,1,64,0,0,layerkeysort_v4_trace,25.4397,0.1,0.3,0.5,2.000001,206.799999,0.0649,4.7584
churn,100000,100000,7,2,64,0,0,layerkeysort_v4_trace,24.4321,0.1,0.200001,0.4,1.6,43.9,0.0654,4.3998
churn,100000,100000,7,0,64,1,0,layerkeysort_v4_trace_diagnostics,31.9213,0.1,0.3,0.5,1.8,160.4,0.0647,6.4174
large_timeline,100000,100000,7,0,64,0,0,layerkeysort_v4_trace,29.1919,0.1,0.3,0.7,2.5,64.6,0.065,7.4633
large_timeline,100000,100000,7,1,64,0,0,layerkeysort_v4_trace,27.5138,0.1,0.3,0.6,2.2,115.3,0.0623,8.503
large_timeline,100000,100000,7,2,64,0,0,layerkeysort_v4_trace,28.9117,0.1,0.3,0.8,2.899999,83.9,0.0636,7.2883
large_timeline,100000,100000,7,0,64,1,0,layerkeysort_v4_trace_diagnostics,40.021,0.100001,0.4,0.800001,2.7,127.1,0.0692,11.8704
local_drag,100000,100000,7,0,64,0,0,layerkeysort_v4_trace,14.212,0.0,0.2,0.399999,1.5,65.5,0.0631,3.5444
local_drag,100000,100000,7,1,64,0,0,layerkeysort_v4_trace,14.3196,0.0,0.2,0.399999,1.300001,149.199999,0.0628,3.5763
local_drag,100000,100000,7,2,64,0,0,layerkeysort_v4_trace,14.9317,0.1,0.2,0.4,1.8,69.7,0.0613,3.4282
local_drag,100000,100000,7,0,64,1,0,layerkeysort_v4_trace_diagnostics,17.8213,0.1,0.2,0.4,1.3,46.499999,0.0618,5.7238
front_back,100000,100000,7,0,64,0,0,layerkeysort_v4_trace,24.3979,0.1,0.3,0.7,2.3,58.3,0.0662,4.6201
front_back,100000,100000,7,1,64,0,0,layerkeysort_v4_trace,21.9662,0.1,0.200001,0.499999,1.7,80.9,0.0659,4.9542
front_back,100000,100000,7,2,64,0,0,layerkeysort_v4_trace,30.7695,0.1,0.4,1.1,3.300001,272.6,0.0657,5.1676
front_back,100000,100000,7,0,64,1,0,layerkeysort_v4_trace_diagnostics,34.0561,0.1,0.4,0.800001,3.6,104.9,0.0737,7.586
distant_drag,100000,100000,7,0,64,0,0,layerkeysort_v4_trace,29.0526,0.1,0.3,0.7,3.2,152.8,0.0628,4.3785
distant_drag,100000,100000,7,1,64,0,0,layerkeysort_v4_trace,29.0873,0.1,0.3,0.999999,5.299999,126.4,0.077,4.1954
distant_drag,100000,100000,7,2,64,0,0,layerkeysort_v4_trace,26.6302,0.1,0.3,0.7,3.1,47.699999,0.064,4.382
distant_drag,100000,100000,7,0,64,1,0,layerkeysort_v4_trace_diagnostics,36.915,0.1,0.4,0.9,4.6,210.0,0.0617,6.4665
hotspot_drag,100000,100000,7,0,64,0,0,layerkeysort_v4_trace,27.9652,0.1,0.399999,0.9,3.0,106.2,0.065,5.2339
hotspot_drag,100000,100000,7,1,64,0,0,layerkeysort_v4_trace,24.4623,0.1,0.3,0.5,2.1,220.6,0.0715,5.9342
hotspot_drag,100000,100000,7,2,64,0,0,layerkeysort_v4_trace,26.4927,0.1,0.3,0.6,3.200001,202.8,0.0842,7.4104
hotspot_drag,100000,100000,7,0,64,1,0,layerkeysort_v4_trace_diagnostics,32.6404,0.1,0.399999,0.8,2.9,158.3,0.0637,7.3086
large_moves,100000,100000,7,0,64,0,0,layerkeysort_v4_trace,29.4266,0.1,0.3,1.099999,4.4,100.7,0.0626,4.2603
large_moves,100000,100000,7,1,64,0,0,layerkeysort_v4_trace,25.8341,0.1,0.3,0.6,3.0,104.3,0.0627,4.2954
large_moves,100000,100000,7,2,64,0,0,layerkeysort_v4_trace,26.3708,0.1,0.3,0.6,3.5,102.200001,0.0635,4.2034
large_moves,100000,100000,7,0,64,1,0,layerkeysort_v4_trace_diagnostics,39.4292,0.1,0.499999,1.1,4.2,189.4,0.0641,6.3973
delete_reinsert,100000,100000,7,0,64,0,0,layerkeysort_v4_trace,25.6346,0.1,0.200001,0.6,2.6,221.5,0.0613,4.7186
delete_reinsert,100000,100000,7,1,64,0,0,layerkeysort_v4_trace,23.3204,0.1,0.200001,0.4,2.000001,72.1,0.0622,4.7247
delete_reinsert,100000,100000,7,2,64,0,0,layerkeysort_v4_trace,37.8451,0.1,0.5,1.400001,3.900001,1773.0,0.0626,4.7695
delete_reinsert,100000,100000,7,0,64,1,0,layerkeysort_v4_trace_diagnostics,33.8287,0.1,0.3,0.800001,3.1,169.3,0.064,7.0814
managed_churn,100000,100000,7,0,64,0,0,layerkeysort_v4_trace,37.506,0.100001,0.3,0.5,3.0,78.599999,0.0617,4.4042
managed_churn,100000,100000,7,1,64,0,0,layerkeysort_v4_trace,39.1657,0.100001,0.3,0.6,3.8,230.3,0.0615,4.3593
managed_churn,100000,100000,7,2,64,0,0,layerkeysort_v4_trace,40.0753,0.100001,0.3,0.6,4.7,262.899999,0.0632,4.0493
managed_churn,100000,100000,7,0,64,1,0,layerkeysort_v4_trace_diagnostics,49.9087,0.2,0.4,0.800001,5.4,240.1,0.0622,7.5941
endpoint,0,1000000,19,0,64,0,0,layerkeysort_v4_trace,107.0272,0.1,0.2,0.399999,5.3,115.5,0.0744,48.5087
endpoint,0,1000000,19,1,64,0,0,layerkeysort_v4_trace,109.384,0.1,0.2,0.399999,5.7,232.9,0.113,55.7863
endpoint,0,1000000,19,2,64,0,0,layerkeysort_v4_trace,107.3322,0.1,0.2,0.399999,5.399999,430.9,0.1242,70.1137
endpoint,0,1000000,19,0,64,1,0,layerkeysort_v4_trace_diagnostics,186.8377,0.1,0.3,0.8,7.500001,1571.4,0.1317,96.3653
equal,0,1000000,19,0,64,0,0,layerkeysort_v4_trace,138.3466,0.1,0.200001,0.4,8.0,807.9,0.1589,50.5493
equal,0,1000000,19,1,64,0,0,layerkeysort_v4_trace,136.3022,0.1,0.200001,0.4,7.8,298.7,0.0664,46.2147
equal,0,1000000,19,2,64,0,0,layerkeysort_v4_trace,134.3114,0.1,0.200001,0.4,7.7,923.5,0.0929,46.193
equal,0,1000000,19,0,64,1,0,layerkeysort_v4_trace_diagnostics,182.237,0.1,0.3,0.5,7.799999,410.9,0.1572,77.3695
long_churn,10000,1000000,19,0,64,0,0,layerkeysort_v4_trace,119.7681,0.1,0.200001,0.399999,1.4,187.8,0.0461,0.637
long_churn,10000,1000000,19,1,64,0,0,layerkeysort_v4_trace,112.5353,0.1,0.200001,0.3,1.3,216.3,0.0451,0.7361
long_churn,10000,1000000,19,2,64,0,0,layerkeysort_v4_trace,113.451,0.1,0.200001,0.3,1.3,260.600001,0.046,0.6492
long_churn,10000,1000000,19,0,64,1,0,layerkeysort_v4_trace_diagnostics,137.219199,0.1,0.200001,0.4,1.4,112.5,0.0512,0.8237
distant_drag,100001,100000,19,0,64,0,0,layerkeysort_v4_trace,28.1819,0.1,0.399999,0.8,3.2,56.1,0.0626,4.331
distant_drag,100001,100000,19,1,64,0,0,layerkeysort_v4_trace,30.0816,0.1,0.4,1.0,3.5,111.4,0.0624,3.9472
distant_drag,100001,100000,19,2,64,0,0,layerkeysort_v4_trace,27.6255,0.1,0.3,0.9,3.3,118.6,0.0623,4.2068
distant_drag,100001,100000,19,0,64,1,0,layerkeysort_v4_trace_diagnostics,37.7444,0.1,0.499999,1.3,5.000001,107.8,0.064,6.877
retained,100000,10000,19,0,64,0,0,layerkeysort_v4_trace,11.0451,0.1,0.2,0.4,4.7,251.400001,0.07,4.6329
retained,100000,10000,19,1,64,0,0,layerkeysort_v4_trace,9.9958,0.1,0.2,0.3,5.1,71.6,0.0633,4.6495
retained,100000,10000,19,2,64,0,0,layerkeysort_v4_trace,12.3195,0.1,0.2,0.4,4.0,79.4,0.0637,4.0897
retained,100000,10000,19,0,64,1,0,layerkeysort_v4_trace_diagnostics,12.9545,0.1,0.200001,0.4,4.099999,71.4,0.0654,7.0396
timeline,10000,10000,7,0,64,0,0,layerkeysort_v4_trace,1.9529,0.1,0.2,0.399999,5.0,39.3,0.045,0.6591
timeline,10000,10000,7,1,64,0,0,layerkeysort_v4_trace,1.9954,0.1,0.2,0.399999,5.3,27.7,0.0443,0.7019
timeline,10000,10000,7,2,64,0,0,layerkeysort_v4_trace,2.1661,0.1,0.200001,0.5,7.000001,33.5,0.0439,0.6817
timeline,10000,10000,7,0,64,1,0,layerkeysort_v4_trace_diagnostics,3.5981,0.1,0.3,0.5,10.8,93.2,0.0664,1.5852
timeline,10000,10000,7,0,64,0,10000,layerkeysort_v4_trace,2.1984,0.1,0.200001,0.4,6.800001,42.799999,0.0451,0.6498
timeline,10000,10000,7,1,64,0,10000,layerkeysort_v4_trace,1.7837,0.1,0.100001,0.200001,4.6,23.7,0.0448,0.6206
timeline,10000,10000,7,2,64,0,10000,layerkeysort_v4_trace,2.0196,0.1,0.2,0.3,5.1,43.5,0.0439,0.6374
timeline,10000,10000,7,0,64,1,10000,layerkeysort_v4_trace_diagnostics,2.7401,0.1,0.200001,0.3,5.100001,103.2,0.0461,0.9907
timeline,10000,10000,7,0,64,0,1000,layerkeysort_v4_trace,2.3474,0.1,0.2,0.4,7.9,46.2,0.044,0.6205
timeline,10000,10000,7,1,64,0,1000,layerkeysort_v4_trace,1.958,0.1,0.2,0.3,4.9,26.899999,0.0445,0.6318
timeline,10000,10000,7,2,64,0,1000,layerkeysort_v4_trace,2.0313,0.1,0.2,0.3,7.7,27.0,0.0445,0.6247
timeline,10000,10000,7,0,64,1,1000,layerkeysort_v4_trace_diagnostics,2.5867,0.1,0.200001,0.399999,6.6,40.100001,0.0456,0.9961
timeline,10000,10000,7,0,64,0,100,layerkeysort_v4_trace,2.1575,0.1,0.200001,0.399999,5.5,31.3,0.0665,0.6507
timeline,10000,10000,7,1,64,0,100,layerkeysort_v4_trace,2.1861,0.1,0.200001,0.4,4.400001,36.6,0.045,0.6501
timeline,10000,10000,7,2,64,0,100,layerkeysort_v4_trace,2.2084,0.1,0.200001,0.4,7.1,37.600001,0.0456,0.6387
timeline,10000,10000,7,0,64,1,100,layerkeysort_v4_trace_diagnostics,3.445,0.1,0.3,0.7,8.4,61.700001,0.0465,1.0867
churn,10000,10000,7,0,64,0,0,layerkeysort_v4_trace,1.8605,0.1,0.2,0.3,4.8,97.4,0.0417,0.4219
churn,10000,10000,7,1,64,0,0,layerkeysort_v4_trace,1.6883,0.1,0.100001,0.200001,4.3,23.000001,0.0447,0.3853
churn,10000,10000,7,2,64,0,0,layerkeysort_v4_trace,1.7288,0.1,0.2,0.3,4.0,23.3,0.0426,0.3736
churn,10000,10000,7,0,64,1,0,layerkeysort_v4_trace_diagnostics,2.5156,0.1,0.200001,0.4,5.2,58.6,0.0465,0.5818
churn,10000,10000,7,0,64,0,10000,layerkeysort_v4_trace,1.6867,0.1,0.100001,0.200001,5.000001,25.0,0.0436,0.3741
churn,10000,10000,7,1,64,0,10000,layerkeysort_v4_trace,1.8714,0.1,0.2,0.3,4.199999,25.400001,0.0419,0.3885
churn,10000,10000,7,2,64,0,10000,layerkeysort_v4_trace,1.8847,0.1,0.100001,0.200001,5.6,38.900001,0.0524,0.37
churn,10000,10000,7,0,64,1,10000,layerkeysort_v4_trace_diagnostics,2.2491,0.1,0.2,0.3,4.5,33.5,0.0441,0.6029
churn,10000,10000,7,0,64,0,1000,layerkeysort_v4_trace,1.8911,0.1,0.2,0.3,4.2,39.2,0.0416,0.3651
churn,10000,10000,7,1,64,0,1000,layerkeysort_v4_trace,1.735,0.1,0.100001,0.3,4.7,31.099999,0.0419,0.3647
churn,10000,10000,7,2,64,0,1000,layerkeysort_v4_trace,1.7775,0.1,0.2,0.3,3.900001,59.3,0.0421,0.3725
churn,10000,10000,7,0,64,1,1000,layerkeysort_v4_trace_diagnostics,2.2966,0.1,0.2,0.3,4.9,44.2,0.0437,0.5764
churn,10000,10000,7,0,64,0,100,layerkeysort_v4_trace,1.9131,0.1,0.2,0.3,4.7,25.0,0.0438,0.38
churn,10000,10000,7,1,64,0,100,layerkeysort_v4_trace,1.9946,0.1,0.200001,0.399999,4.6,26.4,0.0409,0.4425
churn,10000,10000,7,2,64,0,100,layerkeysort_v4_trace,1.9808,0.1,0.2,0.3,5.4,28.5,0.0422,0.395
churn,10000,10000,7,0,64,1,100,layerkeysort_v4_trace_diagnostics,2.93,0.1,0.3,0.5,5.399999,40.8,0.0467,0.8746
distant_drag,10000,10000,7,0,64,0,0,layerkeysort_v4_trace,1.8936,0.1,0.2,0.3,4.6,51.6,0.0413,0.3737
distant_drag,10000,10000,7,1,64,0,0,layerkeysort_v4_trace,1.8487,0.1,0.2,0.3,4.7,32.999999,0.0414,0.3595
distant_drag,10000,10000,7,2,64,0,0,layerkeysort_v4_trace,1.8454,0.1,0.100001,0.200001,4.6,25.5,0.0417,0.3722
distant_drag,10000,10000,7,0,64,1,0,layerkeysort_v4_trace_diagnostics,2.2759,0.1,0.2,0.3,4.9,35.499999,0.0428,0.5658
distant_drag,10000,10000,7,0,64,0,10000,layerkeysort_v4_trace,1.8045,0.1,0.100001,0.200001,4.699999,25.1,0.0413,0.3529
distant_drag,10000,10000,7,1,64,0,10000,layerkeysort_v4_trace,1.8335,0.1,0.100001,0.3,4.9,24.999999,0.0416,0.3572
distant_drag,10000,10000,7,2,64,0,10000,layerkeysort_v4_trace,2.1019,0.1,0.2,0.200001,5.7,235.9,0.0422,0.3584
distant_drag,10000,10000,7,0,64,1,10000,layerkeysort_v4_trace_diagnostics,2.2596,0.1,0.2,0.3,4.4,37.0,0.0437,0.5683
distant_drag,10000,10000,7,0,64,0,1000,layerkeysort_v4_trace,2.0285,0.1,0.2,0.3,4.6,24.5,0.0455,0.3654
distant_drag,10000,10000,7,1,64,0,1000,layerkeysort_v4_trace,1.8904,0.1,0.2,0.3,5.000001,29.6,0.0421,0.3672
distant_drag,10000,10000,7,2,64,0,1000,layerkeysort_v4_trace,1.8642,0.1,0.2,0.3,4.2,21.6,0.0869,0.3926
distant_drag,10000,10000,7,0,64,1,1000,layerkeysort_v4_trace_diagnostics,2.241,0.1,0.2,0.3,4.7,33.3,0.0425,0.5502
distant_drag,10000,10000,7,0,64,0,100,layerkeysort_v4_trace,2.2285,0.1,0.200001,0.3,4.8,36.400001,0.0407,0.3727
distant_drag,10000,10000,7,1,64,0,100,layerkeysort_v4_trace,2.0554,0.1,0.2,0.3,4.5,51.3,0.0413,0.3759
distant_drag,10000,10000,7,2,64,0,100,layerkeysort_v4_trace,2.4195,0.1,0.200001,0.5,6.0,43.3,0.0579,0.6655
distant_drag,10000,10000,7,0,64,1,100,layerkeysort_v4_trace_diagnostics,3.5421,0.1,0.3,0.700001,8.700001,71.4,0.0429,0.5646
V3_ascending,0,10000,7,0,64,0,0,layerkeysort_v4_trace,3.3804,0.3,0.4,0.5,15.9,31.5,0.0,0.4454
V3_ascending,0,10000,7,1,64,0,0,layerkeysort_v4_trace,3.3448,0.3,0.399999,0.5,16.100001,31.5,0.0,0.4419
V3_ascending,0,10000,7,2,64,0,0,layerkeysort_v4_trace,3.3252,0.3,0.399999,0.5,15.5,28.8,0.0,0.4867
V3_ascending,0,10000,7,0,64,1,0,layerkeysort_v4_trace_diagnostics,4.3542,0.3,0.499999,0.7,33.300001,75.1,0.0,0.5957
V3_ascending,0,100000,7,0,64,0,0,layerkeysort_v4_trace,64.2696,0.5,0.9,1.6,24.299999,224.4,0.0,6.5021
V3_ascending,0,100000,7,1,64,0,0,layerkeysort_v4_trace,64.2057,0.6,0.999999,1.3,27.0,250.0,0.0,16.6888
V3_ascending,0,100000,7,2,64,0,0,layerkeysort_v4_trace,73.7413,0.6,0.9,1.400001,31.8,543.900001,0.0,7.7035
V3_ascending,0,100000,7,0,64,1,0,layerkeysort_v4_trace_diagnostics,73.5497,0.6,1.0,1.7,38.4,375.9,0.0,28.4934
V3_descending,0,10000,7,0,64,0,0,layerkeysort_v4_trace,4.23,0.3,0.6,0.8,18.4,48.7,0.0,0.5856
V3_descending,0,10000,7,1,64,0,0,layerkeysort_v4_trace,3.7388,0.3,0.499999,0.7,16.3,35.999999,0.0,0.5004
V3_descending,0,10000,7,2,64,0,0,layerkeysort_v4_trace,3.6055,0.3,0.4,0.7,16.1,34.000001,0.0,0.5172
V3_descending,0,10000,7,0,64,1,0,layerkeysort_v4_trace_diagnostics,4.4622,0.3,0.5,0.700001,18.4,185.1,0.0,0.6417
V3_descending,0,100000,7,0,64,0,0,layerkeysort_v4_trace,51.9082,0.4,0.7,1.2,26.6,225.5,0.0,8.0402
V3_descending,0,100000,7,1,64,0,0,layerkeysort_v4_trace,55.405,0.4,0.8,1.400001,26.9,370.100001,0.0,5.3012
V3_descending,0,100000,7,2,64,0,0,layerkeysort_v4_trace,49.9533,0.4,0.7,1.2,25.1,136.5,0.0,15.3547
V3_descending,0,100000,7,0,64,1,0,layerkeysort_v4_trace_diagnostics,60.7655,0.5,0.800001,1.6,40.0,185.2,0.0,14.2199
V3_random,0,10000,7,0,64,0,0,layerkeysort_v4_trace,7.5875,0.5,0.9,1.4,24.8,871.2,0.0,0.6383
V3_random,0,10000,7,1,64,0,0,layerkeysort_v4_trace,7.4828,0.5,0.9,1.500001,24.1,877.4,0.0,0.646
V3_random,0,10000,7,2,64,0,0,layerkeysort_v4_trace,7.6055,0.5,0.9,1.500001,26.3,861.1,0.0,0.665
V3_random,0,10000,7,0,64,1,0,layerkeysort_v4_trace_diagnostics,8.6494,0.6,1.0,2.100001,33.0,1083.900001,0.0,0.861
V3_random,0,100000,7,0,64,0,0,layerkeysort_v4_trace,135.3539,1.099999,2.299999,4.1,33.3,7466.6,0.0,10.8892
V3_random,0,100000,7,1,64,0,0,layerkeysort_v4_trace,145.2228,1.1,2.3,4.3,37.399999,8124.200001,0.0,11.9661
V3_random,0,100000,7,2,64,0,0,layerkeysort_v4_trace,142.8741,1.1,2.3,4.699999,34.0,7717.5,0.0,10.604
V3_random,0,100000,7,0,64,1,0,layerkeysort_v4_trace_diagnostics,183.8683,1.300001,3.2,5.5,50.9,8225.3,0.0,43.7136
V3_equal,0,10000,7,0,64,0,0,layerkeysort_v4_trace,3.9755,0.3,0.6,0.9,19.6,39.799999,0.0,0.4944
V3_equal,0,10000,7,1,64,0,0,layerkeysort_v4_trace,3.5043,0.3,0.4,0.6,19.499999,51.1,0.0,0.4911
V3_equal,0,10000,7,2,64,0,0,layerkeysort_v4_trace,3.4491,0.3,0.399999,0.5,17.9,47.5,0.0,0.5247
V3_equal,0,10000,7,0,64,1,0,layerkeysort_v4_trace_diagnostics,4.3695,0.3,0.5,1.1,32.299999,67.0,0.0,0.7582
V3_equal,0,100000,7,0,64,0,0,layerkeysort_v4_trace,63.5782,0.5,0.9,1.2,25.400001,265.5,0.0,15.7857
V3_equal,0,100000,7,1,64,0,0,layerkeysort_v4_trace,60.95,0.5,0.800001,1.0,23.099999,111.3,0.0,5.583
V3_equal,0,100000,7,2,64,0,0,layerkeysort_v4_trace,63.9753,0.6,0.9,1.300001,23.6,146.5,0.0,4.8162
V3_equal,0,100000,7,0,64,1,0,layerkeysort_v4_trace_diagnostics,69.1338,0.6,1.1,1.4,38.7,127.3,0.0,11.9785
V3_duplicates,0,10000,7,0,64,0,0,layerkeysort_v4_trace,10.5851,0.6,2.1,6.4,28.8,1904.6,0.0,0.5925
V3_duplicates,0,10000,7,1,64,0,0,layerkeysort_v4_trace,10.2331,0.6,2.0,6.2,20.7,1849.599999,0.0,0.6227
V3_duplicates,0,10000,7,2,64,0,0,layerkeysort_v4_trace,10.8925,0.6,2.199999,6.5,29.2,1836.400001,0.0,0.7177
V3_duplicates,0,10000,7,0,64,1,0,layerkeysort_v4_trace_diagnostics,14.0959,0.7,2.6,8.4,43.3,2538.2,0.0,1.042
V3_duplicates,0,100000,7,0,64,0,0,layerkeysort_v4_trace,130.4947,0.8,2.4,7.899999,74.3,1730.5,0.0,7.0727
V3_duplicates,0,100000,7,1,64,0,0,layerkeysort_v4_trace,129.4744,0.8,2.4,7.9,66.000001,2810.999999,0.0,8.0609
V3_duplicates,0,100000,7,2,64,0,0,layerkeysort_v4_trace,130.6723,0.8,2.5,8.1,69.6,1812.799999,0.0,8.9406
V3_duplicates,0,100000,7,0,64,1,0,layerkeysort_v4_trace_diagnostics,154.0199,0.9,2.999999,9.799999,111.8,2012.7,0.0,30.9062
V3_alternating,0,10000,7,0,64,0,0,layerkeysort_v4_trace,79.1144,1.1,24.9,66.2,823.1,1786.0,0.0,0.9219
V3_alternating,0,10000,7,1,64,0,0,layerkeysort_v4_trace,86.2344,1.2,26.4,84.7,851.3,3336.5,0.0,0.7008
V3_alternating,0,10000,7,2,64,0,0,layerkeysort_v4_trace,74.5487,1.1,24.4,53.199999,815.7,1637.7,0.0,0.6554
V3_alternating,0,10000,7,0,64,1,0,layerkeysort_v4_trace_diagnostics,80.1936,1.2,26.299999,56.299999,889.4,1938.5,0.0,0.9443
V3_alternating,0,100000,7,0,64,0,0,layerkeysort_v4_trace,1916.7531,1.4,26.1,72.5,3363.7,40875.2,0.0,11.3804
V3_alternating,0,100000,7,1,64,0,0,layerkeysort_v4_trace,1901.5406,1.4,26.0,79.2,3366.6,26791.6,0.0,16.6843
V3_alternating,0,100000,7,2,64,0,0,layerkeysort_v4_trace,1885.1781,1.4,25.3,58.2,3354.9,30582.2,0.0,10.3432
V3_alternating,0,100000,7,0,64,1,0,layerkeysort_v4_trace_diagnostics,2255.0969,1.400001,27.900001,84.8,4028.4,39570.899999,0.0,27.3384
V3_priority,0,10000,7,0,64,0,0,layerkeysort_v4_trace,7.7696,0.5,0.9,1.500001,25.8,864.8,0.0,0.6886
V3_priority,0,10000,7,1,64,0,0,layerkeysort_v4_trace,7.8454,0.5,0.9,1.500001,23.8,935.6,0.0,0.6772
V3_priority,0,10000,7,2,64,0,0,layerkeysort_v4_trace,7.9257,0.5,0.9,1.6,30.2,960.8,0.0,0.6691
V3_priority,0,10000,7,0,64,1,0,layerkeysort_v4_trace_diagnostics,9.1855,0.6,1.0,2.8,38.8,1116.0,0.0,0.878
V3_priority,0,100000,7,0,64,0,0,layerkeysort_v4_trace,142.0706,1.1,2.5,4.3,35.8,6799.399999,0.0,9.0126
V3_priority,0,100000,7,1,64,0,0,layerkeysort_v4_trace,134.3456,1.1,2.0,3.2,31.4,6803.1,0.0,9.3868
V3_priority,0,100000,7,2,64,0,0,layerkeysort_v4_trace,148.4928,1.1,2.4,5.299999,37.5,8718.499999,0.0,14.6775
V3_priority,0,100000,7,0,64,1,0,layerkeysort_v4_trace_diagnostics,176.0899,1.3,3.1,5.299999,46.2,8021.5,0.0,25.6432
V3_managed_churn,10000,10000,7,0,64,0,0,layerkeysort_v4_trace,13.9193,0.5,0.9,3.0,12.8,1793.199999,0.0,0.6263
V3_managed_churn,10000,10000,7,1,64,0,0,layerkeysort_v4_trace,13.8831,0.5,0.9,3.0,13.2,1765.999999,0.0,0.6375
V3_managed_churn,10000,10000,7,2,64,0,0,layerkeysort_v4_trace,13.958,0.5,0.9,2.9,16.3,1743.3,0.0,0.6603
V3_managed_churn,10000,10000,7,0,64,1,0,layerkeysort_v4_trace_diagnostics,16.7854,0.5,1.2,3.6,19.9,2423.800001,0.0,1.0877
V3_managed_churn,100000,100000,7,0,64,0,0,layerkeysort_v4_trace,258.7854,0.8,2.2,5.399999,57.900001,4972.2,0.0,8.1839
V3_managed_churn,100000,100000,7,1,64,0,0,layerkeysort_v4_trace,268.3393,0.8,2.3,5.7,61.9,9030.9,0.0,12.4768
V3_managed_churn,100000,100000,7,2,64,0,0,layerkeysort_v4_trace,259.1714,0.8,2.2,5.2,60.9,4427.1,0.0,10.2619
V3_managed_churn,100000,100000,7,0,64,1,0,layerkeysort_v4_trace_diagnostics,332.1786,0.9,2.799999,7.7,75.800001,7530.2,0.0,32.3849
endpoint,0,10000,7,0,64,0,0,lks_capacity_64_timed_trace,1.0132,0.0,0.100001,0.3,8.0,256.1,0.043,0.4263
endpoint,0,10000,7,1,64,0,0,lks_capacity_64_timed_trace,0.8295,0.0,0.100001,0.399999,9.8,21.8,0.0423,0.3925
endpoint,0,10000,7,2,64,0,0,lks_capacity_64_timed_trace,2.0686,0.1,0.200001,0.7,15.799999,911.0,0.0502,0.5558
endpoint,0,10000,7,0,64,1,0,lks_capacity_64_diagnostic_trace,1.1708,0.1,0.100001,0.399999,12.2,36.4,0.0463,0.6197
random,0,10000,7,0,64,0,0,lks_capacity_64_timed_trace,2.0626,0.2,0.3,0.4,9.6,76.1,0.0417,0.4299
random,0,10000,7,1,64,0,0,lks_capacity_64_timed_trace,2.0647,0.2,0.3,0.4,8.6,59.999999,0.0414,0.4271
random,0,10000,7,2,64,0,0,lks_capacity_64_timed_trace,2.0127,0.2,0.3,0.4,8.3,26.1,0.0416,0.4191
random,0,10000,7,0,64,1,0,lks_capacity_64_diagnostic_trace,2.4026,0.2,0.3,0.5,9.4,51.3,0.0425,0.6859
local_drag,10000,10000,7,0,64,0,0,lks_capacity_64_timed_trace,1.1607,0.0,0.100001,0.200001,4.1,29.7,0.0407,0.6121
local_drag,10000,10000,7,1,64,0,0,lks_capacity_64_timed_trace,1.2278,0.0,0.100001,0.3,4.5,28.3,0.0401,0.3906
local_drag,10000,10000,7,2,64,0,0,lks_capacity_64_timed_trace,1.2064,0.0,0.100001,0.200001,3.8,82.0,0.0401,0.3797
local_drag,10000,10000,7,0,64,1,0,lks_capacity_64_diagnostic_trace,2.0406,0.1,0.100001,0.4,6.3,64.4,0.043,0.6184
distant_drag,10000,10000,7,0,64,0,0,lks_capacity_64_timed_trace,2.2142,0.1,0.2,0.200001,5.2,209.1,0.0409,0.3986
distant_drag,10000,10000,7,1,64,0,0,lks_capacity_64_timed_trace,1.8084,0.1,0.2,0.200001,4.9,23.099999,0.0411,0.3926
distant_drag,10000,10000,7,2,64,0,0,lks_capacity_64_timed_trace,1.8979,0.1,0.2,0.3,4.3,21.3,0.0495,0.6207
distant_drag,10000,10000,7,0,64,1,0,lks_capacity_64_diagnostic_trace,2.3387,0.1,0.200001,0.3,4.4,35.7,0.0424,0.6588
churn,10000,10000,7,0,64,0,0,lks_capacity_64_timed_trace,1.6971,0.1,0.100001,0.3,3.8,45.799999,0.0891,0.798
churn,10000,10000,7,1,64,0,0,lks_capacity_64_timed_trace,2.0012,0.1,0.100001,0.200001,5.6,231.3,0.0426,0.4042
churn,10000,10000,7,2,64,0,0,lks_capacity_64_timed_trace,1.7911,0.1,0.2,0.3,3.7,23.4,0.0423,0.4177
churn,10000,10000,7,0,64,1,0,lks_capacity_64_diagnostic_trace,2.261,0.1,0.200001,0.3,4.3,35.3,0.044,0.6371
equal,0,10000,7,0,64,0,0,lks_capacity_64_timed_trace,0.8963,0.1,0.100001,0.200001,7.0,49.8,0.0427,0.3916
equal,0,10000,7,1,64,0,0,lks_capacity_64_timed_trace,0.8541,0.1,0.100001,0.200001,8.0,25.3,0.0425,0.3951
equal,0,10000,7,2,64,0,0,lks_capacity_64_timed_trace,0.9652,0.1,0.100001,0.3,9.1,71.6,0.043,0.4067
equal,0,10000,7,0,64,1,0,lks_capacity_64_diagnostic_trace,1.1239,0.1,0.100001,0.3,8.9,37.4,0.0451,0.6025
duplicates,0,10000,7,0,64,0,0,lks_capacity_64_timed_trace,1.257,0.1,0.2,0.3,8.2,38.0,0.0442,0.3988
duplicates,0,10000,7,1,64,0,0,lks_capacity_64_timed_trace,1.4867,0.1,0.200001,0.4,11.5,25.4,0.0897,0.4623
duplicates,0,10000,7,2,64,0,0,lks_capacity_64_timed_trace,2.0853,0.1,0.200001,0.9,20.7,160.7,0.0441,0.4599
duplicates,0,10000,7,0,64,1,0,lks_capacity_64_diagnostic_trace,2.5868,0.1,0.5,1.6,17.8,140.2,0.0509,0.6541
timeline,10000,10000,7,0,64,0,0,lks_capacity_64_timed_trace,2.0443,0.1,0.2,0.4,5.4,27.7,0.0458,0.6288
timeline,10000,10000,7,1,64,0,0,lks_capacity_64_timed_trace,2.4173,0.1,0.200001,0.4,7.4,31.600001,0.0472,0.6775
timeline,10000,10000,7,2,64,0,0,lks_capacity_64_timed_trace,2.1539,0.1,0.2,0.3,6.400001,34.7,0.0463,0.8476
timeline,10000,10000,7,0,64,1,0,lks_capacity_64_diagnostic_trace,2.8641,0.1,0.200001,0.4,7.9,63.0,0.0461,1.0523
endpoint,0,10000,7,0,128,0,0,lks_capacity_128_timed_trace,0.9062,0.1,0.100001,0.3,8.7,27.6,0.0381,0.4798
endpoint,0,10000,7,1,128,0,0,lks_capacity_128_timed_trace,0.8656,0.1,0.100001,0.200001,8.5,23.7,0.0382,0.4816
endpoint,0,10000,7,2,128,0,0,lks_capacity_128_timed_trace,0.9441,0.1,0.100001,0.3,8.8,45.0,0.0376,0.4693
endpoint,0,10000,7,0,128,1,0,lks_capacity_128_diagnostic_trace,1.6644,0.1,0.3,0.7,11.6,89.0,0.0501,0.9195
random,0,10000,7,0,128,0,0,lks_capacity_128_timed_trace,2.1632,0.2,0.3,0.4,9.2,31.5,0.0381,0.6738
random,0,10000,7,1,128,0,0,lks_capacity_128_timed_trace,2.2888,0.2,0.3,0.4,9.8,84.0,0.0391,0.5565
random,0,10000,7,2,128,0,0,lks_capacity_128_timed_trace,2.233,0.2,0.3,0.499999,9.0,31.4,0.0388,0.5796
random,0,10000,7,0,128,1,0,lks_capacity_128_diagnostic_trace,2.6479,0.200001,0.399999,0.6,10.100001,35.999999,0.0404,0.7442
local_drag,10000,10000,7,0,128,0,0,lks_capacity_128_timed_trace,1.2958,0.0,0.100001,0.200001,4.8,25.6,0.0344,0.5014
local_drag,10000,10000,7,1,128,0,0,lks_capacity_128_timed_trace,1.2341,0.0,0.100001,0.200001,4.199999,23.199999,0.0337,0.4863
local_drag,10000,10000,7,2,128,0,0,lks_capacity_128_timed_trace,1.3091,0.0,0.100001,0.200001,5.800001,27.1,0.034,0.5169
local_drag,10000,10000,7,0,128,1,0,lks_capacity_128_diagnostic_trace,1.8342,0.1,0.100001,0.3,5.899999,44.699999,0.0371,0.6637
distant_drag,10000,10000,7,0,128,0,0,lks_capacity_128_timed_trace,3.0518,0.1,0.200001,0.3,4.0,35.5,0.0466,0.7915
distant_drag,10000,10000,7,1,128,0,0,lks_capacity_128_timed_trace,2.4852,0.1,0.200001,0.3,5.5,41.0,0.0409,0.6147
distant_drag,10000,10000,7,2,128,0,0,lks_capacity_128_timed_trace,2.5409,0.1,0.200001,0.399999,4.1,34.6,0.0452,0.5804
distant_drag,10000,10000,7,0,128,1,0,lks_capacity_128_diagnostic_trace,3.1017,0.1,0.3,0.6,5.6,45.5,0.0402,0.96
churn,10000,10000,7,0,128,0,0,lks_capacity_128_timed_trace,2.7311,0.1,0.200001,0.7,4.8,64.700001,0.0386,0.6114
churn,10000,10000,7,1,128,0,0,lks_capacity_128_timed_trace,3.1612,0.1,0.3,0.6,8.8,75.200001,0.0425,0.678
churn,10000,10000,7,2,128,0,0,lks_capacity_128_timed_trace,2.323,0.1,0.200001,0.3,4.9,30.499999,0.0394,0.5539
churn,10000,10000,7,0,128,1,0,lks_capacity_128_diagnostic_trace,2.9594,0.1,0.200001,0.5,7.3,75.200001,0.0407,0.6893
equal,0,10000,7,0,128,0,0,lks_capacity_128_timed_trace,0.9749,0.1,0.100001,0.200001,9.5,24.299999,0.0377,0.5014
equal,0,10000,7,1,128,0,0,lks_capacity_128_timed_trace,0.9588,0.1,0.100001,0.3,8.7,25.6,0.0377,0.5153
equal,0,10000,7,2,128,0,0,lks_capacity_128_timed_trace,0.9153,0.1,0.100001,0.200001,7.299999,21.700001,0.0384,0.5008
equal,0,10000,7,0,128,1,0,lks_capacity_128_diagnostic_trace,1.1725,0.1,0.100001,0.3,9.4,26.799999,0.0388,0.6642
duplicates,0,10000,7,0,128,0,0,lks_capacity_128_timed_trace,1.372,0.1,0.200001,0.3,7.5,22.8,0.039,0.4949
duplicates,0,10000,7,1,128,0,0,lks_capacity_128_timed_trace,1.3429,0.1,0.200001,0.3,7.2,23.199999,0.0386,0.499
duplicates,0,10000,7,2,128,0,0,lks_capacity_128_timed_trace,1.376,0.1,0.200001,0.3,7.8,23.600001,0.0388,0.4924
duplicates,0,10000,7,0,128,1,0,lks_capacity_128_diagnostic_trace,1.6725,0.1,0.200001,0.3,7.899999,27.1,0.0484,0.6766
timeline,10000,10000,7,0,128,0,0,lks_capacity_128_timed_trace,2.1124,0.1,0.2,0.3,4.1,23.299999,0.0407,0.872
timeline,10000,10000,7,1,128,0,0,lks_capacity_128_timed_trace,2.3505,0.1,0.200001,0.3,5.1,125.5,0.0403,0.8719
timeline,10000,10000,7,2,128,0,0,lks_capacity_128_timed_trace,2.2892,0.1,0.200001,0.399999,5.3,43.8,0.0405,0.8637
timeline,10000,10000,7,0,128,1,0,lks_capacity_128_diagnostic_trace,3.0893,0.1,0.3,0.4,7.9,47.0,0.0413,1.2157
endpoint,0,10000,7,0,256,0,0,lks_capacity_256_timed_trace,1.2324,0.1,0.100001,0.3,12.4,28.3,0.03,0.7853
endpoint,0,10000,7,1,256,0,0,lks_capacity_256_timed_trace,1.25,0.1,0.100001,0.3,10.600001,27.0,0.0302,1.0553
endpoint,0,10000,7,2,256,0,0,lks_capacity_256_timed_trace,1.1745,0.1,0.100001,0.3,10.6,23.9,0.0297,0.8035
endpoint,0,10000,7,0,256,1,0,lks_capacity_256_diagnostic_trace,1.5625,0.1,0.2,0.3,10.799999,240.4,0.0309,0.9034
random,0,10000,7,0,256,0,0,lks_capacity_256_timed_trace,2.7937,0.200001,0.3,0.499999,11.7,229.300001,0.0281,0.9546
random,0,10000,7,1,256,0,0,lks_capacity_256_timed_trace,2.5063,0.200001,0.3,0.5,9.0,25.6,0.0285,0.894
random,0,10000,7,2,256,0,0,lks_capacity_256_timed_trace,2.7311,0.200001,0.3,0.6,13.0,74.2,0.0288,0.8967
random,0,10000,7,0,256,1,0,lks_capacity_256_diagnostic_trace,4.1382,0.3,0.7,1.6,35.6,134.2,0.0298,1.1311
local_drag,10000,10000,7,0,256,0,0,lks_capacity_256_timed_trace,2.1547,0.1,0.2,0.4,7.3,85.9,0.0268,0.7815
local_drag,10000,10000,7,1,256,0,0,lks_capacity_256_timed_trace,1.5138,0.1,0.100001,0.3,3.1,23.0,0.0273,1.2835
local_drag,10000,10000,7,2,256,0,0,lks_capacity_256_timed_trace,1.6906,0.1,0.100001,0.3,5.6,31.099999,0.0276,0.8411
local_drag,10000,10000,7,0,256,1,0,lks_capacity_256_diagnostic_trace,2.7289,0.1,0.200001,0.4,6.8,90.799999,0.0427,1.6749
distant_drag,10000,10000,7,0,256,0,0,lks_capacity_256_timed_trace,3.3722,0.100001,0.3,0.4,3.8,52.2,0.0277,0.7875
distant_drag,10000,10000,7,1,256,0,0,lks_capacity_256_timed_trace,3.6159,0.100001,0.3,0.399999,5.9,226.5,0.0277,0.8112
distant_drag,10000,10000,7,2,256,0,0,lks_capacity_256_timed_trace,3.2764,0.100001,0.3,0.3,3.3,22.6,0.0278,1.0159
distant_drag,10000,10000,7,0,256,1,0,lks_capacity_256_diagnostic_trace,4.1591,0.2,0.3,0.7,4.500001,105.7,0.0285,0.9979
churn,10000,10000,7,0,256,0,0,lks_capacity_256_timed_trace,2.7488,0.1,0.200001,0.3,3.6,34.4,0.0325,0.7563
churn,10000,10000,7,1,256,0,0,lks_capacity_256_timed_trace,2.7642,0.1,0.200001,0.3,4.1,31.0,0.0264,0.821
churn,10000,10000,7,2,256,0,0,lks_capacity_256_timed_trace,2.6584,0.1,0.200001,0.3,3.7,36.4,0.0261,1.6382
churn,10000,10000,7,0,256,1,0,lks_capacity_256_diagnostic_trace,3.425,0.100001,0.3,0.4,5.0,41.900001,0.0279,0.9477
equal,0,10000,7,0,256,0,0,lks_capacity_256_timed_trace,1.152,0.1,0.100001,0.200001,8.4,22.499999,0.0299,0.8387
equal,0,10000,7,1,256,0,0,lks_capacity_256_timed_trace,1.1258,0.1,0.100001,0.3,8.399999,22.5,0.0302,0.8162
equal,0,10000,7,2,256,0,0,lks_capacity_256_timed_trace,1.1845,0.1,0.100001,0.3,8.1,47.6,0.0352,0.8197
equal,0,10000,7,0,256,1,0,lks_capacity_256_diagnostic_trace,1.3997,0.1,0.2,0.399999,9.4,34.799999,0.0322,0.9417
duplicates,0,10000,7,0,256,0,0,lks_capacity_256_timed_trace,2.1013,0.2,0.4,0.6,13.0,40.3,0.0282,0.8472
duplicates,0,10000,7,1,256,0,0,lks_capacity_256_timed_trace,2.1301,0.2,0.3,0.4,9.699999,37.6,0.0345,1.5104
duplicates,0,10000,7,2,256,0,0,lks_capacity_256_timed_trace,1.8482,0.2,0.200001,0.4,11.399999,34.4,0.0331,0.8267
duplicates,0,10000,7,0,256,1,0,lks_capacity_256_diagnostic_trace,2.3943,0.2,0.3,0.5,16.200001,79.6,0.0293,0.9358
timeline,10000,10000,7,0,256,0,0,lks_capacity_256_timed_trace,3.1549,0.1,0.3,0.4,5.5,55.7,0.0309,1.4831
timeline,10000,10000,7,1,256,0,0,lks_capacity_256_timed_trace,3.2115,0.1,0.3,0.5,6.6,42.0,0.0308,1.2745
timeline,10000,10000,7,2,256,0,0,lks_capacity_256_timed_trace,2.8314,0.1,0.200001,0.3,5.800001,24.700001,0.0313,1.361
timeline,10000,10000,7,0,256,1,0,lks_capacity_256_diagnostic_trace,4.3628,0.100001,0.499999,1.2,9.5,56.2,0.0316,1.8636
