build_ms,family,full_range_relabels,initial,lk1_bytes,max_relabel_region,nodes_relabelled,operation_ms,path_bytes,path_depth_max,path_depth_sum,phase_details,reference_details,relabels,resident_count,run,steps,target
0.0,ascending,,0,,,,0.0922,,,,True,,,,0,1024,layerkeysort_v4_trace
0.0,ascending,,0,,,,0.1085,,,,True,,,,1,1024,layerkeysort_v4_trace
0.0,ascending,,0,,,,0.101,,,,True,,,,2,1024,layerkeysort_v4_trace
0.0,ascending,,0,,,,0.1245,,,,True,,,,0,1024,layerkeysort_v4_trace_diagnostics
0.0,descending,,0,,,,0.1273,,,,True,,,,0,1024,layerkeysort_v4_trace
0.0,descending,,0,,,,0.1166,,,,True,,,,1,1024,layerkeysort_v4_trace
0.0,descending,,0,,,,0.1952,,,,True,,,,2,1024,layerkeysort_v4_trace
0.0,descending,,0,,,,0.1642,,,,True,,,,0,1024,layerkeysort_v4_trace_diagnostics
0.0,random,,0,,,,0.1579,,,,True,,,,0,1024,layerkeysort_v4_trace
0.0,random,,0,,,,0.1597,,,,True,,,,1,1024,layerkeysort_v4_trace
0.0,random,,0,,,,0.1533,,,,True,,,,2,1024,layerkeysort_v4_trace
0.0,random,,0,,,,0.1886,,,,True,,,,0,1024,layerkeysort_v4_trace_diagnostics
0.0,equal,,0,,,,0.094,,,,True,,,,0,1024,layerkeysort_v4_trace
0.0,equal,,0,,,,0.1007,,,,True,,,,1,1024,layerkeysort_v4_trace
0.0,equal,,0,,,,0.1108,,,,True,,,,2,1024,layerkeysort_v4_trace
0.0,equal,,0,,,,0.1382,,,,True,,,,0,1024,layerkeysort_v4_trace_diagnostics
0.0,duplicates,,0,,,,0.2302,,,,True,,,,0,1024,layerkeysort_v4_trace
0.0,duplicates,,0,,,,0.1238,,,,True,,,,1,1024,layerkeysort_v4_trace
0.0,duplicates,,0,,,,0.1256,,,,True,,,,2,1024,layerkeysort_v4_trace
0.0,duplicates,,0,,,,0.159,,,,True,,,,0,1024,layerkeysort_v4_trace_diagnostics
0.0,alternating,,0,,,,0.1412,,,,True,,,,0,1024,layerkeysort_v4_trace
0.0,alternating,,0,,,,0.1286,,,,True,,,,1,1024,layerkeysort_v4_trace
0.0,alternating,,0,,,,0.1376,,,,True,,,,2,1024,layerkeysort_v4_trace
0.0,alternating,,0,,,,0.1584,,,,True,,,,0,1024,layerkeysort_v4_trace_diagnostics
0.0,hotspot,,0,,,,0.1224,,,,True,,,,0,1024,layerkeysort_v4_trace
0.0,hotspot,,0,,,,0.2227,,,,True,,,,1,1024,layerkeysort_v4_trace
0.0,hotspot,,0,,,,0.1233,,,,True,,,,2,1024,layerkeysort_v4_trace
0.0,hotspot,,0,,,,0.3218,,,,True,,,,0,1024,layerkeysort_v4_trace_diagnostics
0.1501,timeline,,1024,,,,0.1008,,,,True,,,,0,1024,layerkeysort_v4_trace
0.0959,timeline,,1024,,,,0.0992,,,,True,,,,1,1024,layerkeysort_v4_trace
0.0966,timeline,,1024,,,,0.1056,,,,True,,,,2,1024,layerkeysort_v4_trace
0.1323,timeline,,1024,,,,0.1233,,,,True,,,,0,1024,layerkeysort_v4_trace_diagnostics
0.0,priority,,0,,,,0.2139,,,,True,,,,0,1024,layerkeysort_v4_trace
0.0,priority,,0,,,,0.1626,,,,True,,,,1,1024,layerkeysort_v4_trace
0.0,priority,,0,,,,0.1833,,,,True,,,,2,1024,layerkeysort_v4_trace
0.0,priority,,0,,,,0.1943,,,,True,,,,0,1024,layerkeysort_v4_trace_diagnostics
0.09,local,,1024,,,,0.0993,,,,True,,,,0,1024,layerkeysort_v4_trace
0.0863,local,,1024,,,,0.0925,,,,True,,,,1,1024,layerkeysort_v4_trace
0.089,local,,1024,,,,0.1206,,,,True,,,,2,1024,layerkeysort_v4_trace
0.1255,local,,1024,,,,0.1172,,,,True,,,,0,1024,layerkeysort_v4_trace_diagnostics
0.0934,churn,,1024,,,,0.0749,,,,True,,,,0,1024,layerkeysort_v4_trace
0.086,churn,,1024,,,,0.0749,,,,True,,,,1,1024,layerkeysort_v4_trace
0.0969,churn,,1024,,,,0.0779,,,,True,,,,2,1024,layerkeysort_v4_trace
0.1234,churn,,1024,,,,0.095,,,,True,,,,0,1024,layerkeysort_v4_trace_diagnostics
0.0888,large_timeline,,1024,,,,0.095,,,,True,,,,0,1024,layerkeysort_v4_trace
0.0931,large_timeline,,1024,,,,0.0993,,,,True,,,,1,1024,layerkeysort_v4_trace
0.0949,large_timeline,,1024,,,,0.0952,,,,True,,,,2,1024,layerkeysort_v4_trace
0.133,large_timeline,,1024,,,,0.1163,,,,True,,,,0,1024,layerkeysort_v4_trace_diagnostics
0.0873,local_drag,,1024,,,,0.0409,,,,True,,,,0,1024,layerkeysort_v4_trace
0.0868,local_drag,,1024,,,,0.0372,,,,True,,,,1,1024,layerkeysort_v4_trace
0.1813,local_drag,,1024,,,,0.078,,,,True,,,,2,1024,layerkeysort_v4_trace
0.2458,local_drag,,1024,,,,0.0767,,,,True,,,,0,1024,layerkeysort_v4_trace_diagnostics
0.1107,front_back,,1024,,,,0.093,,,,True,,,,0,1024,layerkeysort_v4_trace
0.0868,front_back,,1024,,,,0.0876,,,,True,,,,1,1024,layerkeysort_v4_trace
0.0895,front_back,,1024,,,,0.0865,,,,True,,,,2,1024,layerkeysort_v4_trace
0.1332,front_back,,1024,,,,0.1086,,,,True,,,,0,1024,layerkeysort_v4_trace_diagnostics
0.1244,distant_drag,,1024,,,,0.0956,,,,True,,,,0,1024,layerkeysort_v4_trace
0.1381,distant_drag,,1024,,,,0.1031,,,,True,,,,1,1024,layerkeysort_v4_trace
0.0865,distant_drag,,1024,,,,0.0987,,,,True,,,,2,1024,layerkeysort_v4_trace
0.2023,distant_drag,,1024,,,,0.1117,,,,True,,,,0,1024,layerkeysort_v4_trace_diagnostics
0.0876,hotspot_drag,,1024,,,,0.097,,,,True,,,,0,1024,layerkeysort_v4_trace
0.0864,hotspot_drag,,1024,,,,0.0987,,,,True,,,,1,1024,layerkeysort_v4_trace
0.0889,hotspot_drag,,1024,,,,0.0978,,,,True,,,,2,1024,layerkeysort_v4_trace
0.1328,hotspot_drag,,1024,,,,0.116,,,,True,,,,0,1024,layerkeysort_v4_trace_diagnostics
0.0892,large_moves,,1024,,,,0.0963,,,,True,,,,0,1024,layerkeysort_v4_trace
0.0909,large_moves,,1024,,,,0.0945,,,,True,,,,1,1024,layerkeysort_v4_trace
0.1005,large_moves,,1024,,,,0.0953,,,,True,,,,2,1024,layerkeysort_v4_trace
0.1209,large_moves,,1024,,,,0.1131,,,,True,,,,0,1024,layerkeysort_v4_trace_diagnostics
0.0925,delete_reinsert,,1024,,,,0.0755,,,,True,,,,0,1024,layerkeysort_v4_trace
0.2754,delete_reinsert,,1024,,,,0.0985,,,,True,,,,1,1024,layerkeysort_v4_trace
0.0991,delete_reinsert,,1024,,,,0.078,,,,True,,,,2,1024,layerkeysort_v4_trace
0.1657,delete_reinsert,,1024,,,,0.1012,,,,True,,,,0,1024,layerkeysort_v4_trace_diagnostics
0.1306,managed_churn,,1024,,,,0.0959,,,,True,,,,0,1024,layerkeysort_v4_trace
0.1368,managed_churn,,1024,,,,0.0994,,,,True,,,,1,1024,layerkeysort_v4_trace
0.1385,managed_churn,,1024,,,,0.1054,,,,True,,,,2,1024,layerkeysort_v4_trace
0.179,managed_churn,,1024,,,,0.1326,,,,True,,,,0,1024,layerkeysort_v4_trace_diagnostics
0.0,ascending,,0,,,,0.8713,,,,True,,,,0,10000,layerkeysort_v4_trace
0.0,ascending,,0,,,,0.8911,,,,True,,,,1,10000,layerkeysort_v4_trace
0.0,ascending,,0,,,,0.9775,,,,True,,,,2,10000,layerkeysort_v4_trace
0.0,ascending,,0,,,,1.0866,,,,True,,,,0,10000,layerkeysort_v4_trace_diagnostics
0.0,descending,,0,,,,1.1997,,,,True,,,,0,10000,layerkeysort_v4_trace
0.0,descending,,0,,,,1.2615,,,,True,,,,1,10000,layerkeysort_v4_trace
0.0,descending,,0,,,,1.2373,,,,True,,,,2,10000,layerkeysort_v4_trace
0.0,descending,,0,,,,1.5139,,,,True,,,,0,10000,layerkeysort_v4_trace_diagnostics
0.0,random,,0,,,,2.053,,,,True,,,,0,10000,layerkeysort_v4_trace
0.0,random,,0,,,,1.9627,,,,True,,,,1,10000,layerkeysort_v4_trace
0.0,random,,0,,,,2.0336,,,,True,,,,2,10000,layerkeysort_v4_trace
0.0,random,,0,,,,2.4941,,,,True,,,,0,10000,layerkeysort_v4_trace_diagnostics
0.0,equal,,0,,,,0.9824,,,,True,,,,0,10000,layerkeysort_v4_trace
0.0,equal,,0,,,,0.8983,,,,True,,,,1,10000,layerkeysort_v4_trace
0.0,equal,,0,,,,1.1246,,,,True,,,,2,10000,layerkeysort_v4_trace
0.0,equal,,0,,,,1.1317,,,,True,,,,0,10000,layerkeysort_v4_trace_diagnostics
0.0,duplicates,,0,,,,1.2678,,,,True,,,,0,10000,layerkeysort_v4_trace
0.0,duplicates,,0,,,,1.2352,,,,True,,,,1,10000,layerkeysort_v4_trace
0.0,duplicates,,0,,,,1.3235,,,,True,,,,2,10000,layerkeysort_v4_trace
0.0,duplicates,,0,,,,1.7095,,,,True,,,,0,10000,layerkeysort_v4_trace_diagnostics
0.0,alternating,,0,,,,1.3091,,,,True,,,,0,10000,layerkeysort_v4_trace
0.0,alternating,,0,,,,1.2556,,,,True,,,,1,10000,layerkeysort_v4_trace
0.0,alternating,,0,,,,1.2328,,,,True,,,,2,10000,layerkeysort_v4_trace
0.0,alternating,,0,,,,1.583,,,,True,,,,0,10000,layerkeysort_v4_trace_diagnostics
0.0,hotspot,,0,,,,0.9562,,,,True,,,,0,10000,layerkeysort_v4_trace
0.0,hotspot,,0,,,,1.0167,,,,True,,,,1,10000,layerkeysort_v4_trace
0.0,hotspot,,0,,,,1.2294,,,,True,,,,2,10000,layerkeysort_v4_trace
0.0,hotspot,,0,,,,1.6267,,,,True,,,,0,10000,layerkeysort_v4_trace_diagnostics
1.2982,timeline,,10000,,,,2.0364,,,,True,,,,0,10000,layerkeysort_v4_trace
1.2079,timeline,,10000,,,,1.7504,,,,True,,,,1,10000,layerkeysort_v4_trace
0.9643,timeline,,10000,,,,1.0329,,,,True,,,,2,10000,layerkeysort_v4_trace
1.002,timeline,,10000,,,,1.4185,,,,True,,,,0,10000,layerkeysort_v4_trace_diagnostics
0.0,priority,,0,,,,1.9443,,,,True,,,,0,10000,layerkeysort_v4_trace
0.0,priority,,0,,,,1.9499,,,,True,,,,1,10000,layerkeysort_v4_trace
0.0,priority,,0,,,,2.0373,,,,True,,,,2,10000,layerkeysort_v4_trace
0.0,priority,,0,,,,2.2719,,,,True,,,,0,10000,layerkeysort_v4_trace_diagnostics
0.7683,local,,10000,,,,1.0058,,,,True,,,,0,10000,layerkeysort_v4_trace
0.7338,local,,10000,,,,0.8942,,,,True,,,,1,10000,layerkeysort_v4_trace
0.7275,local,,10000,,,,0.9005,,,,True,,,,2,10000,layerkeysort_v4_trace
1.0381,local,,10000,,,,1.2175,,,,True,,,,0,10000,layerkeysort_v4_trace_diagnostics
0.7812,churn,,10000,,,,0.8668,,,,True,,,,0,10000,layerkeysort_v4_trace
0.8148,churn,,10000,,,,0.9375,,,,True,,,,1,10000,layerkeysort_v4_trace
0.7909,churn,,10000,,,,1.1481,,,,True,,,,2,10000,layerkeysort_v4_trace
1.1384,churn,,10000,,,,1.174,,,,True,,,,0,10000,layerkeysort_v4_trace_diagnostics
0.7632,large_timeline,,10000,,,,1.0343,,,,True,,,,0,10000,layerkeysort_v4_trace
0.758,large_timeline,,10000,,,,1.011,,,,True,,,,1,10000,layerkeysort_v4_trace
0.7609,large_timeline,,10000,,,,1.2512,,,,True,,,,2,10000,layerkeysort_v4_trace
1.2156,large_timeline,,10000,,,,1.479,,,,True,,,,0,10000,layerkeysort_v4_trace_diagnostics
0.8608,local_drag,,10000,,,,0.3832,,,,True,,,,0,10000,layerkeysort_v4_trace
0.8404,local_drag,,10000,,,,0.3719,,,,True,,,,1,10000,layerkeysort_v4_trace
0.8143,local_drag,,10000,,,,0.394,,,,True,,,,2,10000,layerkeysort_v4_trace
1.32,local_drag,,10000,,,,0.5407,,,,True,,,,0,10000,layerkeysort_v4_trace_diagnostics
0.9306,front_back,,10000,,,,1.1111,,,,True,,,,0,10000,layerkeysort_v4_trace
0.8452,front_back,,10000,,,,1.2695,,,,True,,,,1,10000,layerkeysort_v4_trace
0.8179,front_back,,10000,,,,0.9763,,,,True,,,,2,10000,layerkeysort_v4_trace
1.1343,front_back,,10000,,,,1.241,,,,True,,,,0,10000,layerkeysort_v4_trace_diagnostics
0.7392,distant_drag,,10000,,,,1.039,,,,True,,,,0,10000,layerkeysort_v4_trace
0.7841,distant_drag,,10000,,,,1.0059,,,,True,,,,1,10000,layerkeysort_v4_trace
0.8596,distant_drag,,10000,,,,1.0284,,,,True,,,,2,10000,layerkeysort_v4_trace
1.0804,distant_drag,,10000,,,,1.4401,,,,True,,,,0,10000,layerkeysort_v4_trace_diagnostics
0.786,hotspot_drag,,10000,,,,1.0547,,,,True,,,,0,10000,layerkeysort_v4_trace
0.7529,hotspot_drag,,10000,,,,1.0547,,,,True,,,,1,10000,layerkeysort_v4_trace
0.7811,hotspot_drag,,10000,,,,1.0616,,,,True,,,,2,10000,layerkeysort_v4_trace
1.0681,hotspot_drag,,10000,,,,1.4382,,,,True,,,,0,10000,layerkeysort_v4_trace_diagnostics
0.9575,large_moves,,10000,,,,1.0087,,,,True,,,,0,10000,layerkeysort_v4_trace
0.9073,large_moves,,10000,,,,1.1268,,,,True,,,,1,10000,layerkeysort_v4_trace
0.811,large_moves,,10000,,,,0.9974,,,,True,,,,2,10000,layerkeysort_v4_trace
1.1185,large_moves,,10000,,,,1.1905,,,,True,,,,0,10000,layerkeysort_v4_trace_diagnostics
0.9788,delete_reinsert,,10000,,,,1.0814,,,,True,,,,0,10000,layerkeysort_v4_trace
0.7865,delete_reinsert,,10000,,,,0.8959,,,,True,,,,1,10000,layerkeysort_v4_trace
0.7747,delete_reinsert,,10000,,,,0.8518,,,,True,,,,2,10000,layerkeysort_v4_trace
1.0489,delete_reinsert,,10000,,,,1.4009,,,,True,,,,0,10000,layerkeysort_v4_trace_diagnostics
1.2283,managed_churn,,10000,,,,1.1368,,,,True,,,,0,10000,layerkeysort_v4_trace
1.2115,managed_churn,,10000,,,,1.0564,,,,True,,,,1,10000,layerkeysort_v4_trace
1.2902,managed_churn,,10000,,,,1.079,,,,True,,,,2,10000,layerkeysort_v4_trace
2.6984,managed_churn,,10000,,,,1.292,,,,True,,,,0,10000,layerkeysort_v4_trace_diagnostics
0.0,ascending,,0,,,,12.2609,,,,True,,,,0,100000,layerkeysort_v4_trace
0.0,ascending,,0,,,,9.5536,,,,True,,,,1,100000,layerkeysort_v4_trace
0.0,ascending,,0,,,,9.3967,,,,True,,,,2,100000,layerkeysort_v4_trace
0.0,ascending,,0,,,,13.4837,,,,True,,,,0,100000,layerkeysort_v4_trace_diagnostics
0.0,descending,,0,,,,16.935,,,,True,,,,0,100000,layerkeysort_v4_trace
0.0,descending,,0,,,,17.5303,,,,True,,,,1,100000,layerkeysort_v4_trace
0.0,descending,,0,,,,17.709,,,,True,,,,2,100000,layerkeysort_v4_trace
0.0,descending,,0,,,,21.3953,,,,True,,,,0,100000,layerkeysort_v4_trace_diagnostics
0.0,random,,0,,,,39.6811,,,,True,,,,0,100000,layerkeysort_v4_trace
0.0,random,,0,,,,44.9026,,,,True,,,,1,100000,layerkeysort_v4_trace
0.0,random,,0,,,,37.4285,,,,True,,,,2,100000,layerkeysort_v4_trace
0.0,random,,0,,,,47.5073,,,,True,,,,0,100000,layerkeysort_v4_trace_diagnostics
0.0,equal,,0,,,,9.7137,,,,True,,,,0,100000,layerkeysort_v4_trace
0.0,equal,,0,,,,9.5193,,,,True,,,,1,100000,layerkeysort_v4_trace
0.0,equal,,0,,,,13.7171,,,,True,,,,2,100000,layerkeysort_v4_trace
0.0,equal,,0,,,,13.6142,,,,True,,,,0,100000,layerkeysort_v4_trace_diagnostics
0.0,duplicates,,0,,,,16.969,,,,True,,,,0,100000,layerkeysort_v4_trace
0.0,duplicates,,0,,,,17.9057,,,,True,,,,1,100000,layerkeysort_v4_trace
0.0,duplicates,,0,,,,17.5448,,,,True,,,,2,100000,layerkeysort_v4_trace
0.0,duplicates,,0,,,,22.5489,,,,True,,,,0,100000,layerkeysort_v4_trace_diagnostics
0.0,alternating,,0,,,,17.0213,,,,True,,,,0,100000,layerkeysort_v4_trace
0.0,alternating,,0,,,,15.4794,,,,True,,,,1,100000,layerkeysort_v4_trace
0.0,alternating,,0,,,,17.5945,,,,True,,,,2,100000,layerkeysort_v4_trace
0.0,alternating,,0,,,,20.5758,,,,True,,,,0,100000,layerkeysort_v4_trace_diagnostics
0.0,hotspot,,0,,,,10.3475,,,,True,,,,0,100000,layerkeysort_v4_trace
0.0,hotspot,,0,,,,11.5074,,,,True,,,,1,100000,layerkeysort_v4_trace
0.0,hotspot,,0,,,,11.2861,,,,True,,,,2,100000,layerkeysort_v4_trace
0.0,hotspot,,0,,,,14.6944,,,,True,,,,0,100000,layerkeysort_v4_trace_diagnostics
7.9936,timeline,,100000,,,,34.5462,,,,True,,,,0,100000,layerkeysort_v4_trace
7.6689,timeline,,100000,,,,25.8626,,,,True,,,,1,100000,layerkeysort_v4_trace
8.4079,timeline,,100000,,,,24.318,,,,True,,,,2,100000,layerkeysort_v4_trace
12.2219,timeline,,100000,,,,49.1097,,,,True,,,,0,100000,layerkeysort_v4_trace_diagnostics
0.0,priority,,0,,,,38.5604,,,,True,,,,0,100000,layerkeysort_v4_trace
0.0,priority,,0,,,,37.5853,,,,True,,,,1,100000,layerkeysort_v4_trace
0.0,priority,,0,,,,38.2043,,,,True,,,,2,100000,layerkeysort_v4_trace
0.0,priority,,0,,,,47.4409,,,,True,,,,0,100000,layerkeysort_v4_trace_diagnostics
7.8346,local,,100000,,,,12.5637,,,,True,,,,0,100000,layerkeysort_v4_trace
7.3815,local,,100000,,,,13.2404,,,,True,,,,1,100000,layerkeysort_v4_trace
8.2047,local,,100000,,,,11.8502,,,,True,,,,2,100000,layerkeysort_v4_trace
13.4838,local,,100000,,,,21.5677,,,,True,,,,0,100000,layerkeysort_v4_trace_diagnostics
7.6066,churn,,100000,,,,17.3374,,,,True,,,,0,100000,layerkeysort_v4_trace
7.5485,churn,,100000,,,,17.8912,,,,True,,,,1,100000,layerkeysort_v4_trace
8.2535,churn,,100000,,,,16.1786,,,,True,,,,2,100000,layerkeysort_v4_trace
11.1266,churn,,100000,,,,20.7947,,,,True,,,,0,100000,layerkeysort_v4_trace_diagnostics
8.1057,large_timeline,,100000,,,,21.0862,,,,True,,,,0,100000,layerkeysort_v4_trace
7.6965,large_timeline,,100000,,,,19.8173,,,,True,,,,1,100000,layerkeysort_v4_trace
7.4357,large_timeline,,100000,,,,21.476,,,,True,,,,2,100000,layerkeysort_v4_trace
10.6591,large_timeline,,100000,,,,29.3619,,,,True,,,,0,100000,layerkeysort_v4_trace_diagnostics
8.3246,local_drag,,100000,,,,5.8874,,,,True,,,,0,100000,layerkeysort_v4_trace
7.714,local_drag,,100000,,,,6.6056,,,,True,,,,1,100000,layerkeysort_v4_trace
8.3891,local_drag,,100000,,,,6.5426,,,,True,,,,2,100000,layerkeysort_v4_trace
10.4157,local_drag,,100000,,,,7.4056,,,,True,,,,0,100000,layerkeysort_v4_trace_diagnostics
7.3983,front_back,,100000,,,,16.9996,,,,True,,,,0,100000,layerkeysort_v4_trace
7.3536,front_back,,100000,,,,14.6126,,,,True,,,,1,100000,layerkeysort_v4_trace
7.811,front_back,,100000,,,,22.9585,,,,True,,,,2,100000,layerkeysort_v4_trace
12.5215,front_back,,100000,,,,21.5346,,,,True,,,,0,100000,layerkeysort_v4_trace_diagnostics
9.6472,distant_drag,,100000,,,,19.4054,,,,True,,,,0,100000,layerkeysort_v4_trace
8.2048,distant_drag,,100000,,,,20.8825,,,,True,,,,1,100000,layerkeysort_v4_trace
7.5325,distant_drag,,100000,,,,19.0977,,,,True,,,,2,100000,layerkeysort_v4_trace
11.5234,distant_drag,,100000,,,,25.3916,,,,True,,,,0,100000,layerkeysort_v4_trace_diagnostics
7.6733,hotspot_drag,,100000,,,,20.2919,,,,True,,,,0,100000,layerkeysort_v4_trace
7.9279,hotspot_drag,,100000,,,,16.5344,,,,True,,,,1,100000,layerkeysort_v4_trace
8.3943,hotspot_drag,,100000,,,,18.0984,,,,True,,,,2,100000,layerkeysort_v4_trace
13.5634,hotspot_drag,,100000,,,,19.077,,,,True,,,,0,100000,layerkeysort_v4_trace_diagnostics
7.7894,large_moves,,100000,,,,21.6372,,,,True,,,,0,100000,layerkeysort_v4_trace
7.4544,large_moves,,100000,,,,18.3797,,,,True,,,,1,100000,layerkeysort_v4_trace
7.5585,large_moves,,100000,,,,18.8123,,,,True,,,,2,100000,layerkeysort_v4_trace
15.2266,large_moves,,100000,,,,24.2026,,,,True,,,,0,100000,layerkeysort_v4_trace_diagnostics
8.2034,delete_reinsert,,100000,,,,17.4312,,,,True,,,,0,100000,layerkeysort_v4_trace
7.6213,delete_reinsert,,100000,,,,15.6991,,,,True,,,,1,100000,layerkeysort_v4_trace
8.8012,delete_reinsert,,100000,,,,29.0439,,,,True,,,,2,100000,layerkeysort_v4_trace
10.609,delete_reinsert,,100000,,,,23.2197,,,,True,,,,0,100000,layerkeysort_v4_trace_diagnostics
17.459,managed_churn,,100000,,,,20.047,,,,True,,,,0,100000,layerkeysort_v4_trace
17.087,managed_churn,,100000,,,,22.0787,,,,True,,,,1,100000,layerkeysort_v4_trace
19.1486,managed_churn,,100000,,,,20.9267,,,,True,,,,2,100000,layerkeysort_v4_trace
25.1338,managed_churn,,100000,,,,24.7749,,,,True,,,,0,100000,layerkeysort_v4_trace_diagnostics
0.0,endpoint,,0,,,,107.0272,,,,True,,,,0,1000000,layerkeysort_v4_trace
0.0,endpoint,,0,,,,109.384,,,,True,,,,1,1000000,layerkeysort_v4_trace
0.0,endpoint,,0,,,,107.3322,,,,True,,,,2,1000000,layerkeysort_v4_trace
0.0,endpoint,,0,,,,186.8377,,,,True,,,,0,1000000,layerkeysort_v4_trace_diagnostics
0.0,equal,,0,,,,138.3466,,,,True,,,,0,1000000,layerkeysort_v4_trace
0.0,equal,,0,,,,136.3022,,,,True,,,,1,1000000,layerkeysort_v4_trace
0.0,equal,,0,,,,134.3114,,,,True,,,,2,1000000,layerkeysort_v4_trace
0.0,equal,,0,,,,182.237,,,,True,,,,0,1000000,layerkeysort_v4_trace_diagnostics
0.8745,long_churn,,10000,,,,118.8936,,,,True,,,,0,1000000,layerkeysort_v4_trace
0.8208,long_churn,,10000,,,,111.7145,,,,True,,,,1,1000000,layerkeysort_v4_trace
0.7618,long_churn,,10000,,,,112.6892,,,,True,,,,2,1000000,layerkeysort_v4_trace
1.1741,long_churn,,10000,,,,136.045099,,,,True,,,,0,1000000,layerkeysort_v4_trace_diagnostics
7.9836,distant_drag,,100001,,,,20.1983,,,,True,,,,0,100000,layerkeysort_v4_trace
8.0677,distant_drag,,100001,,,,22.0139,,,,True,,,,1,100000,layerkeysort_v4_trace
7.4722,distant_drag,,100001,,,,20.1533,,,,True,,,,2,100000,layerkeysort_v4_trace
10.6713,distant_drag,,100001,,,,27.0731,,,,True,,,,0,100000,layerkeysort_v4_trace_diagnostics
8.7824,retained,,100000,,,,2.2627,,,,True,,,,0,10000,layerkeysort_v4_trace
8.2843,retained,,100000,,,,1.7115,,,,True,,,,1,10000,layerkeysort_v4_trace
10.761,retained,,100000,,,,1.5585,,,,True,,,,2,10000,layerkeysort_v4_trace
10.6334,retained,,100000,,,,2.3211,,,,True,,,,0,10000,layerkeysort_v4_trace_diagnostics
0.7363,timeline,,10000,,,,1.2166,,,,True,,,,0,10000,layerkeysort_v4_trace
0.841,timeline,,10000,,,,1.1544,,,,True,,,,1,10000,layerkeysort_v4_trace
0.8543,timeline,,10000,,,,1.3118,,,,True,,,,2,10000,layerkeysort_v4_trace
1.4416,timeline,,10000,,,,2.1565,,,,True,,,,0,10000,layerkeysort_v4_trace_diagnostics
0.8541,timeline,,10000,,,,1.3443,,,,True,,,,0,10000,layerkeysort_v4_trace
0.7434,timeline,,10000,,,,1.0403,,,,True,,,,1,10000,layerkeysort_v4_trace
0.7934,timeline,,10000,,,,1.2262,,,,True,,,,2,10000,layerkeysort_v4_trace
1.1824,timeline,,10000,,,,1.5577,,,,True,,,,0,10000,layerkeysort_v4_trace_diagnostics
1.1247,timeline,,10000,,,,1.2227,,,,True,,,,0,10000,layerkeysort_v4_trace
0.7531,timeline,,10000,,,,1.2049,,,,True,,,,1,10000,layerkeysort_v4_trace
0.7748,timeline,,10000,,,,1.2565,,,,True,,,,2,10000,layerkeysort_v4_trace
1.1159,timeline,,10000,,,,1.4708,,,,True,,,,0,10000,layerkeysort_v4_trace_diagnostics
0.7146,timeline,,10000,,,,1.4429,,,,True,,,,0,10000,layerkeysort_v4_trace
0.7289,timeline,,10000,,,,1.4572,,,,True,,,,1,10000,layerkeysort_v4_trace
0.8224,timeline,,10000,,,,1.386,,,,True,,,,2,10000,layerkeysort_v4_trace
1.3027,timeline,,10000,,,,2.1423,,,,True,,,,0,10000,layerkeysort_v4_trace_diagnostics
0.761,churn,,10000,,,,1.0995,,,,True,,,,0,10000,layerkeysort_v4_trace
0.7583,churn,,10000,,,,0.93,,,,True,,,,1,10000,layerkeysort_v4_trace
0.7519,churn,,10000,,,,0.9769,,,,True,,,,2,10000,layerkeysort_v4_trace
1.1623,churn,,10000,,,,1.3533,,,,True,,,,0,10000,layerkeysort_v4_trace_diagnostics
0.7902,churn,,10000,,,,0.8965,,,,True,,,,0,10000,layerkeysort_v4_trace
0.7939,churn,,10000,,,,1.0775,,,,True,,,,1,10000,layerkeysort_v4_trace
0.9819,churn,,10000,,,,0.9028,,,,True,,,,2,10000,layerkeysort_v4_trace
1.0295,churn,,10000,,,,1.2196,,,,True,,,,0,10000,layerkeysort_v4_trace_diagnostics
0.9398,churn,,10000,,,,0.9513,,,,True,,,,0,10000,layerkeysort_v4_trace
0.7721,churn,,10000,,,,0.9629,,,,True,,,,1,10000,layerkeysort_v4_trace
0.8006,churn,,10000,,,,0.9769,,,,True,,,,2,10000,layerkeysort_v4_trace
1.0846,churn,,10000,,,,1.212,,,,True,,,,0,10000,layerkeysort_v4_trace_diagnostics
0.7776,churn,,10000,,,,1.1355,,,,True,,,,0,10000,layerkeysort_v4_trace
0.7954,churn,,10000,,,,1.1992,,,,True,,,,1,10000,layerkeysort_v4_trace
0.8839,churn,,10000,,,,1.0969,,,,True,,,,2,10000,layerkeysort_v4_trace
1.1553,churn,,10000,,,,1.7747,,,,True,,,,0,10000,layerkeysort_v4_trace_diagnostics
0.8569,distant_drag,,10000,,,,1.0367,,,,True,,,,0,10000,layerkeysort_v4_trace
0.8159,distant_drag,,10000,,,,1.0328,,,,True,,,,1,10000,layerkeysort_v4_trace
0.8228,distant_drag,,10000,,,,1.0226,,,,True,,,,2,10000,layerkeysort_v4_trace
1.0784,distant_drag,,10000,,,,1.1975,,,,True,,,,0,10000,layerkeysort_v4_trace_diagnostics
0.8155,distant_drag,,10000,,,,0.989,,,,True,,,,0,10000,layerkeysort_v4_trace
0.8303,distant_drag,,10000,,,,1.0032,,,,True,,,,1,10000,layerkeysort_v4_trace
1.0464,distant_drag,,10000,,,,1.0555,,,,True,,,,2,10000,layerkeysort_v4_trace
1.0616,distant_drag,,10000,,,,1.198,,,,True,,,,0,10000,layerkeysort_v4_trace_diagnostics
0.8023,distant_drag,,10000,,,,1.2262,,,,True,,,,0,10000,layerkeysort_v4_trace
0.8139,distant_drag,,10000,,,,1.0765,,,,True,,,,1,10000,layerkeysort_v4_trace
0.7628,distant_drag,,10000,,,,1.1014,,,,True,,,,2,10000,layerkeysort_v4_trace
1.0232,distant_drag,,10000,,,,1.2178,,,,True,,,,0,10000,layerkeysort_v4_trace_diagnostics
1.0607,distant_drag,,10000,,,,1.1678,,,,True,,,,0,10000,layerkeysort_v4_trace
0.9131,distant_drag,,10000,,,,1.1423,,,,True,,,,1,10000,layerkeysort_v4_trace
0.8779,distant_drag,,10000,,,,1.5416,,,,True,,,,2,10000,layerkeysort_v4_trace
1.9761,distant_drag,,10000,,,,1.566,,,,True,,,,0,10000,layerkeysort_v4_trace_diagnostics
,ascending,0,0,139992,0,0,,159984,1,9999,,True,0,10000,0,10000,layerkeysort_v4_trace
,ascending,0,0,139992,0,0,,159984,1,9999,,True,0,10000,1,10000,layerkeysort_v4_trace
,ascending,0,0,139992,0,0,,159984,1,9999,,True,0,10000,2,10000,layerkeysort_v4_trace
,ascending,0,0,139992,0,0,,159984,1,9999,,True,0,10000,0,10000,layerkeysort_v4_trace_diagnostics
,ascending,0,0,2240712,0,0,,2702872,4,205089,,True,0,100000,0,100000,layerkeysort_v4_trace
,ascending,0,0,2240712,0,0,,2702872,4,205089,,True,0,100000,1,100000,layerkeysort_v4_trace
,ascending,0,0,2240712,0,0,,2702872,4,205089,,True,0,100000,2,100000,layerkeysort_v4_trace
,ascending,0,0,2240712,0,0,,2702872,4,205089,,True,0,100000,0,100000,layerkeysort_v4_trace_diagnostics
,descending,0,0,139992,0,0,,159984,1,9999,,True,0,10000,0,10000,layerkeysort_v4_trace
,descending,0,0,139992,0,0,,159984,1,9999,,True,0,10000,1,10000,layerkeysort_v4_trace
,descending,0,0,139992,0,0,,159984,1,9999,,True,0,10000,2,10000,layerkeysort_v4_trace
,descending,0,0,139992,0,0,,159984,1,9999,,True,0,10000,0,10000,layerkeysort_v4_trace_diagnostics
,descending,0,0,1399992,0,0,,1599984,1,99999,,True,0,100000,0,100000,layerkeysort_v4_trace
,descending,0,0,1399992,0,0,,1599984,1,99999,,True,0,100000,1,100000,layerkeysort_v4_trace
,descending,0,0,1399992,0,0,,1599984,1,99999,,True,0,100000,2,100000,layerkeysort_v4_trace
,descending,0,0,1399992,0,0,,1599984,1,99999,,True,0,100000,0,100000,layerkeysort_v4_trace_diagnostics
,random,0,0,181016,0,0,,214424,6,15127,,True,0,10000,0,10000,layerkeysort_v4_trace
,random,0,0,181016,0,0,,214424,6,15127,,True,0,10000,1,10000,layerkeysort_v4_trace
,random,0,0,181016,0,0,,214424,6,15127,,True,0,10000,2,10000,layerkeysort_v4_trace
,random,0,0,181016,2048,3360,,214424,6,15127,,True,20,10000,0,10000,layerkeysort_v4_trace_diagnostics
,random,0,0,2948576,0,0,,3899040,5,293572,,True,0,100000,0,100000,layerkeysort_v4_trace
,random,0,0,2948576,0,0,,3899040,5,293572,,True,0,100000,1,100000,layerkeysort_v4_trace
,random,0,0,2948576,0,0,,3899040,5,293572,,True,0,100000,2,100000,layerkeysort_v4_trace
,random,1,0,2948576,10652,14012,,3899040,5,293572,,True,21,100000,0,100000,layerkeysort_v4_trace_diagnostics
,equal,0,0,139992,0,0,,159984,1,9999,,True,0,10000,0,10000,layerkeysort_v4_trace
,equal,0,0,139992,0,0,,159984,1,9999,,True,0,10000,1,10000,layerkeysort_v4_trace
,equal,0,0,139992,0,0,,159984,1,9999,,True,0,10000,2,10000,layerkeysort_v4_trace
,equal,0,0,139992,0,0,,159984,1,9999,,True,0,10000,0,10000,layerkeysort_v4_trace_diagnostics
,equal,0,0,2240712,0,0,,2702872,4,205089,,True,0,100000,0,100000,layerkeysort_v4_trace
,equal,0,0,2240712,0,0,,2702872,4,205089,,True,0,100000,1,100000,layerkeysort_v4_trace
,equal,0,0,2240712,0,0,,2702872,4,205089,,True,0,100000,2,100000,layerkeysort_v4_trace
,equal,0,0,2240712,0,0,,2702872,4,205089,,True,0,100000,0,100000,layerkeysort_v4_trace_diagnostics
,duplicates,0,0,190696,0,0,,222064,6,16337,,True,0,10000,0,10000,layerkeysort_v4_trace
,duplicates,0,0,190696,0,0,,222064,6,16337,,True,0,10000,1,10000,layerkeysort_v4_trace
,duplicates,0,0,190696,0,0,,222064,6,16337,,True,0,10000,2,10000,layerkeysort_v4_trace
,duplicates,0,0,190696,4096,10704,,222064,6,16337,,True,593,10000,0,10000,layerkeysort_v4_trace_diagnostics
,duplicates,0,0,2291760,0,0,,2733128,6,211470,,True,0,100000,0,100000,layerkeysort_v4_trace
,duplicates,0,0,2291760,0,0,,2733128,6,211470,,True,0,100000,1,100000,layerkeysort_v4_trace
,duplicates,0,0,2291760,0,0,,2733128,6,211470,,True,0,100000,2,100000,layerkeysort_v4_trace
,duplicates,0,0,2291760,4096,106152,,2733128,6,211470,,True,6529,100000,0,100000,layerkeysort_v4_trace_diagnostics
,alternating,0,0,189952,0,0,,223744,6,16244,,True,0,10000,0,10000,layerkeysort_v4_trace
,alternating,0,0,189952,0,0,,223744,6,16244,,True,0,10000,1,10000,layerkeysort_v4_trace
,alternating,0,0,189952,0,0,,223744,6,16244,,True,0,10000,2,10000,layerkeysort_v4_trace
,alternating,1,0,189952,4096,119789,,223744,6,16244,,True,3390,10000,0,10000,layerkeysort_v4_trace_diagnostics
,alternating,0,0,2533848,0,0,,3463864,6,241731,,True,0,100000,0,100000,layerkeysort_v4_trace
,alternating,0,0,2533848,0,0,,3463864,6,241731,,True,0,100000,1,100000,layerkeysort_v4_trace
,alternating,0,0,2533848,0,0,,3463864,6,241731,,True,0,100000,2,100000,layerkeysort_v4_trace
,alternating,2,0,2533848,50331,3616328,,3463864,6,241731,,True,35533,100000,0,100000,layerkeysort_v4_trace_diagnostics
,priority,0,0,181016,0,0,,214424,6,15127,,True,0,10000,0,10000,layerkeysort_v4_trace
,priority,0,0,181016,0,0,,214424,6,15127,,True,0,10000,1,10000,layerkeysort_v4_trace
,priority,0,0,181016,0,0,,214424,6,15127,,True,0,10000,2,10000,layerkeysort_v4_trace
,priority,0,0,181016,2048,3360,,214424,6,15127,,True,20,10000,0,10000,layerkeysort_v4_trace_diagnostics
,priority,0,0,2948576,0,0,,3899040,5,293572,,True,0,100000,0,100000,layerkeysort_v4_trace
,priority,0,0,2948576,0,0,,3899040,5,293572,,True,0,100000,1,100000,layerkeysort_v4_trace
,priority,0,0,2948576,0,0,,3899040,5,293572,,True,0,100000,2,100000,layerkeysort_v4_trace
,priority,1,0,2948576,10652,14012,,3899040,5,293572,,True,21,100000,0,100000,layerkeysort_v4_trace_diagnostics
,managed_churn,0,10000,195984,0,0,,233632,6,16998,,True,0,10000,0,10000,layerkeysort_v4_trace
,managed_churn,0,10000,195984,0,0,,233632,6,16998,,True,0,10000,1,10000,layerkeysort_v4_trace
,managed_churn,0,10000,195984,0,0,,233632,6,16998,,True,0,10000,2,10000,layerkeysort_v4_trace
,managed_churn,0,10000,195984,4096,11080,,233632,6,16998,,True,640,10000,0,10000,layerkeysort_v4_trace_diagnostics
,managed_churn,0,100000,2457720,0,0,,2989704,6,232215,,True,0,100000,0,100000,layerkeysort_v4_trace
,managed_churn,0,100000,2457720,0,0,,2989704,6,232215,,True,0,100000,1,100000,layerkeysort_v4_trace
,managed_churn,0,100000,2457720,0,0,,2989704,6,232215,,True,0,100000,2,100000,layerkeysort_v4_trace
,managed_churn,0,100000,2457720,8192,184592,,2989704,6,232215,,True,8973,100000,0,100000,layerkeysort_v4_trace_diagnostics
0.0,endpoint,,0,,,,1.0132,,,,True,,,,0,10000,lks_capacity_64_timed_trace
0.0,endpoint,,0,,,,0.8295,,,,True,,,,1,10000,lks_capacity_64_timed_trace
0.0,endpoint,,0,,,,2.0686,,,,True,,,,2,10000,lks_capacity_64_timed_trace
0.0,endpoint,,0,,,,1.1708,,,,True,,,,0,10000,lks_capacity_64_diagnostic_trace
0.0,random,,0,,,,2.0626,,,,True,,,,0,10000,lks_capacity_64_timed_trace
0.0,random,,0,,,,2.0647,,,,True,,,,1,10000,lks_capacity_64_timed_trace
0.0,random,,0,,,,2.0127,,,,True,,,,2,10000,lks_capacity_64_timed_trace
0.0,random,,0,,,,2.4026,,,,True,,,,0,10000,lks_capacity_64_diagnostic_trace
0.7473,local_drag,,10000,,,,0.4134,,,,True,,,,0,10000,lks_capacity_64_timed_trace
0.7642,local_drag,,10000,,,,0.4636,,,,True,,,,1,10000,lks_capacity_64_timed_trace
0.8146,local_drag,,10000,,,,0.3918,,,,True,,,,2,10000,lks_capacity_64_timed_trace
1.4212,local_drag,,10000,,,,0.6194,,,,True,,,,0,10000,lks_capacity_64_diagnostic_trace
0.9774,distant_drag,,10000,,,,1.2368,,,,True,,,,0,10000,lks_capacity_64_timed_trace
0.7753,distant_drag,,10000,,,,1.0331,,,,True,,,,1,10000,lks_capacity_64_timed_trace
0.7501,distant_drag,,10000,,,,1.1478,,,,True,,,,2,10000,lks_capacity_64_timed_trace
1.0604,distant_drag,,10000,,,,1.2783,,,,True,,,,0,10000,lks_capacity_64_diagnostic_trace
0.7821,churn,,10000,,,,0.915,,,,True,,,,0,10000,lks_capacity_64_timed_trace
1.106,churn,,10000,,,,0.8952,,,,True,,,,1,10000,lks_capacity_64_timed_trace
0.7964,churn,,10000,,,,0.9947,,,,True,,,,2,10000,lks_capacity_64_timed_trace
1.0357,churn,,10000,,,,1.2253,,,,True,,,,0,10000,lks_capacity_64_diagnostic_trace
0.0,equal,,0,,,,0.8963,,,,True,,,,0,10000,lks_capacity_64_timed_trace
0.0,equal,,0,,,,0.8541,,,,True,,,,1,10000,lks_capacity_64_timed_trace
0.0,equal,,0,,,,0.9652,,,,True,,,,2,10000,lks_capacity_64_timed_trace
0.0,equal,,0,,,,1.1239,,,,True,,,,0,10000,lks_capacity_64_diagnostic_trace
0.0,duplicates,,0,,,,1.257,,,,True,,,,0,10000,lks_capacity_64_timed_trace
0.0,duplicates,,0,,,,1.4867,,,,True,,,,1,10000,lks_capacity_64_timed_trace
0.0,duplicates,,0,,,,2.0853,,,,True,,,,2,10000,lks_capacity_64_timed_trace
0.0,duplicates,,0,,,,2.5868,,,,True,,,,0,10000,lks_capacity_64_diagnostic_trace
0.8071,timeline,,10000,,,,1.2372,,,,True,,,,0,10000,lks_capacity_64_timed_trace
1.0224,timeline,,10000,,,,1.3949,,,,True,,,,1,10000,lks_capacity_64_timed_trace
0.8541,timeline,,10000,,,,1.2998,,,,True,,,,2,10000,lks_capacity_64_timed_trace
1.0699,timeline,,10000,,,,1.7942,,,,True,,,,0,10000,lks_capacity_64_diagnostic_trace
0.0,endpoint,,0,,,,0.9062,,,,True,,,,0,10000,lks_capacity_128_timed_trace
0.0,endpoint,,0,,,,0.8656,,,,True,,,,1,10000,lks_capacity_128_timed_trace
0.0,endpoint,,0,,,,0.9441,,,,True,,,,2,10000,lks_capacity_128_timed_trace
0.0,endpoint,,0,,,,1.6644,,,,True,,,,0,10000,lks_capacity_128_diagnostic_trace
0.0,random,,0,,,,2.1632,,,,True,,,,0,10000,lks_capacity_128_timed_trace
0.0,random,,0,,,,2.2888,,,,True,,,,1,10000,lks_capacity_128_timed_trace
0.0,random,,0,,,,2.233,,,,True,,,,2,10000,lks_capacity_128_timed_trace
0.0,random,,0,,,,2.6479,,,,True,,,,0,10000,lks_capacity_128_diagnostic_trace
0.9007,local_drag,,10000,,,,0.3951,,,,True,,,,0,10000,lks_capacity_128_timed_trace
0.8578,local_drag,,10000,,,,0.3763,,,,True,,,,1,10000,lks_capacity_128_timed_trace
0.9686,local_drag,,10000,,,,0.3405,,,,True,,,,2,10000,lks_capacity_128_timed_trace
1.256,local_drag,,10000,,,,0.5782,,,,True,,,,0,10000,lks_capacity_128_diagnostic_trace
1.2011,distant_drag,,10000,,,,1.8507,,,,True,,,,0,10000,lks_capacity_128_timed_trace
1.0686,distant_drag,,10000,,,,1.4166,,,,True,,,,1,10000,lks_capacity_128_timed_trace
1.0429,distant_drag,,10000,,,,1.498,,,,True,,,,2,10000,lks_capacity_128_timed_trace
1.2029,distant_drag,,10000,,,,1.8988,,,,True,,,,0,10000,lks_capacity_128_diagnostic_trace
1.3174,churn,,10000,,,,1.4137,,,,True,,,,0,10000,lks_capacity_128_timed_trace
1.5449,churn,,10000,,,,1.6163,,,,True,,,,1,10000,lks_capacity_128_timed_trace
1.0199,churn,,10000,,,,1.3031,,,,True,,,,2,10000,lks_capacity_128_timed_trace
1.4517,churn,,10000,,,,1.5077,,,,True,,,,0,10000,lks_capacity_128_diagnostic_trace
0.0,equal,,0,,,,0.9749,,,,True,,,,0,10000,lks_capacity_128_timed_trace
0.0,equal,,0,,,,0.9588,,,,True,,,,1,10000,lks_capacity_128_timed_trace
0.0,equal,,0,,,,0.9153,,,,True,,,,2,10000,lks_capacity_128_timed_trace
0.0,equal,,0,,,,1.1725,,,,True,,,,0,10000,lks_capacity_128_diagnostic_trace
0.0,duplicates,,0,,,,1.372,,,,True,,,,0,10000,lks_capacity_128_timed_trace
0.0,duplicates,,0,,,,1.3429,,,,True,,,,1,10000,lks_capacity_128_timed_trace
0.0,duplicates,,0,,,,1.376,,,,True,,,,2,10000,lks_capacity_128_timed_trace
0.0,duplicates,,0,,,,1.6725,,,,True,,,,0,10000,lks_capacity_128_diagnostic_trace
0.8391,timeline,,10000,,,,1.2733,,,,True,,,,0,10000,lks_capacity_128_timed_trace
0.8981,timeline,,10000,,,,1.4524,,,,True,,,,1,10000,lks_capacity_128_timed_trace
0.8419,timeline,,10000,,,,1.4473,,,,True,,,,2,10000,lks_capacity_128_timed_trace
1.1842,timeline,,10000,,,,1.9051,,,,True,,,,0,10000,lks_capacity_128_diagnostic_trace
0.0,endpoint,,0,,,,1.2324,,,,True,,,,0,10000,lks_capacity_256_timed_trace
0.0,endpoint,,0,,,,1.25,,,,True,,,,1,10000,lks_capacity_256_timed_trace
0.0,endpoint,,0,,,,1.1745,,,,True,,,,2,10000,lks_capacity_256_timed_trace
0.0,endpoint,,0,,,,1.5625,,,,True,,,,0,10000,lks_capacity_256_diagnostic_trace
0.0,random,,0,,,,2.7937,,,,True,,,,0,10000,lks_capacity_256_timed_trace
0.0,random,,0,,,,2.5063,,,,True,,,,1,10000,lks_capacity_256_timed_trace
0.0,random,,0,,,,2.7311,,,,True,,,,2,10000,lks_capacity_256_timed_trace
0.0,random,,0,,,,4.1382,,,,True,,,,0,10000,lks_capacity_256_diagnostic_trace
1.7089,local_drag,,10000,,,,0.4458,,,,True,,,,0,10000,lks_capacity_256_timed_trace
1.1436,local_drag,,10000,,,,0.3702,,,,True,,,,1,10000,lks_capacity_256_timed_trace
1.291,local_drag,,10000,,,,0.3996,,,,True,,,,2,10000,lks_capacity_256_timed_trace
2.0639,local_drag,,10000,,,,0.665,,,,True,,,,0,10000,lks_capacity_256_diagnostic_trace
1.1991,distant_drag,,10000,,,,2.1731,,,,True,,,,0,10000,lks_capacity_256_timed_trace
1.4302,distant_drag,,10000,,,,2.1857,,,,True,,,,1,10000,lks_capacity_256_timed_trace
1.1372,distant_drag,,10000,,,,2.1392,,,,True,,,,2,10000,lks_capacity_256_timed_trace
1.4848,distant_drag,,10000,,,,2.6743,,,,True,,,,0,10000,lks_capacity_256_diagnostic_trace
1.1994,churn,,10000,,,,1.5494,,,,True,,,,0,10000,lks_capacity_256_timed_trace
1.28,churn,,10000,,,,1.4842,,,,True,,,,1,10000,lks_capacity_256_timed_trace
1.2102,churn,,10000,,,,1.4482,,,,True,,,,2,10000,lks_capacity_256_timed_trace
1.4111,churn,,10000,,,,2.0139,,,,True,,,,0,10000,lks_capacity_256_diagnostic_trace
0.0,equal,,0,,,,1.152,,,,True,,,,0,10000,lks_capacity_256_timed_trace
0.0,equal,,0,,,,1.1258,,,,True,,,,1,10000,lks_capacity_256_timed_trace
0.0,equal,,0,,,,1.1845,,,,True,,,,2,10000,lks_capacity_256_timed_trace
0.0,equal,,0,,,,1.3997,,,,True,,,,0,10000,lks_capacity_256_diagnostic_trace
0.0,duplicates,,0,,,,2.1013,,,,True,,,,0,10000,lks_capacity_256_timed_trace
0.0,duplicates,,0,,,,2.1301,,,,True,,,,1,10000,lks_capacity_256_timed_trace
0.0,duplicates,,0,,,,1.8482,,,,True,,,,2,10000,lks_capacity_256_timed_trace
0.0,duplicates,,0,,,,2.3943,,,,True,,,,0,10000,lks_capacity_256_diagnostic_trace
1.4025,timeline,,10000,,,,1.7524,,,,True,,,,0,10000,lks_capacity_256_timed_trace
1.4064,timeline,,10000,,,,1.8051,,,,True,,,,1,10000,lks_capacity_256_timed_trace
1.1393,timeline,,10000,,,,1.6921,,,,True,,,,2,10000,lks_capacity_256_timed_trace
1.3905,timeline,,10000,,,,2.9723,,,,True,,,,0,10000,lks_capacity_256_diagnostic_trace
