family,initial,steps,seed,run,capacity,diagnostic,cadence,target,rss_start,rss_built,rss_churn,rss_small,rss_empty,rss_retained,rss_released,rss_final,snapshot_peak,snapshot_row_bytes,association_capacity_bytes
ascending,0,1024,7,0,64,0,0,layerkeysort_v4_trace,4374528,0,4571136,4575232,4575232,0,4575232,4513792,0,0,0
ascending,0,1024,7,1,64,0,0,layerkeysort_v4_trace,4378624,0,4571136,4575232,4575232,0,4575232,4513792,0,0,0
ascending,0,1024,7,2,64,0,0,layerkeysort_v4_trace,4378624,0,4571136,4575232,4575232,0,4575232,4513792,0,0,0
ascending,0,1024,7,0,64,1,0,layerkeysort_v4_trace_diagnostics,4374528,0,4640768,4558848,4558848,0,4542464,4513792,0,0,0
descending,0,1024,7,0,64,0,0,layerkeysort_v4_trace,4382720,0,4579328,4538368,4521984,0,4521984,4493312,0,0,0
descending,0,1024,7,1,64,0,0,layerkeysort_v4_trace,4378624,0,4575232,4534272,4517888,0,4517888,4489216,0,0,0
descending,0,1024,7,2,64,0,0,layerkeysort_v4_trace,4374528,0,4571136,4530176,4513792,0,4513792,4485120,0,0,0
descending,0,1024,7,0,64,1,0,layerkeysort_v4_trace_diagnostics,4366336,0,4632576,4571136,4538368,0,4538368,4501504,0,0,0
random,0,1024,7,0,64,0,0,layerkeysort_v4_trace,4378624,0,4554752,4558848,4558848,0,4558848,4485120,0,0,0
random,0,1024,7,1,64,0,0,layerkeysort_v4_trace,4382720,0,4558848,4562944,4562944,0,4562944,4489216,0,0,0
random,0,1024,7,2,64,0,0,layerkeysort_v4_trace,4378624,0,4554752,4558848,4558848,0,4558848,4485120,0,0,0
random,0,1024,7,0,64,1,0,layerkeysort_v4_trace_diagnostics,4366336,0,4616192,4616192,4526080,0,4526080,4489216,0,0,0
equal,0,1024,7,0,64,0,0,layerkeysort_v4_trace,4378624,0,4575232,4579328,4579328,0,4579328,4517888,0,0,0
equal,0,1024,7,1,64,0,0,layerkeysort_v4_trace,4374528,0,4567040,4571136,4571136,0,4571136,4509696,0,0,0
equal,0,1024,7,2,64,0,0,layerkeysort_v4_trace,4382720,0,4575232,4579328,4579328,0,4579328,4517888,0,0,0
equal,0,1024,7,0,64,1,0,layerkeysort_v4_trace_diagnostics,4366336,0,4632576,4550656,4550656,0,4534272,4505600,0,0,0
duplicates,0,1024,7,0,64,0,0,layerkeysort_v4_trace,4382720,0,4558848,4562944,4562944,0,4562944,4493312,0,0,0
duplicates,0,1024,7,1,64,0,0,layerkeysort_v4_trace,4382720,0,4558848,4562944,4562944,0,4562944,4493312,0,0,0
duplicates,0,1024,7,2,64,0,0,layerkeysort_v4_trace,4382720,0,4558848,4562944,4562944,0,4562944,4493312,0,0,0
duplicates,0,1024,7,0,64,1,0,layerkeysort_v4_trace_diagnostics,4374528,0,4624384,4567040,4534272,0,4534272,4497408,0,0,0
alternating,0,1024,7,0,64,0,0,layerkeysort_v4_trace,4382720,0,4575232,4579328,4579328,0,4579328,4513792,0,0,0
alternating,0,1024,7,1,64,0,0,layerkeysort_v4_trace,4378624,0,4571136,4575232,4575232,0,4575232,4509696,0,0,0
alternating,0,1024,7,2,64,0,0,layerkeysort_v4_trace,4378624,0,4571136,4575232,4575232,0,4575232,4509696,0,0,0
alternating,0,1024,7,0,64,1,0,layerkeysort_v4_trace_diagnostics,4374528,0,4640768,4558848,4558848,0,4542464,4513792,0,0,0
hotspot,0,1024,7,0,64,0,0,layerkeysort_v4_trace,4378624,0,4567040,4567040,4567040,0,4571136,4505600,0,0,0
hotspot,0,1024,7,1,64,0,0,layerkeysort_v4_trace,4382720,0,4571136,4571136,4571136,0,4575232,4509696,0,0,0
hotspot,0,1024,7,2,64,0,0,layerkeysort_v4_trace,4378624,0,4567040,4567040,4567040,0,4571136,4505600,0,0,0
hotspot,0,1024,7,0,64,1,0,layerkeysort_v4_trace_diagnostics,4370432,0,4636672,4554752,4554752,0,4538368,4509696,0,0,0
timeline,1024,1024,7,0,64,0,0,layerkeysort_v4_trace,4415488,4517888,4644864,4644864,4571136,0,4575232,4513792,0,0,0
timeline,1024,1024,7,1,64,0,0,layerkeysort_v4_trace,4415488,4517888,4648960,4648960,4575232,0,4579328,4517888,0,0,0
timeline,1024,1024,7,2,64,0,0,layerkeysort_v4_trace,4411392,4513792,4644864,4644864,4571136,0,4575232,4513792,0,0,0
timeline,1024,1024,7,0,64,1,0,layerkeysort_v4_trace_diagnostics,4411392,4579328,4710400,4665344,4583424,0,4583424,4517888,0,0,0
priority,0,1024,7,0,64,0,0,layerkeysort_v4_trace,4382720,0,4558848,4562944,4562944,0,4562944,4489216,0,0,0
priority,0,1024,7,1,64,0,0,layerkeysort_v4_trace,4382720,0,4558848,4562944,4562944,0,4562944,4489216,0,0,0
priority,0,1024,7,2,64,0,0,layerkeysort_v4_trace,4374528,0,4550656,4554752,4554752,0,4554752,4481024,0,0,0
priority,0,1024,7,0,64,1,0,layerkeysort_v4_trace_diagnostics,4374528,0,4624384,4624384,4534272,0,4534272,4497408,0,0,0
local,1024,1024,7,0,64,0,0,layerkeysort_v4_trace,4411392,4513792,4644864,4583424,4583424,0,4587520,4501504,0,0,0
local,1024,1024,7,1,64,0,0,layerkeysort_v4_trace,4415488,4517888,4648960,4587520,4587520,0,4591616,4505600,0,0,0
local,1024,1024,7,2,64,0,0,layerkeysort_v4_trace,4411392,4513792,4644864,4583424,4583424,0,4587520,4501504,0,0,0
local,1024,1024,7,0,64,1,0,layerkeysort_v4_trace_diagnostics,4411392,4579328,4710400,4591616,4591616,0,4591616,4517888,0,0,0
churn,1024,1024,7,0,64,0,0,layerkeysort_v4_trace,4415488,4517888,4612096,4612096,4562944,0,4567040,4501504,0,0,0
churn,1024,1024,7,1,64,0,0,layerkeysort_v4_trace,4415488,4517888,4612096,4612096,4562944,0,4567040,4501504,0,0,0
churn,1024,1024,7,2,64,0,0,layerkeysort_v4_trace,4411392,4513792,4608000,4608000,4558848,0,4562944,4497408,0,0,0
churn,1024,1024,7,0,64,1,0,layerkeysort_v4_trace_diagnostics,4407296,4575232,4673536,4673536,4579328,0,4579328,4517888,0,0,0
large_timeline,1024,1024,7,0,64,0,0,layerkeysort_v4_trace,4407296,4517888,4644864,4644864,4567040,0,4571136,4509696,0,0,0
large_timeline,1024,1024,7,1,64,0,0,layerkeysort_v4_trace,4411392,4521984,4648960,4648960,4571136,0,4575232,4513792,0,0,0
large_timeline,1024,1024,7,2,64,0,0,layerkeysort_v4_trace,4403200,4513792,4640768,4640768,4562944,0,4567040,4505600,0,0,0
large_timeline,1024,1024,7,0,64,1,0,layerkeysort_v4_trace_diagnostics,4411392,4571136,4706304,4665344,4583424,0,4583424,4517888,0,0,0
local_drag,1024,1024,7,0,64,0,0,layerkeysort_v4_trace,4411392,4513792,4612096,4612096,4554752,0,4558848,4501504,0,0,0
local_drag,1024,1024,7,1,64,0,0,layerkeysort_v4_trace,4407296,4509696,4608000,4608000,4550656,0,4554752,4497408,0,0,0
local_drag,1024,1024,7,2,64,0,0,layerkeysort_v4_trace,4415488,4517888,4616192,4616192,4558848,0,4562944,4505600,0,0,0
local_drag,1024,1024,7,0,64,1,0,layerkeysort_v4_trace_diagnostics,4407296,4579328,4677632,4616192,4579328,0,4579328,4517888,0,0,0
front_back,1024,1024,7,0,64,0,0,layerkeysort_v4_trace,4407296,4509696,4608000,4608000,4567040,0,4571136,4497408,0,0,0
front_back,1024,1024,7,1,64,0,0,layerkeysort_v4_trace,4411392,4513792,4612096,4612096,4571136,0,4575232,4501504,0,0,0
front_back,1024,1024,7,2,64,0,0,layerkeysort_v4_trace,4411392,4513792,4612096,4612096,4571136,0,4575232,4501504,0,0,0
front_back,1024,1024,7,0,64,1,0,layerkeysort_v4_trace_diagnostics,4407296,4575232,4669440,4669440,4583424,0,4583424,4509696,0,0,0
distant_drag,1024,1024,7,0,64,0,0,layerkeysort_v4_trace,4415488,4517888,4616192,4616192,4558848,0,4562944,4505600,0,0,0
distant_drag,1024,1024,7,1,64,0,0,layerkeysort_v4_trace,4415488,4517888,4612096,4612096,4554752,0,4558848,4501504,0,0,0
distant_drag,1024,1024,7,2,64,0,0,layerkeysort_v4_trace,4411392,4513792,4612096,4612096,4554752,0,4558848,4501504,0,0,0
distant_drag,1024,1024,7,0,64,1,0,layerkeysort_v4_trace_diagnostics,4407296,4579328,4673536,4624384,4579328,0,4579328,4517888,0,0,0
hotspot_drag,1024,1024,7,0,64,0,0,layerkeysort_v4_trace,4411392,4513792,4612096,4612096,4612096,0,4616192,4501504,0,0,0
hotspot_drag,1024,1024,7,1,64,0,0,layerkeysort_v4_trace,4415488,4517888,4616192,4616192,4616192,0,4620288,4505600,0,0,0
hotspot_drag,1024,1024,7,2,64,0,0,layerkeysort_v4_trace,4411392,4513792,4612096,4612096,4612096,0,4616192,4501504,0,0,0
hotspot_drag,1024,1024,7,0,64,1,0,layerkeysort_v4_trace_diagnostics,4411392,4583424,4677632,4599808,4579328,0,4579328,4517888,0,0,0
large_moves,1024,1024,7,0,64,0,0,layerkeysort_v4_trace,4415488,4517888,4616192,4616192,4558848,0,4562944,4505600,0,0,0
large_moves,1024,1024,7,1,64,0,0,layerkeysort_v4_trace,4407296,4509696,4608000,4608000,4550656,0,4554752,4497408,0,0,0
large_moves,1024,1024,7,2,64,0,0,layerkeysort_v4_trace,4415488,4517888,4616192,4616192,4558848,0,4562944,4505600,0,0,0
large_moves,1024,1024,7,0,64,1,0,layerkeysort_v4_trace_diagnostics,4415488,4583424,4677632,4628480,4583424,0,4583424,4521984,0,0,0
delete_reinsert,1024,1024,7,0,64,0,0,layerkeysort_v4_trace,4407296,4517888,4608000,4608000,4554752,0,4558848,4493312,0,0,0
delete_reinsert,1024,1024,7,1,64,0,0,layerkeysort_v4_trace,4407296,4517888,4608000,4608000,4554752,0,4558848,4493312,0,0,0
delete_reinsert,1024,1024,7,2,64,0,0,layerkeysort_v4_trace,4411392,4521984,4612096,4612096,4558848,0,4562944,4497408,0,0,0
delete_reinsert,1024,1024,7,0,64,1,0,layerkeysort_v4_trace_diagnostics,4415488,4575232,4673536,4673536,4583424,0,4583424,4521984,0,0,0
managed_churn,1024,1024,7,0,64,0,0,layerkeysort_v4_trace,4411392,4509696,4603904,4603904,4603904,0,4603904,4501504,0,0,0
managed_churn,1024,1024,7,1,64,0,0,layerkeysort_v4_trace,4407296,4505600,4599808,4599808,4599808,0,4599808,4497408,0,0,0
managed_churn,1024,1024,7,2,64,0,0,layerkeysort_v4_trace,4411392,4509696,4599808,4599808,4599808,0,4599808,4497408,0,0,0
managed_churn,1024,1024,7,0,64,1,0,layerkeysort_v4_trace_diagnostics,4415488,4571136,4657152,4599808,4562944,0,4562944,4501504,0,0,0
ascending,0,10000,7,0,64,0,0,layerkeysort_v4_trace,4603904,0,5607424,4935680,4935680,0,4935680,4657152,0,0,0
ascending,0,10000,7,1,64,0,0,layerkeysort_v4_trace,4603904,0,5607424,4935680,4935680,0,4935680,4657152,0,0,0
ascending,0,10000,7,2,64,0,0,layerkeysort_v4_trace,4603904,0,5599232,4927488,4927488,0,4927488,4648960,0,0,0
ascending,0,10000,7,0,64,1,0,layerkeysort_v4_trace_diagnostics,4603904,0,5943296,4980736,4980736,0,4980736,4636672,0,0,0
descending,0,10000,7,0,64,0,0,layerkeysort_v4_trace,4599808,0,5603328,5070848,4935680,0,4935680,4616192,0,0,0
descending,0,10000,7,1,64,0,0,layerkeysort_v4_trace,4595712,0,5599232,5066752,4931584,0,4931584,4612096,0,0,0
descending,0,10000,7,2,64,0,0,layerkeysort_v4_trace,4599808,0,5603328,5070848,4935680,0,4935680,4616192,0,0,0
descending,0,10000,7,0,64,1,0,layerkeysort_v4_trace_diagnostics,4603904,0,5943296,5328896,5038080,0,5038080,4714496,0,0,0
random,0,10000,7,0,64,0,0,layerkeysort_v4_trace,4603904,0,5541888,5353472,4911104,0,4911104,4673536,0,0,0
random,0,10000,7,1,64,0,0,layerkeysort_v4_trace,4603904,0,5541888,5353472,4911104,0,4911104,4673536,0,0,0
random,0,10000,7,2,64,0,0,layerkeysort_v4_trace,4603904,0,5541888,5353472,4911104,0,4911104,4673536,0,0,0
random,0,10000,7,0,64,1,0,layerkeysort_v4_trace_diagnostics,4608000,0,5881856,5595136,5009408,0,5009408,4685824,0,0,0
equal,0,10000,7,0,64,0,0,layerkeysort_v4_trace,4603904,0,5599232,4927488,4927488,0,4927488,4927488,0,0,0
equal,0,10000,7,1,64,0,0,layerkeysort_v4_trace,4599808,0,5603328,4931584,4931584,0,4931584,4931584,0,0,0
equal,0,10000,7,2,64,0,0,layerkeysort_v4_trace,4595712,0,5599232,4927488,4927488,0,4927488,4927488,0,0,0
equal,0,10000,7,0,64,1,0,layerkeysort_v4_trace_diagnostics,4603904,0,5943296,4980736,4980736,0,4980736,4636672,0,0,0
duplicates,0,10000,7,0,64,0,0,layerkeysort_v4_trace,4599808,0,5603328,4927488,4927488,0,4927488,4669440,0,0,0
duplicates,0,10000,7,1,64,0,0,layerkeysort_v4_trace,4595712,0,5599232,4923392,4923392,0,4923392,4665344,0,0,0
duplicates,0,10000,7,2,64,0,0,layerkeysort_v4_trace,4595712,0,5599232,4923392,4923392,0,4923392,4665344,0,0,0
duplicates,0,10000,7,0,64,1,0,layerkeysort_v4_trace_diagnostics,4599808,0,5939200,5062656,5009408,0,5009408,4669440,0,0,0
alternating,0,10000,7,0,64,0,0,layerkeysort_v4_trace,4599808,0,5603328,4919296,4919296,0,4919296,4653056,0,0,0
alternating,0,10000,7,1,64,0,0,layerkeysort_v4_trace,4603904,0,5607424,4923392,4923392,0,4923392,4657152,0,0,0
alternating,0,10000,7,2,64,0,0,layerkeysort_v4_trace,4603904,0,5607424,4923392,4923392,0,4923392,4657152,0,0,0
alternating,0,10000,7,0,64,1,0,layerkeysort_v4_trace_diagnostics,4608000,0,5947392,4972544,4972544,0,4972544,4640768,0,0,0
hotspot,0,10000,7,0,64,0,0,layerkeysort_v4_trace,4603904,0,5595136,4907008,4907008,0,4911104,4911104,0,0,0
hotspot,0,10000,7,1,64,0,0,layerkeysort_v4_trace,4599808,0,5591040,4902912,4902912,0,4907008,4907008,0,0,0
hotspot,0,10000,7,2,64,0,0,layerkeysort_v4_trace,4599808,0,5599232,4911104,4911104,0,4915200,4915200,0,0,0
hotspot,0,10000,7,0,64,1,0,layerkeysort_v4_trace_diagnostics,4603904,0,5943296,4968448,4968448,0,4968448,4636672,0,0,0
timeline,10000,10000,7,0,64,0,0,layerkeysort_v4_trace,4825088,5828608,6242304,5832704,5304320,0,5308416,4857856,0,0,0
timeline,10000,10000,7,1,64,0,0,layerkeysort_v4_trace,4841472,5820416,6250496,5840896,5312512,0,5316608,4866048,0,0,0
timeline,10000,10000,7,2,64,0,0,layerkeysort_v4_trace,4833280,5812224,6234112,5824512,5296128,0,5300224,4849664,0,0,0
timeline,10000,10000,7,0,64,1,0,layerkeysort_v4_trace_diagnostics,4837376,6156288,6856704,6262784,5373952,0,5373952,5373952,0,0,0
priority,0,10000,7,0,64,0,0,layerkeysort_v4_trace,4599808,0,5537792,5349376,4907008,0,4907008,4907008,0,0,0
priority,0,10000,7,1,64,0,0,layerkeysort_v4_trace,4599808,0,5537792,5349376,4907008,0,4907008,4907008,0,0,0
priority,0,10000,7,2,64,0,0,layerkeysort_v4_trace,4599808,0,5537792,5349376,4907008,0,4907008,4907008,0,0,0
priority,0,10000,7,0,64,1,0,layerkeysort_v4_trace_diagnostics,4603904,0,5877760,5591040,5005312,0,5005312,4681728,0,0,0
local,10000,10000,7,0,64,0,0,layerkeysort_v4_trace,4833280,5812224,6275072,5390336,5390336,0,5394432,5394432,0,0,0
local,10000,10000,7,1,64,0,0,layerkeysort_v4_trace,4837376,5787648,6279168,5394432,5394432,0,5398528,5398528,0,0,0
local,10000,10000,7,2,64,0,0,layerkeysort_v4_trace,4841472,5820416,6283264,5398528,5398528,0,5402624,5402624,0,0,0
local,10000,10000,7,0,64,1,0,layerkeysort_v4_trace_diagnostics,4841472,6160384,6893568,5410816,5410816,0,5410816,4927488,0,0,0
churn,10000,10000,7,0,64,0,0,layerkeysort_v4_trace,4841472,5820416,5951488,5632000,5283840,0,5287936,5287936,0,0,0
churn,10000,10000,7,1,64,0,0,layerkeysort_v4_trace,4833280,5812224,5943296,5623808,5275648,0,5279744,5279744,0,0,0
churn,10000,10000,7,2,64,0,0,layerkeysort_v4_trace,4837376,5816320,5947392,5627904,5279744,0,5283840,5283840,0,0,0
churn,10000,10000,7,0,64,1,0,layerkeysort_v4_trace_diagnostics,4841472,6160384,6287360,5791744,5378048,0,5378048,5378048,0,0,0
large_timeline,10000,10000,7,0,64,0,0,layerkeysort_v4_trace,4841472,5820416,6250496,5840896,5312512,0,5316608,4866048,0,0,0
large_timeline,10000,10000,7,1,64,0,0,layerkeysort_v4_trace,4837376,5816320,6246400,5836800,5308416,0,5312512,4861952,0,0,0
large_timeline,10000,10000,7,2,64,0,0,layerkeysort_v4_trace,4837376,5816320,6246400,5836800,5308416,0,5312512,4861952,0,0,0
large_timeline,10000,10000,7,0,64,1,0,layerkeysort_v4_trace_diagnostics,4845568,6164480,6864896,6270976,5382144,0,5382144,5382144,0,0,0
local_drag,10000,10000,7,0,64,0,0,layerkeysort_v4_trace,4837376,5816320,5951488,5459968,5283840,0,5287936,4857856,0,0,0
local_drag,10000,10000,7,1,64,0,0,layerkeysort_v4_trace,4841472,5820416,5955584,5464064,5287936,0,5292032,4861952,0,0,0
local_drag,10000,10000,7,2,64,0,0,layerkeysort_v4_trace,4833280,5812224,5947392,5455872,5279744,0,5283840,4853760,0,0,0
local_drag,10000,10000,7,0,64,1,0,layerkeysort_v4_trace_diagnostics,4841472,6164480,6291456,5693440,5382144,0,5382144,4947968,0,0,0
front_back,10000,10000,7,0,64,0,0,layerkeysort_v4_trace,4841472,5820416,5955584,5783552,5296128,0,5300224,4870144,0,0,0
front_back,10000,10000,7,1,64,0,0,layerkeysort_v4_trace,4837376,5816320,5951488,5779456,5292032,0,5296128,4866048,0,0,0
front_back,10000,10000,7,2,64,0,0,layerkeysort_v4_trace,4841472,5820416,5955584,5783552,5296128,0,5300224,4870144,0,0,0
front_back,10000,10000,7,0,64,1,0,layerkeysort_v4_trace_diagnostics,4841472,6160384,6287360,6066176,5378048,0,5378048,4943872,0,0,0
distant_drag,10000,10000,7,0,64,0,0,layerkeysort_v4_trace,4837376,5816320,5951488,5316608,5316608,0,5320704,4857856,0,0,0
distant_drag,10000,10000,7,1,64,0,0,layerkeysort_v4_trace,4841472,5820416,5955584,5320704,5320704,0,5324800,4861952,0,0,0
distant_drag,10000,10000,7,2,64,0,0,layerkeysort_v4_trace,4837376,5816320,5951488,5316608,5316608,0,5320704,4857856,0,0,0
distant_drag,10000,10000,7,0,64,1,0,layerkeysort_v4_trace_diagnostics,4841472,6164480,6295552,5455872,5386240,0,5386240,4952064,0,0,0
hotspot_drag,10000,10000,7,0,64,0,0,layerkeysort_v4_trace,4841472,5820416,5955584,5316608,5316608,0,5320704,5320704,0,0,0
hotspot_drag,10000,10000,7,1,64,0,0,layerkeysort_v4_trace,4837376,5816320,5951488,5312512,5312512,0,5316608,5316608,0,0,0
hotspot_drag,10000,10000,7,2,64,0,0,layerkeysort_v4_trace,4841472,5820416,5955584,5316608,5316608,0,5320704,5320704,0,0,0
hotspot_drag,10000,10000,7,0,64,1,0,layerkeysort_v4_trace_diagnostics,4833280,6156288,6287360,5345280,5345280,0,5345280,4882432,0,0,0
large_moves,10000,10000,7,0,64,0,0,layerkeysort_v4_trace,4841472,5820416,5947392,5312512,5312512,0,5316608,4853760,0,0,0
large_moves,10000,10000,7,1,64,0,0,layerkeysort_v4_trace,4837376,5816320,5951488,5316608,5316608,0,5320704,4857856,0,0,0
large_moves,10000,10000,7,2,64,0,0,layerkeysort_v4_trace,4841472,5820416,5955584,5320704,5320704,0,5324800,4861952,0,0,0
large_moves,10000,10000,7,0,64,1,0,layerkeysort_v4_trace_diagnostics,4841472,6160384,6287360,5447680,5378048,0,5378048,4943872,0,0,0
delete_reinsert,10000,10000,7,0,64,0,0,layerkeysort_v4_trace,4841472,5816320,5951488,5644288,5287936,0,5292032,4866048,0,0,0
delete_reinsert,10000,10000,7,1,64,0,0,layerkeysort_v4_trace,4837376,5816320,5947392,5627904,5279744,0,5283840,4853760,0,0,0
delete_reinsert,10000,10000,7,2,64,0,0,layerkeysort_v4_trace,4837376,5779456,5947392,5627904,5279744,0,5283840,4853760,0,0,0
delete_reinsert,10000,10000,7,0,64,1,0,layerkeysort_v4_trace_diagnostics,4841472,6160384,6291456,5804032,5390336,0,5390336,4956160,0,0,0
managed_churn,10000,10000,7,0,64,0,0,layerkeysort_v4_trace,4837376,5820416,5951488,5369856,5296128,0,5296128,5296128,0,0,0
managed_churn,10000,10000,7,1,64,0,0,layerkeysort_v4_trace,4841472,5824512,5955584,5373952,5300224,0,5300224,5300224,0,0,0
managed_churn,10000,10000,7,2,64,0,0,layerkeysort_v4_trace,4837376,5820416,5951488,5369856,5296128,0,5296128,5296128,0,0,0
managed_churn,10000,10000,7,0,64,1,0,layerkeysort_v4_trace_diagnostics,4845568,6164480,6291456,5554176,5419008,0,5419008,4923392,0,0,0
ascending,0,100000,7,0,64,0,0,layerkeysort_v4_trace,5165056,0,15327232,8937472,8937472,0,8937472,7335936,0,0,0
ascending,0,100000,7,1,64,0,0,layerkeysort_v4_trace,5165056,0,15327232,8937472,8937472,0,8937472,7335936,0,0,0
ascending,0,100000,7,2,64,0,0,layerkeysort_v4_trace,5165056,0,15327232,8937472,8937472,0,8937472,7335936,0,0,0
ascending,0,100000,7,0,64,1,0,layerkeysort_v4_trace_diagnostics,5169152,0,18776064,8732672,8732672,0,8732672,7131136,0,0,0
descending,0,100000,7,0,64,0,0,layerkeysort_v4_trace,5160960,0,15323136,9117696,8904704,0,8904704,7303168,0,0,0
descending,0,100000,7,1,64,0,0,layerkeysort_v4_trace,5165056,0,15327232,9121792,8908800,0,8908800,7307264,0,0,0
descending,0,100000,7,2,64,0,0,layerkeysort_v4_trace,5169152,0,15331328,9125888,8912896,0,8912896,7311360,0,0,0
descending,0,100000,7,0,64,1,0,layerkeysort_v4_trace_diagnostics,5169152,0,18776064,9424896,9289728,0,9289728,7688192,0,0,0
random,0,100000,7,0,64,0,0,layerkeysort_v4_trace,5169152,0,14798848,10231808,8994816,0,8994816,7393280,0,0,0
random,0,100000,7,1,64,0,0,layerkeysort_v4_trace,5169152,0,14798848,10231808,8994816,0,8994816,7393280,0,0,0
random,0,100000,7,2,64,0,0,layerkeysort_v4_trace,5165056,0,14794752,10227712,8990720,0,8990720,7389184,0,0,0
random,0,100000,7,0,64,1,0,layerkeysort_v4_trace_diagnostics,5169152,0,18243584,10956800,9023488,0,9023488,7421952,0,0,0
equal,0,100000,7,0,64,0,0,layerkeysort_v4_trace,5169152,0,15331328,8941568,8941568,0,8941568,7340032,0,0,0
equal,0,100000,7,1,64,0,0,layerkeysort_v4_trace,5169152,0,15331328,8941568,8941568,0,8941568,7340032,0,0,0
equal,0,100000,7,2,64,0,0,layerkeysort_v4_trace,5165056,0,15327232,8937472,8937472,0,8937472,7335936,0,0,0
equal,0,100000,7,0,64,1,0,layerkeysort_v4_trace_diagnostics,5173248,0,18780160,8736768,8736768,0,8736768,7135232,0,0,0
duplicates,0,100000,7,0,64,0,0,layerkeysort_v4_trace,5160960,0,15323136,9113600,9113600,0,9113600,7512064,0,0,0
duplicates,0,100000,7,1,64,0,0,layerkeysort_v4_trace,5165056,0,15327232,9117696,9117696,0,9117696,7516160,0,0,0
duplicates,0,100000,7,2,64,0,0,layerkeysort_v4_trace,5160960,0,15323136,9113600,9113600,0,9113600,7512064,0,0,0
duplicates,0,100000,7,0,64,1,0,layerkeysort_v4_trace_diagnostics,5173248,0,18780160,8728576,8728576,0,8728576,7127040,0,0,0
alternating,0,100000,7,0,64,0,0,layerkeysort_v4_trace,5160960,0,15323136,8970240,8970240,0,8970240,7368704,0,0,0
alternating,0,100000,7,1,64,0,0,layerkeysort_v4_trace,5165056,0,15327232,8974336,8974336,0,8974336,7372800,0,0,0
alternating,0,100000,7,2,64,0,0,layerkeysort_v4_trace,5169152,0,15331328,8978432,8978432,0,8978432,7376896,0,0,0
alternating,0,100000,7,0,64,1,0,layerkeysort_v4_trace_diagnostics,5169152,0,18776064,8732672,8732672,0,8732672,7131136,0,0,0
hotspot,0,100000,7,0,64,0,0,layerkeysort_v4_trace,5165056,0,15323136,8966144,8966144,0,8970240,7368704,0,0,0
hotspot,0,100000,7,1,64,0,0,layerkeysort_v4_trace,5169152,0,15327232,8970240,8970240,0,8974336,7372800,0,0,0
hotspot,0,100000,7,2,64,0,0,layerkeysort_v4_trace,5169152,0,15327232,8970240,8970240,0,8974336,7372800,0,0,0
hotspot,0,100000,7,0,64,1,0,layerkeysort_v4_trace_diagnostics,5169152,0,18776064,8732672,8732672,0,8732672,7131136,0,0,0
timeline,100000,100000,7,0,64,0,0,layerkeysort_v4_trace,4358144,15364096,21540864,12800000,12214272,0,12218368,6529024,0,0,0
timeline,100000,100000,7,1,64,0,0,layerkeysort_v4_trace,4354048,15314944,21536768,12795904,12210176,0,12214272,6524928,0,0,0
timeline,100000,100000,7,2,64,0,0,layerkeysort_v4_trace,4358144,15429632,21614592,12873728,12288000,0,12292096,6529024,0,0,0
timeline,100000,100000,7,0,64,1,0,layerkeysort_v4_trace_diagnostics,4362240,18886656,26808320,13164544,12197888,0,12197888,6516736,0,0,0
priority,0,100000,7,0,64,0,0,layerkeysort_v4_trace,5165056,0,14794752,10227712,8990720,0,8990720,7389184,0,0,0
priority,0,100000,7,1,64,0,0,layerkeysort_v4_trace,5165056,0,14794752,10227712,8990720,0,8990720,7389184,0,0,0
priority,0,100000,7,2,64,0,0,layerkeysort_v4_trace,5165056,0,14794752,10227712,8990720,0,8990720,7389184,0,0,0
priority,0,100000,7,0,64,1,0,layerkeysort_v4_trace_diagnostics,5165056,0,18239488,10952704,9019392,0,9019392,7417856,0,0,0
local,100000,100000,7,0,64,0,0,layerkeysort_v4_trace,4358144,15376384,21753856,11923456,11923456,0,11927552,6291456,0,0,0
local,100000,100000,7,1,64,0,0,layerkeysort_v4_trace,4349952,15302656,21839872,12009472,12009472,0,12013568,6283264,0,0,0
local,100000,100000,7,2,64,0,0,layerkeysort_v4_trace,4358144,15400960,21733376,11902976,11902976,0,11907072,6291456,0,0,0
local,100000,100000,7,0,64,1,0,layerkeysort_v4_trace_diagnostics,4358144,18796544,27107328,12369920,12369920,0,12369920,6651904,0,0,0
churn,100000,100000,7,0,64,0,0,layerkeysort_v4_trace,4354048,15351808,17375232,11481088,10969088,0,10973184,6512640,0,0,0
churn,100000,100000,7,1,64,0,0,layerkeysort_v4_trace,4354048,15368192,17469440,11575296,11063296,0,11067392,6512640,0,0,0
churn,100000,100000,7,2,64,0,0,layerkeysort_v4_trace,4358144,15347712,17416192,11522048,11010048,0,11014144,6516736,0,0,0
churn,100000,100000,7,0,64,1,0,layerkeysort_v4_trace_diagnostics,4358144,18796544,20910080,12107776,11280384,0,11280384,6758400,0,0,0
large_timeline,100000,100000,7,0,64,0,0,layerkeysort_v4_trace,4358144,15335424,21512192,12771328,12185600,0,12189696,6529024,0,0,0
large_timeline,100000,100000,7,1,64,0,0,layerkeysort_v4_trace,4358144,15364096,21540864,12800000,12214272,0,12218368,6529024,0,0,0
large_timeline,100000,100000,7,2,64,0,0,layerkeysort_v4_trace,4354048,15314944,21549056,12808192,12222464,0,12226560,6524928,0,0,0
large_timeline,100000,100000,7,0,64,1,0,layerkeysort_v4_trace_diagnostics,4358144,18853888,26836992,13197312,12226560,0,12226560,6512640,0,0,0
local_drag,100000,100000,7,0,64,0,0,layerkeysort_v4_trace,4358144,15384576,16224256,9998336,9814016,0,9818112,6516736,0,0,0
local_drag,100000,100000,7,1,64,0,0,layerkeysort_v4_trace,4354048,15388672,16252928,10027008,9842688,0,9846784,6512640,0,0,0
local_drag,100000,100000,7,2,64,0,0,layerkeysort_v4_trace,4349952,15409152,16281600,10055680,9871360,0,9875456,6508544,0,0,0
local_drag,100000,100000,7,0,64,1,0,layerkeysort_v4_trace_diagnostics,4349952,18804736,19640320,10354688,10006528,0,10006528,6750208,0,0,0
front_back,100000,100000,7,0,64,0,0,layerkeysort_v4_trace,4349952,15413248,16244736,11059200,9830400,0,9834496,6504448,0,0,0
front_back,100000,100000,7,1,64,0,0,layerkeysort_v4_trace,4354048,15339520,16224256,11038720,9809920,0,9814016,6508544,0,0,0
front_back,100000,100000,7,2,64,0,0,layerkeysort_v4_trace,4354048,15413248,16252928,11067392,9838592,0,9842688,6508544,0,0,0
front_back,100000,100000,7,0,64,1,0,layerkeysort_v4_trace_diagnostics,4358144,18788352,19660800,11694080,10022912,0,10022912,6750208,0,0,0
distant_drag,100000,100000,7,0,64,0,0,layerkeysort_v4_trace,4354048,15384576,16236544,9986048,9826304,0,9830400,6512640,0,0,0
distant_drag,100000,100000,7,1,64,0,0,layerkeysort_v4_trace,4354048,15331328,16195584,9945088,9785344,0,9789440,6512640,0,0,0
distant_drag,100000,100000,7,2,64,0,0,layerkeysort_v4_trace,4354048,15327232,16162816,9912320,9752576,0,9756672,6512640,0,0,0
distant_drag,100000,100000,7,0,64,1,0,layerkeysort_v4_trace_diagnostics,4358144,18866176,19726336,10387456,10092544,0,10092544,6758400,0,0,0
hotspot_drag,100000,100000,7,0,64,0,0,layerkeysort_v4_trace,4358144,15417344,16257024,9920512,9920512,0,9924608,6590464,0,0,0
hotspot_drag,100000,100000,7,1,64,0,0,layerkeysort_v4_trace,4354048,15351808,16224256,9887744,9887744,0,9891840,6586368,0,0,0
hotspot_drag,100000,100000,7,2,64,0,0,layerkeysort_v4_trace,4349952,15351808,16228352,9891840,9891840,0,9895936,6582272,0,0,0
hotspot_drag,100000,100000,7,0,64,1,0,layerkeysort_v4_trace_diagnostics,4354048,18817024,19652608,9486336,9486336,0,9486336,6221824,0,0,0
large_moves,100000,100000,7,0,64,0,0,layerkeysort_v4_trace,4358144,15298560,16187392,9936896,9777152,0,9781248,6516736,0,0,0
large_moves,100000,100000,7,1,64,0,0,layerkeysort_v4_trace,4358144,15392768,16236544,9986048,9826304,0,9830400,6516736,0,0,0
large_moves,100000,100000,7,2,64,0,0,layerkeysort_v4_trace,4358144,15396864,16273408,10022912,9863168,0,9867264,6516736,0,0,0
large_moves,100000,100000,7,0,64,1,0,layerkeysort_v4_trace_diagnostics,4358144,18837504,19689472,10350592,10055680,0,10055680,6754304,0,0,0
delete_reinsert,100000,100000,7,0,64,0,0,layerkeysort_v4_trace,4349952,15400960,16236544,10342400,9830400,0,9834496,6508544,0,0,0
delete_reinsert,100000,100000,7,1,64,0,0,layerkeysort_v4_trace,4354048,15331328,16199680,10305536,9793536,0,9797632,6512640,0,0,0
delete_reinsert,100000,100000,7,2,64,0,0,layerkeysort_v4_trace,4354048,15360000,16211968,10317824,9805824,0,9809920,6512640,0,0,0
delete_reinsert,100000,100000,7,0,64,1,0,layerkeysort_v4_trace_diagnostics,4362240,18771968,19652608,10854400,10022912,0,10022912,6762496,0,0,0
managed_churn,100000,100000,7,0,64,0,0,layerkeysort_v4_trace,4349952,15314944,17432576,11141120,10993664,0,10993664,6483968,0,0,0
managed_churn,100000,100000,7,1,64,0,0,layerkeysort_v4_trace,4354048,15409152,17424384,11132928,10985472,0,10985472,6488064,0,0,0
managed_churn,100000,100000,7,2,64,0,0,layerkeysort_v4_trace,4354048,15331328,17383424,11091968,10944512,0,10944512,6488064,0,0,0
managed_churn,100000,100000,7,0,64,1,0,layerkeysort_v4_trace_diagnostics,4362240,18829312,20869120,10981376,10981376,0,10981376,6500352,0,0,0
endpoint,0,1000000,19,0,64,0,0,layerkeysort_v4_trace,4354048,0,111550464,44929024,44929024,0,44933120,12922880,0,0,0
endpoint,0,1000000,19,1,64,0,0,layerkeysort_v4_trace,4358144,0,111554560,44933120,44933120,0,44937216,12926976,0,0,0
endpoint,0,1000000,19,2,64,0,0,layerkeysort_v4_trace,4354048,0,111550464,44929024,44929024,0,44933120,12922880,0,0,0
endpoint,0,1000000,19,0,64,1,0,layerkeysort_v4_trace_diagnostics,4362240,0,144609280,44892160,44871680,0,44871680,12861440,0,0,0
equal,0,1000000,19,0,64,0,0,layerkeysort_v4_trace,4358144,0,111558656,44941312,44941312,0,44941312,12931072,0,0,0
equal,0,1000000,19,1,64,0,0,layerkeysort_v4_trace,4349952,0,111550464,44933120,44933120,0,44933120,12922880,0,0,0
equal,0,1000000,19,2,64,0,0,layerkeysort_v4_trace,4354048,0,111554560,44937216,44937216,0,44937216,12926976,0,0,0
equal,0,1000000,19,0,64,1,0,layerkeysort_v4_trace_diagnostics,4358144,0,144605184,44888064,44867584,0,44867584,12857344,0,0,0
long_churn,10000,1000000,19,0,64,0,0,layerkeysort_v4_trace,4354048,5603328,26419200,26005504,25214976,0,25219072,12697600,0,0,0
long_churn,10000,1000000,19,1,64,0,0,layerkeysort_v4_trace,4354048,5554176,26374144,25960448,25169920,0,25174016,12697600,0,0,0
long_churn,10000,1000000,19,2,64,0,0,layerkeysort_v4_trace,4358144,5603328,26423296,26009600,25219072,0,25223168,12701696,0,0,0
long_churn,10000,1000000,19,0,64,1,0,layerkeysort_v4_trace_diagnostics,4362240,5885952,27049984,26533888,25477120,0,25477120,13000704,0,0,0
distant_drag,100001,100000,19,0,64,0,0,layerkeysort_v4_trace,4354048,15380480,16240640,10178560,9834496,0,9838592,6516736,0,0,0
distant_drag,100001,100000,19,1,64,0,0,layerkeysort_v4_trace,4358144,15368192,16248832,10186752,9842688,0,9846784,6520832,0,0,0
distant_drag,100001,100000,19,2,64,0,0,layerkeysort_v4_trace,4349952,15388672,16232448,10170368,9826304,0,9830400,6512640,0,0,0
distant_drag,100001,100000,19,0,64,1,0,layerkeysort_v4_trace_diagnostics,4358144,18874368,19705856,10366976,10067968,0,10067968,6754304,0,0,0
retained,100000,10000,19,0,64,0,0,layerkeysort_v4_trace,5246976,15429632,37744640,30138368,30138368,37744640,9605120,7843840,0,13520000,8388608
retained,100000,10000,19,1,64,0,0,layerkeysort_v4_trace,5242880,15376384,37810176,30187520,30187520,37810176,9584640,7823360,0,13520000,8388608
retained,100000,10000,19,2,64,0,0,layerkeysort_v4_trace,5242880,15417344,37707776,30085120,30085120,37707776,9584640,7823360,0,13520000,8388608
retained,100000,10000,19,0,64,1,0,layerkeysort_v4_trace_diagnostics,5251072,18882560,41717760,30023680,29749248,41717760,9207808,7446528,2808650,13520000,8388608
timeline,10000,10000,7,0,64,0,0,layerkeysort_v4_trace,4841472,5820416,6250496,5840896,5312512,0,5316608,4866048,0,0,0
timeline,10000,10000,7,1,64,0,0,layerkeysort_v4_trace,4841472,5820416,6250496,5840896,5312512,0,5316608,4866048,0,0,0
timeline,10000,10000,7,2,64,0,0,layerkeysort_v4_trace,4841472,5820416,6250496,5840896,5312512,0,5316608,4866048,0,0,0
timeline,10000,10000,7,0,64,1,0,layerkeysort_v4_trace_diagnostics,4845568,6164480,6864896,6270976,5382144,0,5382144,5382144,0,0,0
timeline,10000,10000,7,0,64,0,10000,layerkeysort_v4_trace,4841472,5820416,6352896,5951488,5464064,0,5464064,5464064,0,256192,131072
timeline,10000,10000,7,1,64,0,10000,layerkeysort_v4_trace,4833280,5812224,6344704,5943296,5455872,0,5455872,5455872,0,256192,131072
timeline,10000,10000,7,2,64,0,10000,layerkeysort_v4_trace,4833280,5812224,6344704,5943296,5455872,0,5455872,5455872,0,256192,131072
timeline,10000,10000,7,0,64,1,10000,layerkeysort_v4_trace_diagnostics,4845568,6127616,7028736,6156288,5615616,0,5615616,4931584,387346,256192,131072
timeline,10000,10000,7,0,64,0,1000,layerkeysort_v4_trace,4837376,5816320,6270976,5873664,5337088,0,5337088,4886528,0,2129216,1310720
timeline,10000,10000,7,1,64,0,1000,layerkeysort_v4_trace,4837376,5816320,6270976,5873664,5337088,0,5337088,4886528,0,2129216,1310720
timeline,10000,10000,7,2,64,0,1000,layerkeysort_v4_trace,4841472,5820416,6275072,5877760,5341184,0,5341184,4890624,0,2129216,1310720
timeline,10000,10000,7,0,64,1,1000,layerkeysort_v4_trace_diagnostics,4845568,6164480,6819840,6062080,5513216,0,5513216,5058560,387338,2129216,1310720
timeline,10000,10000,7,0,64,0,100,layerkeysort_v4_trace,4841472,5820416,6279168,5787648,5341184,0,5341184,4890624,0,20860448,13107200
timeline,10000,10000,7,1,64,0,100,layerkeysort_v4_trace,4837376,5816320,6275072,5783552,5337088,0,5337088,4886528,0,20860448,13107200
timeline,10000,10000,7,2,64,0,100,layerkeysort_v4_trace,4833280,5812224,6270976,5779456,5332992,0,5332992,4882432,0,20860448,13107200
timeline,10000,10000,7,0,64,1,100,layerkeysort_v4_trace_diagnostics,4837376,6156288,6811648,5890048,5459968,0,5459968,5005312,387338,20860448,13107200
churn,10000,10000,7,0,64,0,0,layerkeysort_v4_trace,4841472,5820416,5951488,5632000,5283840,0,5287936,5287936,0,0,0
churn,10000,10000,7,1,64,0,0,layerkeysort_v4_trace,4841472,5820416,5951488,5632000,5283840,0,5287936,5287936,0,0,0
churn,10000,10000,7,2,64,0,0,layerkeysort_v4_trace,4841472,5820416,5951488,5632000,5283840,0,5287936,5287936,0,0,0
churn,10000,10000,7,0,64,1,0,layerkeysort_v4_trace_diagnostics,4845568,6164480,6291456,5795840,5382144,0,5382144,5382144,0,0,0
churn,10000,10000,7,0,64,0,10000,layerkeysort_v4_trace,4837376,5816320,6082560,5660672,5341184,0,5341184,4907008,0,160000,131072
churn,10000,10000,7,1,64,0,10000,layerkeysort_v4_trace,4837376,5816320,6082560,5660672,5341184,0,5341184,4907008,0,160000,131072
churn,10000,10000,7,2,64,0,10000,layerkeysort_v4_trace,4841472,5820416,6086656,5664768,5345280,0,5345280,4911104,0,160000,131072
churn,10000,10000,7,0,64,1,10000,layerkeysort_v4_trace_diagnostics,4841472,6160384,6316032,5832704,5419008,0,5419008,4984832,291154,160000,131072
churn,10000,10000,7,0,64,0,1000,layerkeysort_v4_trace,4841472,5820416,6078464,5652480,5373952,0,5373952,5373952,0,1600000,1310720
churn,10000,10000,7,1,64,0,1000,layerkeysort_v4_trace,4837376,5816320,6082560,5656576,5378048,0,5378048,5378048,0,1600000,1310720
churn,10000,10000,7,2,64,0,1000,layerkeysort_v4_trace,4837376,5816320,6082560,5656576,5378048,0,5378048,5378048,0,1600000,1310720
churn,10000,10000,7,0,64,1,1000,layerkeysort_v4_trace_diagnostics,4841472,6160384,6316032,5824512,5410816,0,5410816,4976640,291154,1600000,1310720
churn,10000,10000,7,0,64,0,100,layerkeysort_v4_trace,4837376,5816320,6049792,5734400,5378048,0,5378048,4947968,0,16000000,13107200
churn,10000,10000,7,1,64,0,100,layerkeysort_v4_trace,4841472,5820416,6053888,5738496,5382144,0,5382144,4952064,0,16000000,13107200
churn,10000,10000,7,2,64,0,100,layerkeysort_v4_trace,4833280,5812224,6045696,5730304,5373952,0,5373952,4943872,0,16000000,13107200
churn,10000,10000,7,0,64,1,100,layerkeysort_v4_trace_diagnostics,4845568,6164480,6320128,5832704,5419008,0,5419008,5419008,291154,16000000,13107200
distant_drag,10000,10000,7,0,64,0,0,layerkeysort_v4_trace,4841472,5820416,5955584,5320704,5320704,0,5324800,4861952,0,0,0
distant_drag,10000,10000,7,1,64,0,0,layerkeysort_v4_trace,4837376,5816320,5951488,5316608,5316608,0,5320704,4857856,0,0,0
distant_drag,10000,10000,7,2,64,0,0,layerkeysort_v4_trace,4837376,5816320,5951488,5316608,5316608,0,5320704,4857856,0,0,0
distant_drag,10000,10000,7,0,64,1,0,layerkeysort_v4_trace_diagnostics,4841472,6164480,6295552,5455872,5386240,0,5386240,4952064,0,0,0
distant_drag,10000,10000,7,0,64,0,10000,layerkeysort_v4_trace,4841472,5820416,6090752,5492736,5382144,0,5382144,5382144,0,160000,131072
distant_drag,10000,10000,7,1,64,0,10000,layerkeysort_v4_trace,4837376,5816320,6086656,5488640,5378048,0,5378048,5378048,0,160000,131072
distant_drag,10000,10000,7,2,64,0,10000,layerkeysort_v4_trace,4837376,5816320,6078464,5480448,5369856,0,5369856,5369856,0,160000,131072
distant_drag,10000,10000,7,0,64,1,10000,layerkeysort_v4_trace_diagnostics,4837376,6160384,6316032,5476352,5410816,0,5410816,5410816,291154,160000,131072
distant_drag,10000,10000,7,0,64,0,1000,layerkeysort_v4_trace,4841472,5820416,6090752,5505024,5386240,0,5386240,4919296,0,1600000,1310720
distant_drag,10000,10000,7,1,64,0,1000,layerkeysort_v4_trace,4833280,5812224,6082560,5496832,5378048,0,5378048,4911104,0,1600000,1310720
distant_drag,10000,10000,7,2,64,0,1000,layerkeysort_v4_trace,4837376,5816320,6086656,5500928,5382144,0,5382144,4915200,0,1600000,1310720
distant_drag,10000,10000,7,0,64,1,1000,layerkeysort_v4_trace_diagnostics,4837376,6160384,6316032,5476352,5406720,0,5406720,4972544,291154,1600000,1310720
distant_drag,10000,10000,7,0,64,0,100,layerkeysort_v4_trace,4837376,5816320,6049792,5410816,5410816,0,5410816,5410816,0,16000000,13107200
distant_drag,10000,10000,7,1,64,0,100,layerkeysort_v4_trace,4837376,5816320,6049792,5410816,5410816,0,5410816,5410816,0,16000000,13107200
distant_drag,10000,10000,7,2,64,0,100,layerkeysort_v4_trace,4837376,5816320,6049792,5410816,5410816,0,5410816,5410816,0,16000000,13107200
distant_drag,10000,10000,7,0,64,1,100,layerkeysort_v4_trace_diagnostics,4837376,6160384,6316032,5476352,5406720,0,5406720,5406720,291154,16000000,13107200
V3_ascending,0,10000,7,0,64,0,0,layerkeysort_v4_trace,4530176,0,6389760,0,0,0,0,4657152,0,0,0
V3_ascending,0,10000,7,1,64,0,0,layerkeysort_v4_trace,4534272,0,6393856,0,0,0,0,4661248,0,0,0
V3_ascending,0,10000,7,2,64,0,0,layerkeysort_v4_trace,4526080,0,6385664,0,0,0,0,4653056,0,0,0
V3_ascending,0,10000,7,0,64,1,0,layerkeysort_v4_trace_diagnostics,4534272,0,7454720,0,0,0,0,4784128,0,0,0
V3_ascending,0,100000,7,0,64,0,0,layerkeysort_v4_trace,4378624,0,23629824,0,0,0,0,7053312,0,0,0
V3_ascending,0,100000,7,1,64,0,0,layerkeysort_v4_trace,4374528,0,23625728,0,0,0,0,7049216,0,0,0
V3_ascending,0,100000,7,2,64,0,0,layerkeysort_v4_trace,4374528,0,23625728,0,0,0,0,7049216,0,0,0
V3_ascending,0,100000,7,0,64,1,0,layerkeysort_v4_trace_diagnostics,4374528,0,33234944,0,0,0,0,7221248,0,0,0
V3_descending,0,10000,7,0,64,0,0,layerkeysort_v4_trace,4526080,0,6385664,0,0,0,0,4653056,0,0,0
V3_descending,0,10000,7,1,64,0,0,layerkeysort_v4_trace,4534272,0,6393856,0,0,0,0,4657152,0,0,0
V3_descending,0,10000,7,2,64,0,0,layerkeysort_v4_trace,4534272,0,6393856,0,0,0,0,4661248,0,0,0
V3_descending,0,10000,7,0,64,1,0,layerkeysort_v4_trace_diagnostics,4538368,0,7454720,0,0,0,0,4788224,0,0,0
V3_descending,0,100000,7,0,64,0,0,layerkeysort_v4_trace,4378624,0,23072768,0,0,0,0,7045120,0,0,0
V3_descending,0,100000,7,1,64,0,0,layerkeysort_v4_trace,4374528,0,23068672,0,0,0,0,7041024,0,0,0
V3_descending,0,100000,7,2,64,0,0,layerkeysort_v4_trace,4378624,0,23072768,0,0,0,0,7045120,0,0,0
V3_descending,0,100000,7,0,64,1,0,layerkeysort_v4_trace_diagnostics,4374528,0,32829440,0,0,0,0,7081984,0,0,0
V3_random,0,10000,7,0,64,0,0,layerkeysort_v4_trace,4521984,0,6549504,0,0,0,0,4739072,0,0,0
V3_random,0,10000,7,1,64,0,0,layerkeysort_v4_trace,4530176,0,6557696,0,0,0,0,4747264,0,0,0
V3_random,0,10000,7,2,64,0,0,layerkeysort_v4_trace,4530176,0,6557696,0,0,0,0,4747264,0,0,0
V3_random,0,10000,7,0,64,1,0,layerkeysort_v4_trace_diagnostics,4526080,0,7540736,0,0,0,0,4694016,0,0,0
V3_random,0,100000,7,0,64,0,0,layerkeysort_v4_trace,4374528,0,24752128,0,0,0,0,7225344,0,0,0
V3_random,0,100000,7,1,64,0,0,layerkeysort_v4_trace,4374528,0,24752128,0,0,0,0,7225344,0,0,0
V3_random,0,100000,7,2,64,0,0,layerkeysort_v4_trace,4374528,0,24752128,0,0,0,0,7225344,0,0,0
V3_random,0,100000,7,0,64,1,0,layerkeysort_v4_trace_diagnostics,4374528,0,34418688,0,0,0,0,7073792,0,0,0
V3_equal,0,10000,7,0,64,0,0,layerkeysort_v4_trace,4534272,0,6393856,0,0,0,0,4661248,0,0,0
V3_equal,0,10000,7,1,64,0,0,layerkeysort_v4_trace,4530176,0,6389760,0,0,0,0,4657152,0,0,0
V3_equal,0,10000,7,2,64,0,0,layerkeysort_v4_trace,4530176,0,6389760,0,0,0,0,4657152,0,0,0
V3_equal,0,10000,7,0,64,1,0,layerkeysort_v4_trace_diagnostics,4530176,0,7450624,0,0,0,0,4780032,0,0,0
V3_equal,0,100000,7,0,64,0,0,layerkeysort_v4_trace,4374528,0,23625728,0,0,0,0,7049216,0,0,0
V3_equal,0,100000,7,1,64,0,0,layerkeysort_v4_trace,4374528,0,23625728,0,0,0,0,7049216,0,0,0
V3_equal,0,100000,7,2,64,0,0,layerkeysort_v4_trace,4374528,0,23625728,0,0,0,0,7049216,0,0,0
V3_equal,0,100000,7,0,64,1,0,layerkeysort_v4_trace_diagnostics,4374528,0,33234944,0,0,0,0,7221248,0,0,0
V3_duplicates,0,10000,7,0,64,0,0,layerkeysort_v4_trace,4534272,0,6533120,0,0,0,0,4726784,0,0,0
V3_duplicates,0,10000,7,1,64,0,0,layerkeysort_v4_trace,4534272,0,6533120,0,0,0,0,4726784,0,0,0
V3_duplicates,0,10000,7,2,64,0,0,layerkeysort_v4_trace,4530176,0,6529024,0,0,0,0,4722688,0,0,0
V3_duplicates,0,10000,7,0,64,1,0,layerkeysort_v4_trace_diagnostics,4526080,0,7577600,0,0,0,0,4628480,0,0,0
V3_duplicates,0,100000,7,0,64,0,0,layerkeysort_v4_trace,4374528,0,23789568,0,0,0,0,7102464,0,0,0
V3_duplicates,0,100000,7,1,64,0,0,layerkeysort_v4_trace,4370432,0,23785472,0,0,0,0,7098368,0,0,0
V3_duplicates,0,100000,7,2,64,0,0,layerkeysort_v4_trace,4378624,0,23793664,0,0,0,0,7106560,0,0,0
V3_duplicates,0,100000,7,0,64,1,0,layerkeysort_v4_trace_diagnostics,4374528,0,33435648,0,0,0,0,7106560,0,0,0
V3_alternating,0,10000,7,0,64,0,0,layerkeysort_v4_trace,4534272,0,7192576,0,0,0,0,4956160,0,0,0
V3_alternating,0,10000,7,1,64,0,0,layerkeysort_v4_trace,4526080,0,7180288,0,0,0,0,4943872,0,0,0
V3_alternating,0,10000,7,2,64,0,0,layerkeysort_v4_trace,4534272,0,7192576,0,0,0,0,4956160,0,0,0
V3_alternating,0,10000,7,0,64,1,0,layerkeysort_v4_trace_diagnostics,4530176,0,8368128,0,0,0,0,4804608,0,0,0
V3_alternating,0,100000,7,0,64,0,0,layerkeysort_v4_trace,4374528,0,28618752,0,0,0,0,7622656,0,0,0
V3_alternating,0,100000,7,1,64,0,0,layerkeysort_v4_trace,4378624,0,28622848,0,0,0,0,7626752,0,0,0
V3_alternating,0,100000,7,2,64,0,0,layerkeysort_v4_trace,4370432,0,28614656,0,0,0,0,7618560,0,0,0
V3_alternating,0,100000,7,0,64,1,0,layerkeysort_v4_trace_diagnostics,4374528,0,40878080,0,0,0,0,7503872,0,0,0
V3_priority,0,10000,7,0,64,0,0,layerkeysort_v4_trace,4534272,0,6561792,0,0,0,0,4751360,0,0,0
V3_priority,0,10000,7,1,64,0,0,layerkeysort_v4_trace,4534272,0,6561792,0,0,0,0,4751360,0,0,0
V3_priority,0,10000,7,2,64,0,0,layerkeysort_v4_trace,4530176,0,6557696,0,0,0,0,4747264,0,0,0
V3_priority,0,10000,7,0,64,1,0,layerkeysort_v4_trace_diagnostics,4530176,0,7544832,0,0,0,0,4698112,0,0,0
V3_priority,0,100000,7,0,64,0,0,layerkeysort_v4_trace,4374528,0,24752128,0,0,0,0,7225344,0,0,0
V3_priority,0,100000,7,1,64,0,0,layerkeysort_v4_trace,4374528,0,24752128,0,0,0,0,7225344,0,0,0
V3_priority,0,100000,7,2,64,0,0,layerkeysort_v4_trace,4374528,0,24752128,0,0,0,0,7225344,0,0,0
V3_priority,0,100000,7,0,64,1,0,layerkeysort_v4_trace_diagnostics,4370432,0,34463744,0,0,0,0,7094272,0,0,0
V3_managed_churn,10000,10000,7,0,64,0,0,layerkeysort_v4_trace,4689920,0,6762496,0,0,0,0,4816896,0,0,0
V3_managed_churn,10000,10000,7,1,64,0,0,layerkeysort_v4_trace,4694016,0,6766592,0,0,0,0,4820992,0,0,0
V3_managed_churn,10000,10000,7,2,64,0,0,layerkeysort_v4_trace,4689920,0,6762496,0,0,0,0,4816896,0,0,0
V3_managed_churn,10000,10000,7,0,64,1,0,layerkeysort_v4_trace_diagnostics,4694016,0,7925760,0,0,0,0,4800512,0,0,0
V3_managed_churn,100000,100000,7,0,64,0,0,layerkeysort_v4_trace,4358144,0,26918912,0,0,0,0,6426624,0,0,0
V3_managed_churn,100000,100000,7,1,64,0,0,layerkeysort_v4_trace,4358144,0,26873856,0,0,0,0,6422528,0,0,0
V3_managed_churn,100000,100000,7,2,64,0,0,layerkeysort_v4_trace,4354048,0,26886144,0,0,0,0,6418432,0,0,0
V3_managed_churn,100000,100000,7,0,64,1,0,layerkeysort_v4_trace_diagnostics,4358144,0,37036032,0,0,0,0,6852608,0,0,0
endpoint,0,10000,7,0,64,0,0,lks_capacity_64_timed_trace,4595712,0,5586944,4911104,4870144,0,4874240,4636672,0,0,0
endpoint,0,10000,7,1,64,0,0,lks_capacity_64_timed_trace,4603904,0,5603328,4927488,4886528,0,4890624,4653056,0,0,0
endpoint,0,10000,7,2,64,0,0,lks_capacity_64_timed_trace,4599808,0,5599232,4919296,4878336,0,4882432,4644864,0,0,0
endpoint,0,10000,7,0,64,1,0,lks_capacity_64_diagnostic_trace,4599808,0,5939200,4976640,4976640,0,4976640,4632576,0,0,0
random,0,10000,7,0,64,0,0,lks_capacity_64_timed_trace,4603904,0,5541888,5349376,4911104,0,4911104,4673536,0,0,0
random,0,10000,7,1,64,0,0,lks_capacity_64_timed_trace,4603904,0,5541888,5349376,4911104,0,4911104,4673536,0,0,0
random,0,10000,7,2,64,0,0,lks_capacity_64_timed_trace,4603904,0,5541888,5349376,4911104,0,4911104,4673536,0,0,0
random,0,10000,7,0,64,1,0,lks_capacity_64_diagnostic_trace,4608000,0,5881856,5595136,5009408,0,5009408,4685824,0,0,0
local_drag,10000,10000,7,0,64,0,0,lks_capacity_64_timed_trace,4837376,5816320,5951488,5459968,5283840,0,5287936,4857856,0,0,0
local_drag,10000,10000,7,1,64,0,0,lks_capacity_64_timed_trace,4837376,5816320,5951488,5459968,5283840,0,5287936,4857856,0,0,0
local_drag,10000,10000,7,2,64,0,0,lks_capacity_64_timed_trace,4837376,5816320,5951488,5459968,5283840,0,5287936,4857856,0,0,0
local_drag,10000,10000,7,0,64,1,0,lks_capacity_64_diagnostic_trace,4841472,6152192,6287360,5693440,5382144,0,5382144,5382144,0,0,0
distant_drag,10000,10000,7,0,64,0,0,lks_capacity_64_timed_trace,4837376,5816320,5951488,5316608,5316608,0,5320704,4857856,0,0,0
distant_drag,10000,10000,7,1,64,0,0,lks_capacity_64_timed_trace,4837376,5816320,5951488,5316608,5316608,0,5320704,4857856,0,0,0
distant_drag,10000,10000,7,2,64,0,0,lks_capacity_64_timed_trace,4841472,5820416,5955584,5320704,5320704,0,5324800,4861952,0,0,0
distant_drag,10000,10000,7,0,64,1,0,lks_capacity_64_diagnostic_trace,4837376,6160384,6287360,5447680,5378048,0,5378048,4943872,0,0,0
churn,10000,10000,7,0,64,0,0,lks_capacity_64_timed_trace,4837376,5816320,5947392,5627904,5279744,0,5283840,5283840,0,0,0
churn,10000,10000,7,1,64,0,0,lks_capacity_64_timed_trace,4829184,5808128,5939200,5619712,5271552,0,5275648,5275648,0,0,0
churn,10000,10000,7,2,64,0,0,lks_capacity_64_timed_trace,4837376,5816320,5947392,5627904,5279744,0,5283840,5283840,0,0,0
churn,10000,10000,7,0,64,1,0,lks_capacity_64_diagnostic_trace,4841472,6160384,6287360,5791744,5378048,0,5378048,5378048,0,0,0
equal,0,10000,7,0,64,0,0,lks_capacity_64_timed_trace,4603904,0,5607424,4935680,4894720,0,4894720,4894720,0,0,0
equal,0,10000,7,1,64,0,0,lks_capacity_64_timed_trace,4595712,0,5599232,4927488,4886528,0,4886528,4886528,0,0,0
equal,0,10000,7,2,64,0,0,lks_capacity_64_timed_trace,4599808,0,5595136,4923392,4882432,0,4882432,4882432,0,0,0
equal,0,10000,7,0,64,1,0,lks_capacity_64_diagnostic_trace,4603904,0,5943296,4980736,4980736,0,4980736,4636672,0,0,0
duplicates,0,10000,7,0,64,0,0,lks_capacity_64_timed_trace,4599808,0,5603328,4927488,4927488,0,4927488,4669440,0,0,0
duplicates,0,10000,7,1,64,0,0,lks_capacity_64_timed_trace,4599808,0,5603328,4927488,4927488,0,4927488,4669440,0,0,0
duplicates,0,10000,7,2,64,0,0,lks_capacity_64_timed_trace,4603904,0,5607424,4931584,4931584,0,4931584,4673536,0,0,0
duplicates,0,10000,7,0,64,1,0,lks_capacity_64_diagnostic_trace,4603904,0,5943296,5066752,5013504,0,5013504,4673536,0,0,0
timeline,10000,10000,7,0,64,0,0,lks_capacity_64_timed_trace,4837376,5816320,6246400,5836800,5308416,0,5312512,4861952,0,0,0
timeline,10000,10000,7,1,64,0,0,lks_capacity_64_timed_trace,4833280,5775360,6242304,5832704,5304320,0,5308416,4857856,0,0,0
timeline,10000,10000,7,2,64,0,0,lks_capacity_64_timed_trace,4837376,5816320,6246400,5836800,5308416,0,5312512,4861952,0,0,0
timeline,10000,10000,7,0,64,1,0,lks_capacity_64_diagnostic_trace,4841472,6160384,6860800,6266880,5378048,0,5378048,5378048,0,0,0
endpoint,0,10000,7,0,128,0,0,lks_capacity_128_timed_trace,4603904,0,5586944,4972544,4931584,0,4935680,4935680,0,0,0
endpoint,0,10000,7,1,128,0,0,lks_capacity_128_timed_trace,4599808,0,5582848,4968448,4927488,0,4931584,4931584,0,0,0
endpoint,0,10000,7,2,128,0,0,lks_capacity_128_timed_trace,4599808,0,5574656,4960256,4923392,0,4927488,4927488,0,0,0
endpoint,0,10000,7,0,128,1,0,lks_capacity_128_diagnostic_trace,4608000,0,5931008,5054464,5054464,0,5009408,4689920,0,0,0
random,0,10000,7,0,128,0,0,lks_capacity_128_timed_trace,4603904,0,5566464,5423104,4972544,0,4972544,4653056,0,0,0
random,0,10000,7,1,128,0,0,lks_capacity_128_timed_trace,4599808,0,5562368,5419008,4968448,0,4968448,4648960,0,0,0
random,0,10000,7,2,128,0,0,lks_capacity_128_timed_trace,4595712,0,5558272,5414912,4964352,0,4964352,4644864,0,0,0
random,0,10000,7,0,128,1,0,lks_capacity_128_diagnostic_trace,4603904,0,5894144,5578752,5046272,0,5046272,4722688,0,0,0
local_drag,10000,10000,7,0,128,0,0,lks_capacity_128_timed_trace,4837376,5799936,5935104,5455872,5287936,0,5292032,5292032,0,0,0
local_drag,10000,10000,7,1,128,0,0,lks_capacity_128_timed_trace,4841472,5804032,5939200,5459968,5287936,0,5292032,5292032,0,0,0
local_drag,10000,10000,7,2,128,0,0,lks_capacity_128_timed_trace,4837376,5799936,5935104,5455872,5287936,0,5292032,5292032,0,0,0
local_drag,10000,10000,7,0,128,1,0,lks_capacity_128_diagnostic_trace,4841472,6148096,6279168,5697536,5361664,0,5361664,4927488,0,0,0
distant_drag,10000,10000,7,0,128,0,0,lks_capacity_128_timed_trace,4833280,5795840,5931008,5373952,5279744,0,5283840,5283840,0,0,0
distant_drag,10000,10000,7,1,128,0,0,lks_capacity_128_timed_trace,4841472,5804032,5939200,5382144,5287936,0,5292032,5292032,0,0,0
distant_drag,10000,10000,7,2,128,0,0,lks_capacity_128_timed_trace,4837376,5799936,5935104,5378048,5283840,0,5287936,5287936,0,0,0
distant_drag,10000,10000,7,0,128,1,0,lks_capacity_128_diagnostic_trace,4837376,6144000,6275072,5406720,5406720,0,5406720,4919296,0,0,0
churn,10000,10000,7,0,128,0,0,lks_capacity_128_timed_trace,4837376,5799936,5931008,5627904,5279744,0,5283840,5283840,0,0,0
churn,10000,10000,7,1,128,0,0,lks_capacity_128_timed_trace,4837376,5799936,5931008,5627904,5279744,0,5283840,5283840,0,0,0
churn,10000,10000,7,2,128,0,0,lks_capacity_128_timed_trace,4841472,5804032,5935104,5632000,5283840,0,5287936,5287936,0,0,0
churn,10000,10000,7,0,128,1,0,lks_capacity_128_diagnostic_trace,4845568,6148096,6279168,5898240,5419008,0,5419008,5419008,0,0,0
equal,0,10000,7,0,128,0,0,lks_capacity_128_timed_trace,4599808,0,5582848,4968448,4927488,0,4927488,4689920,0,0,0
equal,0,10000,7,1,128,0,0,lks_capacity_128_timed_trace,4599808,0,5582848,4968448,4927488,0,4927488,4689920,0,0,0
equal,0,10000,7,2,128,0,0,lks_capacity_128_timed_trace,4599808,0,5591040,4976640,4935680,0,4935680,4698112,0,0,0
equal,0,10000,7,0,128,1,0,lks_capacity_128_diagnostic_trace,4603904,0,5926912,5050368,5050368,0,5005312,4685824,0,0,0
duplicates,0,10000,7,0,128,0,0,lks_capacity_128_timed_trace,4599808,0,5562368,5001216,5001216,0,5001216,4648960,0,0,0
duplicates,0,10000,7,1,128,0,0,lks_capacity_128_timed_trace,4599808,0,5562368,5001216,5001216,0,5001216,4648960,0,0,0
duplicates,0,10000,7,2,128,0,0,lks_capacity_128_timed_trace,4599808,0,5562368,5001216,5001216,0,5001216,4648960,0,0,0
duplicates,0,10000,7,0,128,1,0,lks_capacity_128_diagnostic_trace,4603904,0,5926912,5046272,5046272,0,5046272,4685824,0,0,0
timeline,10000,10000,7,0,128,0,0,lks_capacity_128_timed_trace,4841472,5804032,6234112,5767168,5312512,0,5316608,5316608,0,0,0
timeline,10000,10000,7,1,128,0,0,lks_capacity_128_timed_trace,4845568,5804032,6242304,5881856,5316608,0,5320704,4870144,0,0,0
timeline,10000,10000,7,2,128,0,0,lks_capacity_128_timed_trace,4833280,5795840,6225920,5758976,5304320,0,5308416,5308416,0,0,0
timeline,10000,10000,7,0,128,1,0,lks_capacity_128_diagnostic_trace,4841472,6144000,6844416,6021120,5386240,0,5386240,4931584,0,0,0
endpoint,0,10000,7,0,256,0,0,lks_capacity_256_timed_trace,4599808,0,5582848,4927488,4927488,0,4931584,4931584,0,0,0
endpoint,0,10000,7,1,256,0,0,lks_capacity_256_timed_trace,4595712,0,5578752,4923392,4923392,0,4927488,4927488,0,0,0
endpoint,0,10000,7,2,256,0,0,lks_capacity_256_timed_trace,4599808,0,5582848,4927488,4927488,0,4931584,4931584,0,0,0
endpoint,0,10000,7,0,256,1,0,lks_capacity_256_diagnostic_trace,4608000,0,5931008,5025792,5025792,0,4984832,4665344,0,0,0
random,0,10000,7,0,256,0,0,lks_capacity_256_timed_trace,4599808,0,5595136,5378048,5062656,0,5062656,4739072,0,0,0
random,0,10000,7,1,256,0,0,lks_capacity_256_timed_trace,4595712,0,5591040,5373952,5058560,0,5058560,4734976,0,0,0
random,0,10000,7,2,256,0,0,lks_capacity_256_timed_trace,4603904,0,5599232,5382144,5066752,0,5066752,4743168,0,0,0
random,0,10000,7,0,256,1,0,lks_capacity_256_diagnostic_trace,4603904,0,5926912,5656576,4984832,0,4984832,4661248,0,0,0
local_drag,10000,10000,7,0,256,0,0,lks_capacity_256_timed_trace,4841472,5812224,5943296,5423104,5423104,0,5427200,5427200,0,0,0
local_drag,10000,10000,7,1,256,0,0,lks_capacity_256_timed_trace,4841472,5812224,5943296,5423104,5423104,0,5427200,5427200,0,0,0
local_drag,10000,10000,7,2,256,0,0,lks_capacity_256_timed_trace,4833280,5804032,5935104,5414912,5414912,0,5419008,5419008,0,0,0
local_drag,10000,10000,7,0,256,1,0,lks_capacity_256_diagnostic_trace,4841472,6152192,6283264,5701632,5341184,0,5341184,4907008,0,0,0
distant_drag,10000,10000,7,0,256,0,0,lks_capacity_256_timed_trace,4837376,5771264,5939200,5410816,5410816,0,5414912,5414912,0,0,0
distant_drag,10000,10000,7,1,256,0,0,lks_capacity_256_timed_trace,4837376,5808128,5939200,5410816,5410816,0,5414912,5414912,0,0,0
distant_drag,10000,10000,7,2,256,0,0,lks_capacity_256_timed_trace,4841472,5812224,5943296,5414912,5414912,0,5419008,5419008,0,0,0
distant_drag,10000,10000,7,0,256,1,0,lks_capacity_256_diagnostic_trace,4833280,6144000,6275072,5500928,5402624,0,5402624,4898816,0,0,0
churn,10000,10000,7,0,256,0,0,lks_capacity_256_timed_trace,4841472,5775360,5902336,5672960,5373952,0,5378048,4972544,0,0,0
churn,10000,10000,7,1,256,0,0,lks_capacity_256_timed_trace,4837376,5799936,5926912,5697536,5398528,0,5402624,4968448,0,0,0
churn,10000,10000,7,2,256,0,0,lks_capacity_256_timed_trace,4837376,5799936,5926912,5697536,5398528,0,5402624,4968448,0,0,0
churn,10000,10000,7,0,256,1,0,lks_capacity_256_diagnostic_trace,4841472,6144000,6270976,5779456,5365760,0,5365760,5365760,0,0,0
equal,0,10000,7,0,256,0,0,lks_capacity_256_timed_trace,4599808,0,5595136,4935680,4935680,0,4935680,4677632,0,0,0
equal,0,10000,7,1,256,0,0,lks_capacity_256_timed_trace,4599808,0,5595136,4935680,4935680,0,4935680,4677632,0,0,0
equal,0,10000,7,2,256,0,0,lks_capacity_256_timed_trace,4599808,0,5595136,4935680,4935680,0,4935680,4677632,0,0,0
equal,0,10000,7,0,256,1,0,lks_capacity_256_diagnostic_trace,4608000,0,5931008,5025792,5025792,0,4984832,4665344,0,0,0
duplicates,0,10000,7,0,256,0,0,lks_capacity_256_timed_trace,4599808,0,5595136,5070848,5070848,0,5070848,4734976,0,0,0
duplicates,0,10000,7,1,256,0,0,lks_capacity_256_timed_trace,4599808,0,5595136,5070848,5070848,0,5070848,4734976,0,0,0
duplicates,0,10000,7,2,256,0,0,lks_capacity_256_timed_trace,4603904,0,5599232,5074944,5074944,0,5074944,4739072,0,0,0
duplicates,0,10000,7,0,256,1,0,lks_capacity_256_diagnostic_trace,4599808,0,5922816,5009408,5009408,0,5009408,4653056,0,0,0
timeline,10000,10000,7,0,256,0,0,lks_capacity_256_timed_trace,4837376,5808128,6238208,5857280,5423104,0,5427200,5427200,0,0,0
timeline,10000,10000,7,1,256,0,0,lks_capacity_256_timed_trace,4837376,5771264,6238208,5857280,5423104,0,5427200,5427200,0,0,0
timeline,10000,10000,7,2,256,0,0,lks_capacity_256_timed_trace,4837376,5808128,6238208,5857280,5423104,0,5427200,5427200,0,0,0
timeline,10000,10000,7,0,256,1,0,lks_capacity_256_diagnostic_trace,4845568,6152192,6848512,6057984,5369856,0,5369856,4915200,0,0,0
