allocation_bytes,allocations,assignments,association_capacity_bytes,built_requested,cadence,capacity,capture_ms,churn_requested,cleanup_live_blocks,cleanup_live_bytes,cleanup_ms,comparisons,diagnostic,empty_container_requested,family,format_ms,frees,index_writes,initial,key_bytes,load_ms,local_arrays,max_arrays,max_assignments,max_index,max_repairs,max_splits,max_us,merges,mutation_ms,noops,oracle,p50_us,p95_us,p999_us,p99_us,peak_requested,query_ms,restore_ms,rotations,rss_built,rss_churn,rss_empty,rss_final,rss_released,rss_retained,rss_small,rss_start,run,seed,serialize_ms,small_requested,snapshot_count,snapshot_peak,snapshot_row_bytes,source_repairs,splits,steps,target,wire_bytes
0,0,0,0,0,0,64,0.0,0,0,0,3.4061,0,0,0,endpoint,0.0,0,0,0,0,0.0,0,0,0,0,0,0,84.5,0,8.0301,0,True,0.0,0.100001,4.8,0.200001,0,0.0543,0.0,0,0,15323136,8929280,7331840,8933376,0,8929280,5165056,0,7,0.0,0,0,0,0,0,0,100000,lks_capacity_64_timed_trace,0
0,0,0,0,0,0,128,0.0,0,0,0,4.6481,0,0,0,endpoint,0.0,0,0,0,0,0.0,0,0,0,0,0,0,76.1,0,8.8894,0,True,0.1,0.100001,5.6,0.200001,0,0.0499,0.0,0,0,15212544,8863744,7266304,8867840,0,8863744,5165056,0,7,0.0,0,0,0,0,0,0,100000,lks_capacity_128_timed_trace,0
0,0,0,0,0,0,256,0.0,0,0,0,8.8671,0,0,0,endpoint,0.0,0,0,0,0,0.0,0,0,0,0,0,0,134.299999,0,12.5883,0,True,0.1,0.100001,5.800001,0.4,0,0.0446,0.0,0,0,15237120,8953856,7356416,8957952,0,8953856,5165056,0,7,0.0,0,0,0,0,0,0,100000,lks_capacity_256_timed_trace,0
0,0,0,0,0,0,64,0.0,0,0,0,5.1651,1536952,0,0,random,0.0,0,0,0,0,0.0,0,0,0,0,0,0,73.3,0,34.0104,0,True,0.3,0.5,6.0,0.7,0,0.0627,0.0,0,0,14790656,8986624,7385088,8986624,0,10223616,5160960,0,7,0.0,0,0,0,0,0,0,100000,lks_capacity_64_timed_trace,0
0,0,0,0,0,0,128,0.0,0,0,0,7.058,1532166,0,0,random,0.0,0,0,0,0,0.0,0,0,0,0,0,0,726.3,0,40.651,0,True,0.399999,0.6,9.8,1.0,0,0.056,0.0,0,0,14684160,8810496,7208960,8810496,0,10117120,5165056,0,7,0.0,0,0,0,0,0,0,100000,lks_capacity_128_timed_trace,0
0,0,0,0,0,0,256,0.0,0,0,0,10.2321,1540425,0,0,random,0.0,0,0,0,0,0.0,0,0,0,0,0,0,110.5,0,44.7406,0,True,0.4,0.6,9.1,1.2,0,0.0446,0.0,0,0,14708736,8892416,7290880,8892416,0,10055680,5160960,0,7,0.0,0,0,0,0,0,0,100000,lks_capacity_256_timed_trace,0
0,0,0,0,0,0,64,0.0,0,0,0,3.5719,0,0,0,local_drag,0.0,0,0,100000,0,0.0,0,0,0,0,0,0,911.5,0,16.6065,0,True,0.1,0.2,2.4,0.499999,0,0.0802,0.0,0,15351808,16199680,9789440,6516736,9793536,0,9973760,4358144,0,7,0.0,0,0,0,0,0,0,100000,lks_capacity_64_timed_trace,0
0,0,0,0,0,0,128,0.0,0,0,0,5.1443,0,0,0,local_drag,0.0,0,0,100000,0,0.0,0,0,0,0,0,0,96.8,0,17.8002,0,True,0.1,0.2,2.199999,0.5,0,0.055,0.0,0,15183872,16044032,9637888,6406144,9641984,0,9801728,4358144,0,7,0.0,0,0,0,0,0,0,100000,lks_capacity_128_timed_trace,0
0,0,0,0,0,0,256,0.0,0,0,0,7.4128,0,0,0,local_drag,0.0,0,0,100000,0,0.0,0,0,0,0,0,0,202.9,0,19.5272,0,True,0.1,0.2,2.799999,0.5,0,0.0486,0.0,0,15323136,16171008,9740288,6410240,9744384,0,9900032,4354048,0,7,0.0,0,0,0,0,0,0,100000,lks_capacity_256_timed_trace,0
0,0,0,0,0,0,64,0.0,0,0,0,4.1423,0,0,0,distant_drag,0.0,0,0,100000,0,0.0,0,0,0,0,0,0,116.2,0,32.5234,0,True,0.1,0.4,3.7,0.9,0,0.0793,0.0,0,15339520,16216064,9805824,6512640,9809920,0,9969664,4354048,0,7,0.0,0,0,0,0,0,0,100000,lks_capacity_64_timed_trace,0
0,0,0,0,0,0,128,0.0,0,0,0,6.7423,0,0,0,distant_drag,0.0,0,0,100000,0,0.0,0,0,0,0,0,0,289.4,0,36.5973,0,True,0.100001,0.4,4.799999,1.1,0,0.0814,0.0,0,15257600,16105472,9711616,6414336,9715712,0,9867264,4349952,0,7,0.0,0,0,0,0,0,0,100000,lks_capacity_128_timed_trace,0
0,0,0,0,0,0,256,0.0,0,0,0,7.5754,0,0,0,distant_drag,0.0,0,0,100000,0,0.0,0,0,0,0,0,0,108.3,0,44.5593,0,True,0.2,0.4,3.300001,1.0,0,0.0464,0.0,0,15290368,16150528,9728000,6426624,9732096,0,9879552,4358144,0,7,0.0,0,0,0,0,0,0,100000,lks_capacity_256_timed_trace,0
0,0,0,0,0,0,64,0.0,0,0,0,4.6214,0,0,0,churn,0.0,0,0,100000,0,0.0,0,0,0,0,0,0,153.0,0,29.0673,0,True,0.1,0.3,3.0,0.7,0,0.0627,0.0,0,15405056,17436672,11030528,6512640,11034624,0,11460608,4354048,0,7,0.0,0,0,0,0,0,0,100000,lks_capacity_64_timed_trace,0
0,0,0,0,0,0,128,0.0,0,0,0,5.8381,0,0,0,churn,0.0,0,0,100000,0,0.0,0,0,0,0,0,0,109.0,0,30.0481,0,True,0.1,0.3,2.899999,0.9,0,0.0554,0.0,0,15360000,17375232,11239424,6676480,11243520,0,11755520,4358144,0,7,0.0,0,0,0,0,0,0,100000,lks_capacity_128_timed_trace,0
0,0,0,0,0,0,256,0.0,0,0,0,8.5383,0,0,0,churn,0.0,0,0,100000,0,0.0,0,0,0,0,0,0,706.9,0,36.7104,0,True,0.100001,0.3,2.6,0.7,0,0.0462,0.0,0,15314944,17317888,10883072,6402048,10887168,0,11325440,4354048,0,7,0.0,0,0,0,0,0,0,100000,lks_capacity_256_timed_trace,0
0,0,0,0,0,0,64,0.0,0,0,0,3.2658,1068980,0,0,equal,0.0,0,0,0,0,0.0,0,0,0,0,0,0,83.4,0,9.306,0,True,0.1,0.100001,4.9,0.3,0,0.0543,0.0,0,0,15331328,8941568,7340032,8941568,0,8941568,5169152,0,7,0.0,0,0,0,0,0,0,100000,lks_capacity_64_timed_trace,0
0,0,0,0,0,0,128,0.0,0,0,0,4.6156,969045,0,0,equal,0.0,0,0,0,0,0.0,0,0,0,0,0,0,80.5,0,10.6481,0,True,0.1,0.100001,4.5,0.3,0,0.0495,0.0,0,0,15216640,8867840,7266304,8867840,0,8867840,5160960,0,7,0.0,0,0,0,0,0,0,100000,lks_capacity_128_timed_trace,0
0,0,0,0,0,0,256,0.0,0,0,0,6.8565,869174,0,0,equal,0.0,0,0,0,0,0.0,0,0,0,0,0,0,52.3,0,12.7818,0,True,0.1,0.2,3.5,0.3,0,0.0419,0.0,0,0,15245312,8962048,7360512,8962048,0,8962048,5165056,0,7,0.0,0,0,0,0,0,0,100000,lks_capacity_256_timed_trace,0
0,0,0,0,0,0,64,0.0,0,0,0,3.615,1604004,0,0,duplicates,0.0,0,0,0,0,0.0,0,0,0,0,0,0,110.3,0,17.4396,0,True,0.1,0.3,6.0,0.5,0,0.0591,0.0,0,0,15327232,9117696,7516160,9117696,0,9117696,5165056,0,7,0.0,0,0,0,0,0,0,100000,lks_capacity_64_timed_trace,0
0,0,0,0,0,0,128,0.0,0,0,0,7.052,1590985,0,0,duplicates,0.0,0,0,0,0,0.0,0,0,0,0,0,0,107.5,0,19.7625,0,True,0.2,0.3,7.4,0.5,0,0.0532,0.0,0,0,15220736,8933376,7331840,8933376,0,8933376,5169152,0,7,0.0,0,0,0,0,0,0,100000,lks_capacity_128_timed_trace,0
0,0,0,0,0,0,256,0.0,0,0,0,10.8025,1577967,0,0,duplicates,0.0,0,0,0,0,0.0,0,0,0,0,0,0,79.699999,0,25.3234,0,True,0.2,0.3,9.300001,0.6,0,0.0958,0.0,0,0,15241216,8998912,7397376,8998912,0,8998912,5165056,0,7,0.0,0,0,0,0,0,0,100000,lks_capacity_256_timed_trace,0
0,0,0,0,0,0,64,0.0,0,0,0,7.5804,0,0,0,timeline,0.0,0,0,100000,0,0.0,0,0,0,0,0,0,139.2,0,29.0685,0,True,0.1,0.3,5.2,0.700001,0,0.0629,0.0,0,15360000,21512192,12177408,6520832,12181504,0,12763136,4358144,0,7,0.0,0,0,0,0,0,0,100000,lks_capacity_64_timed_trace,0
0,0,0,0,0,0,128,0.0,0,0,0,9.7661,0,0,0,timeline,0.0,0,0,100000,0,0.0,0,0,0,0,0,0,285.8,0,36.9641,0,True,0.1,0.399999,5.4,0.9,0,0.0552,0.0,0,15233024,21413888,12095488,6422528,12099584,0,12689408,4358144,0,7,0.0,0,0,0,0,0,0,100000,lks_capacity_128_timed_trace,0
0,0,0,0,0,0,256,0.0,0,0,0,13.841,0,0,0,timeline,0.0,0,0,100000,0,0.0,0,0,0,0,0,0,114.4,0,43.5655,0,True,0.100001,0.4,4.9,1.3,0,0.059,0.0,0,15257600,21458944,12107776,6422528,12111872,0,12701696,4358144,0,7,0.0,0,0,0,0,0,0,100000,lks_capacity_256_timed_trace,0
0,0,0,0,0,0,128,0.0,0,0,0,4.917,0,0,0,endpoint,0.0,0,0,0,0,0.0,0,0,0,0,0,0,73.6,0,8.9032,0,True,0.1,0.100001,4.2,0.3,0,0.0498,0.0,0,0,15208448,8859648,7262208,8863744,0,8859648,5160960,1,7,0.0,0,0,0,0,0,0,100000,lks_capacity_128_timed_trace,0
0,0,0,0,0,0,256,0.0,0,0,0,6.8156,0,0,0,endpoint,0.0,0,0,0,0,0.0,0,0,0,0,0,0,52.400001,0,11.7667,0,True,0.1,0.100001,5.700001,0.3,0,0.0416,0.0,0,0,15237120,8953856,7356416,8957952,0,8953856,5165056,1,7,0.0,0,0,0,0,0,0,100000,lks_capacity_256_timed_trace,0
0,0,0,0,0,0,64,0.0,0,0,0,3.1655,0,0,0,endpoint,0.0,0,0,0,0,0.0,0,0,0,0,0,0,74.8,0,7.6949,0,True,0.1,0.100001,3.900001,0.200001,0,0.0546,0.0,0,0,15319040,8925184,7327744,8929280,0,8925184,5160960,1,7,0.0,0,0,0,0,0,0,100000,lks_capacity_64_timed_trace,0
0,0,0,0,0,0,128,0.0,0,0,0,10.2017,1532166,0,0,random,0.0,0,0,0,0,0.0,0,0,0,0,0,0,107.8,0,43.1335,0,True,0.399999,0.7,10.9,1.300001,0,0.0547,0.0,0,0,14688256,8814592,7213056,8814592,0,10121216,5169152,1,7,0.0,0,0,0,0,0,0,100000,lks_capacity_128_timed_trace,0
0,0,0,0,0,0,256,0.0,0,0,0,12.0665,1540425,0,0,random,0.0,0,0,0,0,0.0,0,0,0,0,0,0,173.6,0,47.281,0,True,0.4,0.7,11.2,1.4,0,0.0438,0.0,0,0,14712832,8896512,7294976,8896512,0,10059776,5165056,1,7,0.0,0,0,0,0,0,0,100000,lks_capacity_256_timed_trace,0
0,0,0,0,0,0,64,0.0,0,0,0,5.2904,1536952,0,0,random,0.0,0,0,0,0,0.0,0,0,0,0,0,0,208.8,0,39.5432,0,True,0.3,0.7,9.4,1.4,0,0.0647,0.0,0,0,14794752,8990720,7389184,8990720,0,10227712,5165056,1,7,0.0,0,0,0,0,0,0,100000,lks_capacity_64_timed_trace,0
0,0,0,0,0,0,128,0.0,0,0,0,5.0828,0,0,0,local_drag,0.0,0,0,100000,0,0.0,0,0,0,0,0,0,77.9,0,15.2844,0,True,0.1,0.2,1.8,0.4,0,0.0534,0.0,0,15327232,16171008,9777152,6422528,9781248,0,9940992,4358144,1,7,0.0,0,0,0,0,0,0,100000,lks_capacity_128_timed_trace,0
0,0,0,0,0,0,256,0.0,0,0,0,7.1156,0,0,0,local_drag,0.0,0,0,100000,0,0.0,0,0,0,0,0,0,134.200001,0,19.3491,0,True,0.1,0.2,2.6,0.5,0,0.0432,0.0,0,15237120,16113664,9682944,6410240,9687040,0,9842688,4354048,1,7,0.0,0,0,0,0,0,0,100000,lks_capacity_256_timed_trace,0
0,0,0,0,0,0,64,0.0,0,0,0,4.371,0,0,0,local_drag,0.0,0,0,100000,0,0.0,0,0,0,0,0,0,57.1,0,15.6863,0,True,0.1,0.2,2.100001,0.4,0,0.0777,0.0,0,15376384,16248832,9838592,6516736,9842688,0,10022912,4358144,1,7,0.0,0,0,0,0,0,0,100000,lks_capacity_64_timed_trace,0
0,0,0,0,0,0,128,0.0,0,0,0,5.6293,0,0,0,distant_drag,0.0,0,0,100000,0,0.0,0,0,0,0,0,0,115.0,0,39.0789,0,True,0.100001,0.399999,3.200001,0.9,0,0.0561,0.0,0,15187968,16080896,9687040,6418432,9691136,0,9842688,4354048,1,7,0.0,0,0,0,0,0,0,100000,lks_capacity_128_timed_trace,0
0,0,0,0,0,0,256,0.0,0,0,0,8.3565,0,0,0,distant_drag,0.0,0,0,100000,0,0.0,0,0,0,0,0,0,183.4,0,51.6591,0,True,0.2,0.5,4.2,1.599999,0,0.0439,0.0,0,15200256,16072704,9650176,6422528,9654272,0,9801728,4354048,1,7,0.0,0,0,0,0,0,0,100000,lks_capacity_256_timed_trace,0
0,0,0,0,0,0,64,0.0,0,0,0,4.0955,0,0,0,distant_drag,0.0,0,0,100000,0,0.0,0,0,0,0,0,0,110.3,0,26.194,0,True,0.1,0.3,2.7,0.8,0,0.0661,0.0,0,15331328,16191488,9781248,6516736,9785344,0,9940992,4358144,1,7,0.0,0,0,0,0,0,0,100000,lks_capacity_64_timed_trace,0
0,0,0,0,0,0,128,0.0,0,0,0,5.9014,0,0,0,churn,0.0,0,0,100000,0,0.0,0,0,0,0,0,0,113.399999,0,30.9842,0,True,0.1,0.3,3.2,0.9,0,0.0554,0.0,0,15273984,17293312,11149312,6660096,11153408,0,11665408,4354048,1,7,0.0,0,0,0,0,0,0,100000,lks_capacity_128_timed_trace,0
0,0,0,0,0,0,256,0.0,0,0,0,8.6912,0,0,0,churn,0.0,0,0,100000,0,0.0,0,0,0,0,0,0,165.3,0,36.8866,0,True,0.100001,0.3,2.8,0.7,0,0.0453,0.0,0,15335424,17367040,10932224,6406144,10936320,0,11374592,4358144,1,7,0.0,0,0,0,0,0,0,100000,lks_capacity_256_timed_trace,0
0,0,0,0,0,0,64,0.0,0,0,0,4.7599,0,0,0,churn,0.0,0,0,100000,0,0.0,0,0,0,0,0,0,143.6,0,26.7844,0,True,0.1,0.3,2.4,0.5,0,0.0689,0.0,0,15372288,17403904,10997760,6508544,11001856,0,11427840,4349952,1,7,0.0,0,0,0,0,0,0,100000,lks_capacity_64_timed_trace,0
0,0,0,0,0,0,128,0.0,0,0,0,4.6821,969045,0,0,equal,0.0,0,0,0,0,0.0,0,0,0,0,0,0,53.6,0,10.3233,0,True,0.1,0.100001,6.5,0.3,0,0.0504,0.0,0,0,15220736,8871936,7270400,8871936,0,8871936,5165056,1,7,0.0,0,0,0,0,0,0,100000,lks_capacity_128_timed_trace,0
0,0,0,0,0,0,256,0.0,0,0,0,6.7287,869174,0,0,equal,0.0,0,0,0,0,0.0,0,0,0,0,0,0,75.9,0,12.8519,0,True,0.1,0.2,6.1,0.3,0,0.0419,0.0,0,0,15245312,8962048,7360512,8962048,0,8962048,5165056,1,7,0.0,0,0,0,0,0,0,100000,lks_capacity_256_timed_trace,0
0,0,0,0,0,0,64,0.0,0,0,0,3.2965,1068980,0,0,equal,0.0,0,0,0,0,0.0,0,0,0,0,0,0,56.1,0,9.1417,0,True,0.1,0.100001,4.3,0.3,0,0.0541,0.0,0,0,15331328,8941568,7340032,8941568,0,8941568,5169152,1,7,0.0,0,0,0,0,0,0,100000,lks_capacity_64_timed_trace,0
0,0,0,0,0,0,128,0.0,0,0,0,5.4414,1590985,0,0,duplicates,0.0,0,0,0,0,0.0,0,0,0,0,0,0,85.8,0,19.5691,0,True,0.2,0.3,7.7,0.5,0,0.0516,0.0,0,0,15224832,8937472,7335936,8937472,0,8937472,5169152,1,7,0.0,0,0,0,0,0,0,100000,lks_capacity_128_timed_trace,0
0,0,0,0,0,0,256,0.0,0,0,0,7.9572,1577967,0,0,duplicates,0.0,0,0,0,0,0.0,0,0,0,0,0,0,61.8,0,23.7573,0,True,0.2,0.3,6.1,0.5,0,0.0431,0.0,0,0,15241216,8998912,7397376,8998912,0,8998912,5165056,1,7,0.0,0,0,0,0,0,0,100000,lks_capacity_256_timed_trace,0
0,0,0,0,0,0,64,0.0,0,0,0,4.1152,1604004,0,0,duplicates,0.0,0,0,0,0,0.0,0,0,0,0,0,0,101.500001,0,18.2471,0,True,0.1,0.3,7.7,0.6,0,0.0598,0.0,0,0,15331328,9121792,7520256,9121792,0,9121792,5169152,1,7,0.0,0,0,0,0,0,0,100000,lks_capacity_64_timed_trace,0
0,0,0,0,0,0,128,0.0,0,0,0,10.3592,0,0,0,timeline,0.0,0,0,100000,0,0.0,0,0,0,0,0,0,85.8,0,35.4482,0,True,0.1,0.4,6.1,0.999999,0,0.0563,0.0,0,15273984,21454848,12136448,6422528,12140544,0,12730368,4358144,1,7,0.0,0,0,0,0,0,0,100000,lks_capacity_128_timed_trace,0
0,0,0,0,0,0,256,0.0,0,0,0,15.2326,0,0,0,timeline,0.0,0,0,100000,0,0.0,0,0,0,0,0,0,208.4,0,50.0265,0,True,0.2,0.6,8.5,1.4,0,0.0461,0.0,0,15216640,21377024,12029952,6418432,12034048,0,12615680,4349952,1,7,0.0,0,0,0,0,0,0,100000,lks_capacity_256_timed_trace,0
0,0,0,0,0,0,64,0.0,0,0,0,7.5586,0,0,0,timeline,0.0,0,0,100000,0,0.0,0,0,0,0,0,0,99.3,0,29.4676,0,True,0.1,0.3,4.5,0.7,0,0.0609,0.0,0,15339520,21544960,12210176,6520832,12214272,0,12795904,4358144,1,7,0.0,0,0,0,0,0,0,100000,lks_capacity_64_timed_trace,0
0,0,0,0,0,0,256,0.0,0,0,0,7.8248,0,0,0,endpoint,0.0,0,0,0,0,0.0,0,0,0,0,0,0,1122.1,0,16.4461,0,True,0.1,0.200001,4.9,0.5,0,0.0425,0.0,0,0,15237120,8953856,7356416,8957952,0,8953856,5165056,2,7,0.0,0,0,0,0,0,0,100000,lks_capacity_256_timed_trace,0
0,0,0,0,0,0,64,0.0,0,0,0,3.3414,0,0,0,endpoint,0.0,0,0,0,0,0.0,0,0,0,0,0,0,70.399999,0,7.2642,0,True,0.0,0.100001,3.6,0.200001,0,0.0543,0.0,0,0,15319040,8925184,7327744,8929280,0,8925184,5160960,2,7,0.0,0,0,0,0,0,0,100000,lks_capacity_64_timed_trace,0
0,0,0,0,0,0,128,0.0,0,0,0,4.6312,0,0,0,endpoint,0.0,0,0,0,0,0.0,0,0,0,0,0,0,43.7,0,8.7201,0,True,0.1,0.100001,4.0,0.200001,0,0.0523,0.0,0,0,15212544,8863744,7266304,8867840,0,8863744,5165056,2,7,0.0,0,0,0,0,0,0,100000,lks_capacity_128_timed_trace,0
0,0,0,0,0,0,256,0.0,0,0,0,9.8789,1540425,0,0,random,0.0,0,0,0,0,0.0,0,0,0,0,0,0,102.4,0,44.016,0,True,0.4,0.6,7.1,1.0,0,0.0437,0.0,0,0,14716928,8900608,7299072,8900608,0,10063872,5169152,2,7,0.0,0,0,0,0,0,0,100000,lks_capacity_256_timed_trace,0
0,0,0,0,0,0,64,0.0,0,0,0,7.2105,1536952,0,0,random,0.0,0,0,0,0,0.0,0,0,0,0,0,0,72.1,0,34.1116,0,True,0.3,0.5,6.3,0.7,0,0.0625,0.0,0,0,14798848,8994816,7393280,8994816,0,10231808,5169152,2,7,0.0,0,0,0,0,0,0,100000,lks_capacity_64_timed_trace,0
0,0,0,0,0,0,128,0.0,0,0,0,6.7974,1532166,0,0,random,0.0,0,0,0,0,0.0,0,0,0,0,0,0,110.7,0,37.4359,0,True,0.3,0.5,8.0,0.7,0,0.0546,0.0,0,0,14684160,8810496,7208960,8810496,0,10117120,5165056,2,7,0.0,0,0,0,0,0,0,100000,lks_capacity_128_timed_trace,0
0,0,0,0,0,0,256,0.0,0,0,0,7.2408,0,0,0,local_drag,0.0,0,0,100000,0,0.0,0,0,0,0,0,0,88.000001,0,17.4718,0,True,0.1,0.100001,2.000001,0.4,0,0.0435,0.0,0,15282176,16162816,9732096,6410240,9736192,0,9891840,4354048,2,7,0.0,0,0,0,0,0,0,100000,lks_capacity_256_timed_trace,0
0,0,0,0,0,0,64,0.0,0,0,0,3.8018,0,0,0,local_drag,0.0,0,0,100000,0,0.0,0,0,0,0,0,0,2890.799999,0,20.5202,0,True,0.1,0.2,2.4,0.5,0,0.0633,0.0,0,15413248,16252928,9842688,6508544,9846784,0,10027008,4349952,2,7,0.0,0,0,0,0,0,0,100000,lks_capacity_64_timed_trace,0
0,0,0,0,0,0,128,0.0,0,0,0,5.0664,0,0,0,local_drag,0.0,0,0,100000,0,0.0,0,0,0,0,0,0,102.3,0,18.8378,0,True,0.1,0.200001,2.4,0.5,0,0.0548,0.0,0,15237120,16093184,9687040,6397952,9691136,0,9850880,4349952,2,7,0.0,0,0,0,0,0,0,100000,lks_capacity_128_timed_trace,0
0,0,0,0,0,0,256,0.0,0,0,0,7.6955,0,0,0,distant_drag,0.0,0,0,100000,0,0.0,0,0,0,0,0,0,90.1,0,45.1571,0,True,0.2,0.4,3.7,1.1,0,0.0445,0.0,0,15273984,16142336,9719808,6426624,9723904,0,9871360,4358144,2,7,0.0,0,0,0,0,0,0,100000,lks_capacity_256_timed_trace,0
0,0,0,0,0,0,64,0.0,0,0,0,4.1318,0,0,0,distant_drag,0.0,0,0,100000,0,0.0,0,0,0,0,0,0,91.899999,0,26.6098,0,True,0.1,0.3,2.9,0.7,0,0.0631,0.0,0,15351808,16187392,9777152,6512640,9781248,0,9940992,4354048,2,7,0.0,0,0,0,0,0,0,100000,lks_capacity_64_timed_trace,0
0,0,0,0,0,0,128,0.0,0,0,0,5.6047,0,0,0,distant_drag,0.0,0,0,100000,0,0.0,0,0,0,0,0,0,167.7,0,33.267,0,True,0.100001,0.3,3.0,0.7,0,0.0865,0.0,0,15179776,16031744,9637888,6418432,9641984,0,9793536,4354048,2,7,0.0,0,0,0,0,0,0,100000,lks_capacity_128_timed_trace,0
0,0,0,0,0,0,256,0.0,0,0,0,9.2602,0,0,0,churn,0.0,0,0,100000,0,0.0,0,0,0,0,0,0,172.0,0,40.193,0,True,0.2,0.399999,2.899999,0.8,0,0.046,0.0,0,15339520,17379328,10944512,6397952,10948608,0,11386880,4349952,2,7,0.0,0,0,0,0,0,0,100000,lks_capacity_256_timed_trace,0
0,0,0,0,0,0,64,0.0,0,0,0,4.5825,0,0,0,churn,0.0,0,0,100000,0,0.0,0,0,0,0,0,0,181.8,0,25.9754,0,True,0.1,0.3,2.5,0.6,0,0.0637,0.0,0,15409152,17465344,11059200,6516736,11063296,0,11489280,4358144,2,7,0.0,0,0,0,0,0,0,100000,lks_capacity_64_timed_trace,0
0,0,0,0,0,0,128,0.0,0,0,0,7.868,0,0,0,churn,0.0,0,0,100000,0,0.0,0,0,0,0,0,0,107.6,0,32.429,0,True,0.1,0.3,3.9,1.0,0,0.0566,0.0,0,15196160,17235968,11100160,6672384,11104256,0,11616256,4354048,2,7,0.0,0,0,0,0,0,0,100000,lks_capacity_128_timed_trace,0
0,0,0,0,0,0,256,0.0,0,0,0,7.3509,869174,0,0,equal,0.0,0,0,0,0,0.0,0,0,0,0,0,0,83.5,0,13.516,0,True,0.1,0.200001,3.5,0.3,0,0.0432,0.0,0,0,15249408,8966144,7364608,8966144,0,8966144,5169152,2,7,0.0,0,0,0,0,0,0,100000,lks_capacity_256_timed_trace,0
0,0,0,0,0,0,64,0.0,0,0,0,3.4369,1068980,0,0,equal,0.0,0,0,0,0,0.0,0,0,0,0,0,0,207.399999,0,9.7067,0,True,0.1,0.100001,6.6,0.3,0,0.0552,0.0,0,0,15327232,8937472,7335936,8937472,0,8937472,5165056,2,7,0.0,0,0,0,0,0,0,100000,lks_capacity_64_timed_trace,0
0,0,0,0,0,0,128,0.0,0,0,0,4.7676,969045,0,0,equal,0.0,0,0,0,0,0.0,0,0,0,0,0,0,112.7,0,11.5317,0,True,0.1,0.100001,6.0,0.4,0,0.051,0.0,0,0,15220736,8871936,7270400,8871936,0,8871936,5165056,2,7,0.0,0,0,0,0,0,0,100000,lks_capacity_128_timed_trace,0
0,0,0,0,0,0,256,0.0,0,0,0,7.6025,1577967,0,0,duplicates,0.0,0,0,0,0,0.0,0,0,0,0,0,0,65.4,0,24.0248,0,True,0.2,0.3,6.0,0.6,0,0.044,0.0,0,0,15241216,8998912,7397376,8998912,0,8998912,5165056,2,7,0.0,0,0,0,0,0,0,100000,lks_capacity_256_timed_trace,0
0,0,0,0,0,0,64,0.0,0,0,0,3.731,1604004,0,0,duplicates,0.0,0,0,0,0,0.0,0,0,0,0,0,0,176.3,0,19.6478,0,True,0.100001,0.3,11.4,0.6,0,0.0627,0.0,0,0,15323136,9113600,7512064,9113600,0,9113600,5160960,2,7,0.0,0,0,0,0,0,0,100000,lks_capacity_64_timed_trace,0
0,0,0,0,0,0,128,0.0,0,0,0,5.4574,1590985,0,0,duplicates,0.0,0,0,0,0,0.0,0,0,0,0,0,0,172.499999,0,20.9363,0,True,0.2,0.3,7.400001,0.6,0,0.0531,0.0,0,0,15224832,8937472,7335936,8937472,0,8937472,5169152,2,7,0.0,0,0,0,0,0,0,100000,lks_capacity_128_timed_trace,0
0,0,0,0,0,0,256,0.0,0,0,0,14.8239,0,0,0,timeline,0.0,0,0,100000,0,0.0,0,0,0,0,0,0,306.0,0,43.4383,0,True,0.100001,0.4,7.0,1.1,0,0.0461,0.0,0,15216640,21450752,12099584,6414336,12103680,0,12693504,4349952,2,7,0.0,0,0,0,0,0,0,100000,lks_capacity_256_timed_trace,0
0,0,0,0,0,0,64,0.0,0,0,0,7.5178,0,0,0,timeline,0.0,0,0,100000,0,0.0,0,0,0,0,0,0,279.7,0,29.5205,0,True,0.1,0.3,4.699999,0.8,0,0.0617,0.0,0,15351808,21557248,12222464,6516736,12226560,0,12808192,4354048,2,7,0.0,0,0,0,0,0,0,100000,lks_capacity_64_timed_trace,0
0,0,0,0,0,0,128,0.0,0,0,0,10.5977,0,0,0,timeline,0.0,0,0,100000,0,0.0,0,0,0,0,0,0,212.4,0,36.4489,0,True,0.1,0.399999,5.9,1.0,0,0.0558,0.0,0,15265792,21405696,12087296,6422528,12091392,0,12681216,4358144,2,7,0.0,0,0,0,0,0,0,100000,lks_capacity_128_timed_trace,0
5028760,103125,4948912,0,0,0,64,0.0,5028760,0,0,6.3368,0,1,4344,endpoint,0.0,103125,38068,0,0,0.0,103123,2,65,14,0,1,151.2,0,11.8368,0,True,0.1,0.2,4.3,0.3,5028760,0.0588,0.0,3112,0,18776064,8732672,7131136,8732672,0,8732672,5169152,3,7,0.0,5440,0,0,0,0,3123,100000,lks_capacity_64_diagnostic_trace,0
4916296,101563,9745296,0,0,0,128,0.0,4916296,0,0,8.7953,0,1,4344,endpoint,0.0,101563,17468,0,0,0.0,101561,2,129,13,0,1,652.4,0,16.6665,0,True,0.1,0.3,5.0,0.5,4916296,0.0625,0.0,1551,0,18591744,8912896,7311360,8912896,0,8912896,5165056,3,7,0.0,5952,0,0,0,0,1561,100000,lks_capacity_128_diagnostic_trace,0
4860064,100782,19331920,0,0,0,256,0.0,4860064,0,0,9.3814,0,1,4344,endpoint,0.0,100782,7949,0,0,0.0,100780,2,257,12,0,1,95.1,0,14.039,0,True,0.1,0.2,3.1,0.3,4860064,0.0426,0.0,771,0,18567168,9039872,7438336,9039872,0,9039872,5173248,3,7,0.0,6976,0,0,0,0,780,100000,lks_capacity_256_diagnostic_trace,0
4511368,102240,4734889,0,0,0,64,0.0,4511368,0,0,7.9073,1536952,1,4376,random,0.0,102240,22935,0,0,0.0,102237,2,65,14,0,1,265.4,0,44.256,0,True,0.399999,0.7,10.199999,1.2,4511368,0.0636,0.0,38,0,18243584,9023488,7421952,9023488,0,10956800,5169152,3,7,0.0,5472,0,0,0,0,2237,100000,lks_capacity_64_diagnostic_trace,0
4431896,101122,9335608,0,0,0,128,0.0,4431896,0,0,8.7103,1532166,1,4376,random,0.0,101122,10313,0,0,0.0,101119,2,129,11,0,1,253.3,0,53.8064,0,True,0.4,0.9,14.499999,2.0,4431896,0.0556,0.0,13,0,18051072,9076736,7475200,9076736,0,11309056,5169152,3,7,0.0,5984,0,0,0,0,1119,100000,lks_capacity_128_diagnostic_trace,0
4313136,100525,18418726,0,0,0,256,0.0,4313136,0,0,12.2236,1540425,1,4376,random,0.0,100525,4319,0,0,0.0,100522,2,257,12,0,1,170.400001,0,54.809,0,True,0.5,0.8,9.5,1.4,4313136,0.0443,0.0,38,0,18030592,9306112,7704576,9306112,0,11227136,5169152,3,7,0.0,7008,0,0,0,0,522,100000,lks_capacity_256_diagnostic_trace,0
5523408,103972,6230930,0,5028760,0,64,0.0,4582584,0,0,5.8781,0,1,4344,local_drag,0.0,103972,64199,100000,0,0.0,208826,4,159,15,1,1,110.4,1611,21.5746,7143,True,0.1,0.200001,2.199999,0.5,5028760,0.0641,0.0,3510,18833408,19714048,10080256,6758400,10080256,0,10428416,4358144,3,7,0.0,5440,0,0,0,2709,3970,100000,lks_capacity_64_diagnostic_trace,0
5372232,101979,11038098,0,4916296,0,128,0.0,4504200,0,0,7.1451,0,1,4344,local_drag,0.0,101979,29485,100000,0,0.0,200751,4,319,14,1,1,266.800001,792,23.9651,7143,True,0.1,0.200001,2.3,0.6,4916296,0.1025,0.0,1753,18567168,19456000,9662464,6410240,9662464,0,9949184,4349952,3,7,0.0,5952,0,0,0,1330,1977,100000,lks_capacity_128_diagnostic_trace,0
5324344,101001,20637171,0,4860064,0,256,0.0,4453024,0,0,9.4762,0,1,4344,local_drag,0.0,101001,13612,100000,0,0.0,196814,4,639,13,1,1,447.6,411,26.9593,7143,True,0.1,0.200001,3.0,0.6,4860064,0.0496,0.0,863,18612224,19439616,9793536,6520832,9793536,0,10125312,4349952,3,7,0.0,6976,0,0,0,670,999,100000,lks_capacity_256_diagnostic_trace,0
6067696,104904,13911723,0,5028760,0,64,0.0,4591928,0,0,6.4358,0,1,4344,distant_drag,0.0,104904,90178,100000,0,0.0,310312,4,160,27,1,1,160.6,2527,36.8865,0,True,0.1,0.4,3.6,0.800001,5028760,0.0626,0.0,3898,18808832,19685376,10051584,6758400,10051584,0,10346496,4358144,3,7,0.0,5440,0,0,0,5410,4902,100000,lks_capacity_64_diagnostic_trace,0
6006816,102558,27138486,0,4916296,0,128,0.0,4533792,0,0,13.9824,0,1,4344,distant_drag,0.0,102558,43428,100000,0,0.0,305739,4,320,24,1,1,205.2,1344,43.3994,0,True,0.2,0.499999,3.900001,1.0,4916296,0.0875,0.0,1959,18718720,19574784,9777152,6410240,9777152,0,10084352,4354048,3,7,0.0,5952,0,0,0,3183,2556,100000,lks_capacity_128_diagnostic_trace,0
5790744,101221,53650215,0,4860064,0,256,0.0,4486944,0,0,9.7916,0,1,4344,distant_drag,0.0,101221,18602,100000,0,0.0,302787,4,640,21,1,1,323.1,615,66.6546,0,True,0.3,0.7,10.2,2.1,4860064,0.0501,0.0,957,18636800,19496960,9854976,6529024,9854976,0,10145792,4354048,3,7,0.0,6976,0,0,0,1568,1219,100000,lks_capacity_256_diagnostic_trace,0
7397304,154441,9490834,0,5028760,0,64,0.0,4603024,0,0,7.0636,0,1,4344,churn,0.0,154441,78952,100000,0,0.0,208433,2,95,16,1,1,129.0,2045,33.607,0,True,0.1,0.3,3.1,0.7,5028760,0.0637,0.0,3673,18796544,20918272,11288576,6758400,11288576,0,12115968,4358144,3,7,0.0,5440,0,0,0,3994,4439,100000,lks_capacity_64_diagnostic_trace,0
7392000,152362,18605122,0,4916296,0,128,0.0,4539272,0,0,8.1653,0,1,4344,churn,0.0,152362,39212,100000,0,0.0,204775,2,191,16,1,1,260.4,1143,43.5048,0,True,0.2,0.4,4.9,1.0,4916296,0.0566,0.0,1914,18649088,20713472,11063296,6557696,11063296,0,11776000,4358144,3,7,0.0,5952,0,0,0,2415,2360,100000,lks_capacity_128_diagnostic_trace,0
7524304,151284,36680499,0,4860064,0,256,0.0,4501784,0,0,10.084,0,1,4344,churn,0.0,151284,19751,100000,0,0.0,202748,2,383,14,1,1,260.299999,671,54.5522,0,True,0.2,0.6,4.5,1.6,4860064,0.0462,0.0,965,18661376,20713472,11067392,6520832,11067392,0,11898880,4358144,3,7,0.0,6976,0,0,0,1466,1282,100000,lks_capacity_256_diagnostic_trace,0
5028792,103126,4948912,0,0,0,64,0.0,5028792,0,0,7.9713,1068980,1,4376,equal,0.0,103126,38068,0,0,0.0,103123,2,65,14,0,1,59.0,0,12.5175,0,True,0.1,0.2,3.4,0.3,5028792,0.0586,0.0,3112,0,18776064,8732672,7131136,8732672,0,8732672,5169152,3,7,0.0,5472,0,0,0,0,3123,100000,lks_capacity_64_diagnostic_trace,0
4916328,101564,9745296,0,0,0,128,0.0,4916328,0,0,7.3763,969045,1,4376,equal,0.0,101564,17468,0,0,0.0,101561,2,129,13,0,1,249.3,0,17.1702,0,True,0.1,0.3,7.3,0.5,4916328,0.0523,0.0,1551,0,18604032,8912896,7311360,8912896,0,8912896,5173248,3,7,0.0,5984,0,0,0,0,1561,100000,lks_capacity_128_diagnostic_trace,0
4860096,100783,19331920,0,0,0,256,0.0,4860096,0,0,9.5084,869174,1,4376,equal,0.0,100783,7949,0,0,0.0,100780,2,257,12,0,1,59.3,0,16.6979,0,True,0.1,0.200001,6.0,0.4,4860096,0.0435,0.0,771,0,18558976,9031680,7430144,9031680,0,9031680,5165056,3,7,0.0,7008,0,0,0,0,780,100000,lks_capacity_256_diagnostic_trace,0
5026456,103122,4947218,0,0,0,64,0.0,5026456,0,0,6.0359,1604004,1,4376,duplicates,0.0,103122,37971,0,0,0.0,103119,2,65,15,0,1,130.9,0,22.1828,0,True,0.2,0.3,7.000001,0.7,5026456,0.0611,0.0,2980,0,18776064,8724480,7122944,8724480,0,8724480,5169152,3,7,0.0,5472,0,0,0,0,3119,100000,lks_capacity_64_diagnostic_trace,0
4906464,101555,9738426,0,0,0,128,0.0,4906464,0,0,9.0392,1590985,1,4376,duplicates,0.0,101555,17244,0,0,0.0,101552,2,129,14,0,1,106.3,0,25.3733,0,True,0.2,0.4,7.400001,0.7,4906464,0.0523,0.0,1429,0,18587648,8896512,7294976,8896512,0,8896512,5165056,3,7,0.0,5984,0,0,0,0,1552,100000,lks_capacity_128_diagnostic_trace,0
4836776,100772,19311924,0,0,0,256,0.0,4836776,0,0,10.4143,1577967,1,4376,duplicates,0.0,100772,7685,0,0,0.0,100769,2,257,13,0,1,96.4,0,31.8728,0,True,0.3,0.4,9.7,0.800001,4836776,0.0436,0.0,662,0,18571264,8949760,7348224,8949760,0,8949760,5173248,3,7,0.0,7008,0,0,0,0,769,100000,lks_capacity_256_diagnostic_trace,0
8032896,183877,9304265,0,5028760,0,64,0.0,7032864,0,0,11.8766,0,1,4344,timeline,0.0,183877,55152,100000,0,0.0,204858,2,95,15,1,1,229.099999,616,43.6956,0,True,0.100001,0.5,6.1,1.1,7032896,0.068,0.0,3460,18812928,26783744,12173312,6516736,12173312,0,13139968,4362240,3,7,0.0,5440,0,0,0,974,3884,100000,lks_capacity_64_diagnostic_trace,0
7842072,181888,18312673,0,4916296,0,128,0.0,6862024,0,0,13.593,0,1,4344,timeline,0.0,181888,24807,100000,0,0.0,202376,2,191,14,1,1,205.2,310,52.5553,0,True,0.2,0.6,7.7,1.4,6862056,0.0624,0.0,1711,18763776,26615808,12402688,6725632,12402688,0,13369344,4358144,3,7,0.0,5952,0,0,0,481,1895,100000,lks_capacity_128_diagnostic_trace,0
7729296,180919,36246099,0,4860064,0,256,0.0,6792208,0,0,23.3766,0,1,4344,timeline,0.0,180919,10921,100000,0,0.0,201162,2,383,14,1,1,239.800001,140,63.6392,0,True,0.2,0.7,8.3,1.599999,6792240,0.079,0.0,834,18575360,26615808,12402688,6688768,12402688,0,13508608,4358144,3,7,0.0,6976,0,0,0,236,926,100000,lks_capacity_256_diagnostic_trace,0
