family,initial,steps,seed,run,capacity,diagnostic,cadence,target,mutation_ms,capture_ms,format_ms,serialize_ms,load_ms,restore_ms,snapshot_count,snapshot_peak,wire_bytes,key_bytes
retained,100000,10000,19,0,128,0,0,layerkeysort_v4_trace,14.9244,15.7374,3.1651,4.0561,1.0513,4.6776,8,0,13520208,21125000
retained,100000,10000,19,1,128,0,0,layerkeysort_v4_trace,14.3836,10.9158,3.1347,4.0503,1.0001,4.9579,8,0,13520208,21125000
retained,100000,10000,19,2,128,0,0,layerkeysort_v4_trace,13.9146,12.1021,3.152,4.059,1.0069,4.1604,8,0,13520208,21125000
retained,100000,10000,19,0,128,1,0,layerkeysort_v4_trace_diagnostics,22.489,12.3443,3.2008,3.7051,1.2614,5.8793,8,2808650,13520208,21125000
timeline,10000,10000,7,0,128,0,10000,layerkeysort_v4_trace,2.5158,0.2392,0.0653,0.0904,0.2189,0.9424,1,0,256218,400300
timeline,10000,10000,7,1,128,0,10000,layerkeysort_v4_trace,3.0595,0.1993,0.0594,0.072,0.1972,0.6979,1,0,256218,400300
timeline,10000,10000,7,2,128,0,10000,layerkeysort_v4_trace,2.8329,0.2393,0.0632,0.0909,0.1916,0.7155,1,0,256218,400300
timeline,10000,10000,7,0,128,1,10000,layerkeysort_v4_trace_diagnostics,3.4719,0.1773,0.0612,0.0663,0.1883,1.0027,1,387346,256218,400300
timeline,10000,10000,7,0,128,0,1000,layerkeysort_v4_trace,2.569,1.539,0.5029,0.6515,0.1244,0.4216,10,0,2129476,3326900
timeline,10000,10000,7,1,128,0,1000,layerkeysort_v4_trace,2.9382,1.4498,0.4946,0.6718,0.1072,0.439,10,0,2129476,3326900
timeline,10000,10000,7,2,128,0,1000,layerkeysort_v4_trace,2.5322,1.7415,0.4936,0.7851,0.1098,0.5008,10,0,2129476,3326900
timeline,10000,10000,7,0,128,1,1000,layerkeysort_v4_trace_diagnostics,3.4409,1.5417,0.4905,0.6387,0.1726,0.5753,10,387338,2129476,3326900
timeline,10000,10000,7,0,128,0,100,layerkeysort_v4_trace,3.3577,16.1232,4.9972,6.6865,0.1453,0.5505,100,0,20863048,32594450
timeline,10000,10000,7,1,128,0,100,layerkeysort_v4_trace,2.8596,15.2208,4.9494,6.5581,0.1215,0.369,100,0,20863048,32594450
timeline,10000,10000,7,2,128,0,100,layerkeysort_v4_trace,2.8079,15.2752,4.9853,6.2954,0.1138,0.3694,100,0,20863048,32594450
timeline,10000,10000,7,0,128,1,100,layerkeysort_v4_trace_diagnostics,4.6606,17.7115,5.2475,7.6896,0.1243,0.8055,100,387338,20863048,32594450
churn,10000,10000,7,0,128,0,10000,layerkeysort_v4_trace,2.2199,0.1319,0.0373,0.0441,0.1273,0.3955,1,0,160026,250000
churn,10000,10000,7,1,128,0,10000,layerkeysort_v4_trace,2.4288,0.1524,0.0397,0.0433,0.1043,0.3424,1,0,160026,250000
churn,10000,10000,7,2,128,0,10000,layerkeysort_v4_trace,2.1041,0.1931,0.0373,0.0655,0.1378,0.4904,1,0,160026,250000
churn,10000,10000,7,0,128,1,10000,layerkeysort_v4_trace_diagnostics,2.7857,0.1612,0.0391,0.0508,0.1082,0.4991,1,291154,160026,250000
churn,10000,10000,7,0,128,0,1000,layerkeysort_v4_trace,2.3412,1.4918,0.4559,0.5599,0.127,0.4848,10,0,1600260,2500000
churn,10000,10000,7,1,128,0,1000,layerkeysort_v4_trace,2.1998,1.3076,0.374,0.4428,0.1097,0.3635,10,0,1600260,2500000
churn,10000,10000,7,2,128,0,1000,layerkeysort_v4_trace,2.6902,1.5138,0.3713,0.578,0.1234,0.7353,10,0,1600260,2500000
churn,10000,10000,7,0,128,1,1000,layerkeysort_v4_trace_diagnostics,3.3062,1.1148,0.3832,0.5491,0.1313,0.6288,10,291154,1600260,2500000
churn,10000,10000,7,0,128,0,100,layerkeysort_v4_trace,2.6547,10.1341,3.9496,5.0878,0.1381,0.7447,100,0,16002600,25000000
churn,10000,10000,7,1,128,0,100,layerkeysort_v4_trace,2.505,10.1644,3.8497,5.1439,0.126,0.4827,100,0,16002600,25000000
churn,10000,10000,7,2,128,0,100,layerkeysort_v4_trace,2.7043,11.2423,4.0218,5.6358,0.105,0.3432,100,0,16002600,25000000
churn,10000,10000,7,0,128,1,100,layerkeysort_v4_trace_diagnostics,3.7877,13.3529,3.997,6.4141,0.1125,0.7662,100,291154,16002600,25000000
distant_drag,10000,10000,7,0,128,0,10000,layerkeysort_v4_trace,2.3899,0.1334,0.0396,0.0481,0.1088,0.3813,1,0,160026,250000
distant_drag,10000,10000,7,1,128,0,10000,layerkeysort_v4_trace,2.8448,0.2284,0.0777,0.0575,0.1519,0.5121,1,0,160026,250000
distant_drag,10000,10000,7,2,128,0,10000,layerkeysort_v4_trace,2.3471,0.1828,0.0372,0.0499,0.115,0.3892,1,0,160026,250000
distant_drag,10000,10000,7,0,128,1,10000,layerkeysort_v4_trace_diagnostics,3.4652,0.5007,0.0411,0.0601,0.1272,0.6913,1,291154,160026,250000
distant_drag,10000,10000,7,0,128,0,1000,layerkeysort_v4_trace,2.6224,1.164,0.3711,0.4956,0.1092,0.3765,10,0,1600260,2500000
distant_drag,10000,10000,7,1,128,0,1000,layerkeysort_v4_trace,2.5681,1.2653,0.6883,0.6661,0.1302,0.4617,10,0,1600260,2500000
distant_drag,10000,10000,7,2,128,0,1000,layerkeysort_v4_trace,2.8647,1.1331,0.4227,0.5981,0.1085,0.3589,10,0,1600260,2500000
distant_drag,10000,10000,7,0,128,1,1000,layerkeysort_v4_trace_diagnostics,3.0425,1.26,0.3883,0.595,0.106,0.5376,10,291154,1600260,2500000
distant_drag,10000,10000,7,0,128,0,100,layerkeysort_v4_trace,2.7455,15.4882,3.8331,7.5186,0.1308,0.411,100,0,16002600,25000000
distant_drag,10000,10000,7,1,128,0,100,layerkeysort_v4_trace,4.3851,17.7998,6.3275,7.1576,0.1641,0.6346,100,0,16002600,25000000
distant_drag,10000,10000,7,2,128,0,100,layerkeysort_v4_trace,2.5961,11.1988,4.0396,4.846,0.1671,0.3641,100,0,16002600,25000000
distant_drag,10000,10000,7,0,128,1,100,layerkeysort_v4_trace_diagnostics,3.1872,12.0597,4.074,5.9944,0.1012,0.4658,100,291154,16002600,25000000
