family,initial,steps,seed,run,capacity,diagnostic,cadence,target,assignments,local_arrays,index_writes,splits,source_repairs,merges,rotations,noops,max_assignments,max_arrays,max_index,max_splits,max_repairs,comparisons
ascending,0,1024,7,0,128,1,0,layerkeysort_v4_trace_diagnostics,95616,1038,64,14,0,0,11,0,129,2,6,1,0,3196
descending,0,1024,7,0,128,1,0,layerkeysort_v4_trace_diagnostics,94825,1038,64,14,0,0,18,0,129,2,6,1,0,9788
random,0,1024,7,0,128,1,0,layerkeysort_v4_trace_diagnostics,93248,1035,45,11,0,0,6,0,129,2,6,1,0,9282
equal,0,1024,7,0,128,1,0,layerkeysort_v4_trace_diagnostics,95616,1038,64,14,0,0,11,0,129,2,6,1,0,3196
duplicates,0,1024,7,0,128,1,0,layerkeysort_v4_trace_diagnostics,93269,1035,39,11,0,0,2,0,129,2,4,1,0,8867
alternating,0,1024,7,0,128,1,0,layerkeysort_v4_trace_diagnostics,95196,1038,66,14,0,0,17,0,129,2,7,1,0,10099
hotspot,0,1024,7,0,128,1,0,layerkeysort_v4_trace_diagnostics,95196,1038,66,14,0,0,17,0,129,2,7,1,0,0
timeline,1024,1024,7,0,128,1,0,layerkeysort_v4_trace_diagnostics,181198,2069,94,18,3,3,11,0,129,2,6,1,1,0
priority,0,1024,7,0,128,1,0,layerkeysort_v4_trace_diagnostics,93248,1035,45,11,0,0,6,0,129,2,6,1,0,9282
local,1024,1024,7,0,128,1,0,layerkeysort_v4_trace_diagnostics,195703,2093,182,26,19,10,18,0,189,2,8,1,1,0
churn,1024,1024,7,0,128,1,0,layerkeysort_v4_trace_diagnostics,182754,2107,213,29,30,17,18,0,190,2,6,1,1,0
large_timeline,1024,1024,7,0,128,1,0,layerkeysort_v4_trace_diagnostics,181198,2069,94,18,3,3,11,0,129,2,6,1,1,0
local_drag,1024,1024,7,0,128,1,0,layerkeysort_v4_trace_diagnostics,108924,2058,125,20,17,8,18,74,319,4,6,1,1,0
front_back,1024,1024,7,0,128,1,0,layerkeysort_v4_trace_diagnostics,274096,3050,191,26,55,15,24,2,298,3,6,1,1,0
distant_drag,1024,1024,7,0,128,1,0,layerkeysort_v4_trace_diagnostics,268285,3137,181,25,40,13,27,0,259,4,9,1,1,0
hotspot_drag,1024,1024,7,0,128,1,0,layerkeysort_v4_trace_diagnostics,270295,3059,208,26,58,15,29,3,293,3,9,1,1,0
large_moves,1024,1024,7,0,128,1,0,layerkeysort_v4_trace_diagnostics,268285,3137,181,25,40,13,27,0,259,4,9,1,1,0
delete_reinsert,1024,1024,7,0,128,1,0,layerkeysort_v4_trace_diagnostics,182754,2107,213,29,30,17,18,0,190,2,6,1,1,0
managed_churn,1024,1024,7,0,128,1,0,layerkeysort_v4_trace_diagnostics,184106,2079,66,14,17,3,4,0,190,2,5,1,1,13725
ascending,0,10000,7,0,128,1,0,layerkeysort_v4_trace_diagnostics,970440,10155,1220,155,0,0,148,0,129,2,10,1,0,63736
descending,0,10000,7,0,128,1,0,layerkeysort_v4_trace_diagnostics,965620,10152,1191,152,0,0,221,0,129,2,10,1,0,128581
random,0,10000,7,0,128,1,0,layerkeysort_v4_trace_diagnostics,929781,10122,753,122,0,0,9,0,129,2,8,1,0,120463
equal,0,10000,7,0,128,1,0,layerkeysort_v4_trace_diagnostics,970440,10155,1220,155,0,0,148,0,129,2,10,1,0,63736
duplicates,0,10000,7,0,128,1,0,layerkeysort_v4_trace_diagnostics,964378,10144,1006,144,0,0,69,0,129,2,10,1,0,121907
alternating,0,10000,7,0,128,1,0,layerkeysort_v4_trace_diagnostics,968246,10154,1331,154,0,0,235,0,129,2,11,1,0,136437
hotspot,0,10000,7,0,128,1,0,layerkeysort_v4_trace_diagnostics,968246,10154,1331,154,0,0,236,0,129,2,11,1,0,0
timeline,10000,10000,7,0,128,1,0,layerkeysort_v4_trace_diagnostics,1828158,20233,1714,187,46,29,167,0,191,2,10,1,1,0
priority,0,10000,7,0,128,1,0,layerkeysort_v4_trace_diagnostics,929781,10122,753,122,0,0,9,0,129,2,8,1,0,120463
local,10000,10000,7,0,128,1,0,layerkeysort_v4_trace_diagnostics,1953448,20461,3183,278,183,98,262,0,190,2,11,1,1,0
churn,10000,10000,7,0,128,1,0,layerkeysort_v4_trace_diagnostics,1845322,20487,2597,227,260,104,178,0,191,2,10,1,1,0
large_timeline,10000,10000,7,0,128,1,0,layerkeysort_v4_trace_diagnostics,1828158,20233,1714,187,46,29,167,0,191,2,10,1,1,0
local_drag,10000,10000,7,0,128,1,0,layerkeysort_v4_trace_diagnostics,1101239,20080,2091,196,134,84,165,715,319,4,12,1,1,0
front_back,10000,10000,7,0,128,1,0,layerkeysort_v4_trace_diagnostics,2837051,30749,4002,300,544,180,334,2,317,4,18,1,1,0
distant_drag,10000,10000,7,0,128,1,0,layerkeysort_v4_trace_diagnostics,2666879,30596,3094,257,339,134,205,0,319,4,15,1,1,0
hotspot_drag,10000,10000,7,0,128,1,0,layerkeysort_v4_trace_diagnostics,2845502,30710,4096,299,511,180,402,4,319,4,18,1,1,0
large_moves,10000,10000,7,0,128,1,0,layerkeysort_v4_trace_diagnostics,2666879,30596,3094,257,339,134,205,0,319,4,15,1,1,0
delete_reinsert,10000,10000,7,0,128,1,0,layerkeysort_v4_trace_diagnostics,1845322,20487,2597,227,260,104,178,0,191,2,10,1,1,0
managed_churn,10000,10000,7,0,128,1,0,layerkeysort_v4_trace_diagnostics,1904963,20256,1946,194,62,62,120,0,129,2,15,1,1,190865
ascending,0,100000,7,0,128,1,0,layerkeysort_v4_trace_diagnostics,9745296,101561,17468,1561,0,0,1551,0,129,2,13,1,0,969045
descending,0,100000,7,0,128,1,0,layerkeysort_v4_trace_diagnostics,9695345,101537,17168,1537,0,0,2295,0,129,2,13,1,0,1618478
random,0,100000,7,0,128,1,0,layerkeysort_v4_trace_diagnostics,9335608,101119,10313,1119,0,0,13,0,129,2,11,1,0,1532166
equal,0,100000,7,0,128,1,0,layerkeysort_v4_trace_diagnostics,9745296,101561,17468,1561,0,0,1551,0,129,2,13,1,0,969045
duplicates,0,100000,7,0,128,1,0,layerkeysort_v4_trace_diagnostics,9738426,101552,17244,1552,0,0,1429,0,129,2,14,1,0,1590985
alternating,0,100000,7,0,128,1,0,layerkeysort_v4_trace_diagnostics,9720336,101549,19755,1549,0,0,2499,0,129,2,15,1,0,1776088
hotspot,0,100000,7,0,128,1,0,layerkeysort_v4_trace_diagnostics,9720336,101549,19747,1549,0,0,2496,0,129,2,15,1,0,0
timeline,100000,100000,7,0,128,1,0,layerkeysort_v4_trace_diagnostics,18312673,202376,24807,1895,481,310,1711,0,191,2,14,1,1,0
priority,0,100000,7,0,128,1,0,layerkeysort_v4_trace_diagnostics,9335608,101119,10313,1119,0,0,13,0,129,2,11,1,0,1532166
local,100000,100000,7,0,128,1,0,layerkeysort_v4_trace_diagnostics,19601442,204595,45610,2808,1787,1021,2784,0,191,2,14,1,1,0
churn,100000,100000,7,0,128,1,0,layerkeysort_v4_trace_diagnostics,18605122,204775,39212,2360,2415,1143,1914,0,191,2,16,1,1,0
large_timeline,100000,100000,7,0,128,1,0,layerkeysort_v4_trace_diagnostics,18312673,202376,24807,1895,481,310,1711,0,191,2,14,1,1,0
local_drag,100000,100000,7,0,128,1,0,layerkeysort_v4_trace_diagnostics,11038098,200751,29485,1977,1330,792,1753,7143,319,4,14,1,1,0
front_back,100000,100000,7,0,128,1,0,layerkeysort_v4_trace_diagnostics,28679598,307793,58768,3095,4792,1898,3467,2,319,4,25,1,1,0
distant_drag,100000,100000,7,0,128,1,0,layerkeysort_v4_trace_diagnostics,27138486,305739,43428,2556,3183,1344,1959,0,320,4,24,1,1,0
hotspot_drag,100000,100000,7,0,128,1,0,layerkeysort_v4_trace_diagnostics,28633270,307794,59419,3073,4844,1864,4323,3,320,4,25,1,1,0
large_moves,100000,100000,7,0,128,1,0,layerkeysort_v4_trace_diagnostics,27138486,305739,43428,2556,3183,1344,1959,0,320,4,24,1,1,0
delete_reinsert,100000,100000,7,0,128,1,0,layerkeysort_v4_trace_diagnostics,18605122,204775,39212,2360,2415,1143,1914,0,191,2,16,1,1,0
managed_churn,100000,100000,7,0,128,1,0,layerkeysort_v4_trace_diagnostics,19159735,202687,30709,2057,630,630,2058,0,129,2,15,1,1,2462582
endpoint,0,1000000,19,0,128,1,0,layerkeysort_v4_trace_diagnostics,97495776,1015623,225776,15623,0,0,15610,0,129,2,16,1,0,0
equal,0,1000000,19,0,128,1,0,layerkeysort_v4_trace_diagnostics,97495776,1015623,225776,15623,0,0,15610,0,129,2,16,1,0,12951538
long_churn,10000,1000000,19,0,128,1,0,layerkeysort_v4_trace_diagnostics,92719462,1035212,94020,5703,19509,5586,2099,0,191,2,15,1,1,0
distant_drag,100001,100000,19,0,128,1,0,layerkeysort_v4_trace_diagnostics,27288946,305648,43529,2549,3098,1358,1951,0,320,4,23,1,1,0
retained,100000,10000,19,0,128,1,0,layerkeysort_v4_trace_diagnostics,10428475,111561,17468,1561,0,0,1551,0,129,2,13,1,0,0
timeline,10000,10000,7,0,128,1,0,layerkeysort_v4_trace_diagnostics,1828158,20233,1714,187,46,29,167,0,191,2,10,1,1,0
timeline,10000,10000,7,0,128,1,10000,layerkeysort_v4_trace_diagnostics,1828158,20233,1714,187,46,29,167,0,191,2,10,1,1,0
timeline,10000,10000,7,0,128,1,1000,layerkeysort_v4_trace_diagnostics,1828158,20233,1714,187,46,29,167,0,191,2,10,1,1,0
timeline,10000,10000,7,0,128,1,100,layerkeysort_v4_trace_diagnostics,1828158,20233,1714,187,46,29,167,0,191,2,10,1,1,0
churn,10000,10000,7,0,128,1,0,layerkeysort_v4_trace_diagnostics,1845322,20487,2597,227,260,104,178,0,191,2,10,1,1,0
churn,10000,10000,7,0,128,1,10000,layerkeysort_v4_trace_diagnostics,1845322,20487,2597,227,260,104,178,0,191,2,10,1,1,0
churn,10000,10000,7,0,128,1,1000,layerkeysort_v4_trace_diagnostics,1845322,20487,2597,227,260,104,178,0,191,2,10,1,1,0
churn,10000,10000,7,0,128,1,100,layerkeysort_v4_trace_diagnostics,1845322,20487,2597,227,260,104,178,0,191,2,10,1,1,0
distant_drag,10000,10000,7,0,128,1,0,layerkeysort_v4_trace_diagnostics,2666879,30596,3094,257,339,134,205,0,319,4,15,1,1,0
distant_drag,10000,10000,7,0,128,1,10000,layerkeysort_v4_trace_diagnostics,2666879,30596,3094,257,339,134,205,0,319,4,15,1,1,0
distant_drag,10000,10000,7,0,128,1,1000,layerkeysort_v4_trace_diagnostics,2666879,30596,3094,257,339,134,205,0,319,4,15,1,1,0
distant_drag,10000,10000,7,0,128,1,100,layerkeysort_v4_trace_diagnostics,2666879,30596,3094,257,339,134,205,0,319,4,15,1,1,0
V3_ascending,0,10000,7,0,128,1,0,layerkeysort_v4_trace_diagnostics,0,0,0,0,0,0,0,0,0,0,0,0,0,123617
V3_ascending,0,100000,7,0,128,1,0,layerkeysort_v4_trace_diagnostics,0,0,0,0,0,0,0,0,0,0,0,0,0,1568929
V3_descending,0,10000,7,0,128,1,0,layerkeysort_v4_trace_diagnostics,0,0,0,0,0,0,0,0,0,0,0,0,0,123617
V3_descending,0,100000,7,0,128,1,0,layerkeysort_v4_trace_diagnostics,0,0,0,0,0,0,0,0,0,0,0,0,0,1568929
V3_random,0,10000,7,0,128,1,0,layerkeysort_v4_trace_diagnostics,0,0,0,0,0,0,0,0,0,0,0,0,0,120950
V3_random,0,100000,7,0,128,1,0,layerkeysort_v4_trace_diagnostics,0,0,0,0,0,0,0,0,0,0,0,0,0,1546143
V3_equal,0,10000,7,0,128,1,0,layerkeysort_v4_trace_diagnostics,0,0,0,0,0,0,0,0,0,0,0,0,0,123617
V3_equal,0,100000,7,0,128,1,0,layerkeysort_v4_trace_diagnostics,0,0,0,0,0,0,0,0,0,0,0,0,0,1568929
V3_duplicates,0,10000,7,0,128,1,0,layerkeysort_v4_trace_diagnostics,0,0,0,0,0,0,0,0,0,0,0,0,0,124711
V3_duplicates,0,100000,7,0,128,1,0,layerkeysort_v4_trace_diagnostics,0,0,0,0,0,0,0,0,0,0,0,0,0,1581228
V3_alternating,0,10000,7,0,128,1,0,layerkeysort_v4_trace_diagnostics,0,0,0,0,0,0,0,0,0,0,0,0,0,146639
V3_alternating,0,100000,7,0,128,1,0,layerkeysort_v4_trace_diagnostics,0,0,0,0,0,0,0,0,0,0,0,0,0,1889653
V3_priority,0,10000,7,0,128,1,0,layerkeysort_v4_trace_diagnostics,0,0,0,0,0,0,0,0,0,0,0,0,0,120950
V3_priority,0,100000,7,0,128,1,0,layerkeysort_v4_trace_diagnostics,0,0,0,0,0,0,0,0,0,0,0,0,0,1546143
V3_managed_churn,10000,10000,7,0,128,1,0,layerkeysort_v4_trace_diagnostics,0,0,0,0,0,0,0,0,0,0,0,0,0,264563
V3_managed_churn,100000,100000,7,0,128,1,0,layerkeysort_v4_trace_diagnostics,0,0,0,0,0,0,0,0,0,0,0,0,0,3323871
endpoint,0,10000,7,0,64,1,0,lks_capacity_64_diagnostic_trace,493800,10311,2757,311,0,0,303,0,65,2,11,1,0,0
random,0,10000,7,0,64,1,0,lks_capacity_64_diagnostic_trace,472451,10231,1620,231,0,0,7,0,65,2,9,1,0,120598
local_drag,10000,10000,7,0,64,1,0,lks_capacity_64_diagnostic_trace,621620,20850,4714,396,257,161,334,715,159,4,11,1,1,0
distant_drag,10000,10000,7,0,64,1,0,lks_capacity_64_diagnostic_trace,1384455,30993,6248,475,518,233,371,0,159,4,18,1,1,0
churn,10000,10000,7,0,64,1,0,lks_capacity_64_diagnostic_trace,949977,20869,6007,460,409,225,364,0,95,2,11,1,1,0
equal,0,10000,7,0,64,1,0,lks_capacity_64_diagnostic_trace,493800,10311,2757,311,0,0,303,0,65,2,11,1,0,73671
duplicates,0,10000,7,0,64,1,0,lks_capacity_64_diagnostic_trace,491826,10303,2544,303,0,0,212,0,65,2,12,1,0,124677
timeline,10000,10000,7,0,64,1,0,lks_capacity_64_diagnostic_trace,932670,20448,3802,375,73,51,335,0,95,2,11,1,1,0
endpoint,0,10000,7,0,128,1,0,lks_capacity_128_diagnostic_trace,970440,10155,1220,155,0,0,148,0,129,2,10,1,0,0
random,0,10000,7,0,128,1,0,lks_capacity_128_diagnostic_trace,929781,10122,753,122,0,0,9,0,129,2,8,1,0,120463
local_drag,10000,10000,7,0,128,1,0,lks_capacity_128_diagnostic_trace,1101239,20080,2091,196,134,84,165,715,319,4,12,1,1,0
distant_drag,10000,10000,7,0,128,1,0,lks_capacity_128_diagnostic_trace,2666879,30596,3094,257,339,134,205,0,319,4,15,1,1,0
churn,10000,10000,7,0,128,1,0,lks_capacity_128_diagnostic_trace,1845322,20487,2597,227,260,104,178,0,191,2,10,1,1,0
equal,0,10000,7,0,128,1,0,lks_capacity_128_diagnostic_trace,970440,10155,1220,155,0,0,148,0,129,2,10,1,0,63736
duplicates,0,10000,7,0,128,1,0,lks_capacity_128_diagnostic_trace,964378,10144,1006,144,0,0,69,0,129,2,10,1,0,121907
timeline,10000,10000,7,0,128,1,0,lks_capacity_128_diagnostic_trace,1828158,20233,1714,187,46,29,167,0,191,2,10,1,1,0
endpoint,0,10000,7,0,256,1,0,lks_capacity_256_diagnostic_trace,1917576,10077,530,77,0,0,71,0,257,2,9,1,0,0
random,0,10000,7,0,256,1,0,lks_capacity_256_diagnostic_trace,1830778,10063,354,63,0,0,16,0,257,2,7,1,0,121518
local_drag,10000,10000,7,0,256,1,0,lks_capacity_256_diagnostic_trace,2053400,19694,915,98,68,40,77,715,639,4,10,1,1,0
distant_drag,10000,10000,7,0,256,1,0,lks_capacity_256_diagnostic_trace,5442253,30321,1477,139,182,80,93,0,640,4,14,1,1,0
churn,10000,10000,7,0,256,1,0,lks_capacity_256_diagnostic_trace,3680518,20258,1293,124,134,65,85,0,383,2,9,1,1,0
equal,0,10000,7,0,256,1,0,lks_capacity_256_diagnostic_trace,1917576,10077,530,77,0,0,71,0,257,2,9,1,0,53865
duplicates,0,10000,7,0,256,1,0,lks_capacity_256_diagnostic_trace,1900116,10065,364,65,0,0,20,0,257,2,8,1,0,118838
timeline,10000,10000,7,0,256,1,0,lks_capacity_256_diagnostic_trace,3618182,20116,755,93,23,15,82,0,381,2,9,1,1,0
